pdb_id,chromophore_type,tau_megley,phi_megley,phi_cd2,convex_area,eccentricity,circularity,major_axis,minor_axis,barrel_length,em_max,ex_max,lit_qy,b_factor_ratio,chrom_contacts,color_class,resolution
1B9C,CRO,2.383488765761249,-3.1882987625983543,179.09257254912202,659.7977328178782,0.3904018348986225,0.9243174396957622,31.503251328894734,29.0032969830716,45.814351100646824,507.0,488.0,,0.8595174271536451,130.0,green,2.4
1C4F,CRO,0.44922026983424834,-0.12631890706915175,-179.34859217600956,645.2166862882349,0.3124163651726707,0.9206920180314472,31.127179168404645,29.56911659943005,46.94221253552581,507.0,488.0,,0.742900813269589,110.0,green,2.25
1CV7,CRF,34.64550029533548,-36.29992872910393,167.1358164572366,679.622255867955,0.3647539643027602,0.9388999522796428,32.116817950595575,29.904095707190233,52.56238967807992,476.0,434.0,,0.5174254090813529,107.0,cyan,2.5
1EMA,CRO,-17.55712010573635,13.024501170160837,-171.99442591879327,681.167373923718,0.2755079344360648,0.9537808339886358,31.56192581921959,30.34044133660016,47.44909780469579,507.0,488.0,,0.5351219946479813,107.0,green,1.9
1EMB,CRO,-7.14030010130317,5.685861550009507,-176.10775422596922,684.3266772675692,0.1636144578990931,0.9148205033099356,31.54314682026296,31.11808266998173,47.49086751373777,507.0,488.0,0.79,0.5875321913990156,107.0,green,2.13
1EMC,GYS,0.2863298134965408,0.7888289975201576,-179.20392687700866,684.215200181884,0.2138095882077248,0.92374530380869,31.616205442385525,30.88509192797131,46.48073430126005,507.0,488.0,,0.3423159871143031,97.0,green,2.3
1EME,GYS,0.5589024645915548,5.282585298377452,-171.264764812678,770.299736923681,0.3031566046943394,0.9324450871929978,32.43307136944183,30.9067953559336,46.292675578338184,507.0,488.0,,0.2716655916289929,98.0,green,2.5
1EMG,CRO,-3.9547527139399685,4.188976161904558,-178.22932472677027,660.4744566588838,0.3042614292595332,0.9371549991976084,31.458531639915275,29.967037652164127,47.334229955188086,507.0,488.0,,0.6731338343182883,113.0,green,2.0
1EML,GYS,0.42451329781781677,4.284392629698002,-175.59210638926413,800.1164739385804,0.2836368166219652,0.8981722828677763,32.15395979322911,30.83345385770519,46.662104674890045,507.0,488.0,,0.5621712177053728,97.0,green,2.3
1EMM,GYS,0.20317701021366083,-0.6497236430817593,177.73499412909973,854.597832089959,0.2718004517449863,0.9086217492984994,32.5242361093277,31.299816771623583,46.342365092131914,507.0,488.0,,0.3635704715165737,105.0,green,2.3
1F09,CR2,-5.140145256908791,2.9354814027434166,-179.2902735283314,824.4146304420728,0.3218539885438845,0.8894610194265372,32.61754674812244,30.881944795348737,47.21528181647969,507.0,488.0,0.79,1.023262261769319,129.0,green,2.14
1F0B,CR2,13.26159554478886,-16.717904037172673,168.93443528004056,736.285897811261,0.3297162292448184,0.9436033849556836,32.71986677208643,30.89017462554328,46.83705375512126,507.0,488.0,0.79,0.8238364912428556,120.0,green,2.1
1G7K,CRQ,-0.0009165894373275824,-3.5242144723258555,178.21223700174826,720.2000235714816,0.5375840847915122,0.9098550912254328,33.898271535890345,28.583366520303574,46.391754350346105,518.0,503.0,,1.0699490156030038,121.0,green,2.0
1GGX,CRQ,-2.0115462085299893,-2.362155032719027,178.0391833543721,766.4192510854065,0.579954540589347,0.8998872762857478,34.90080523320346,28.431900462660693,46.393823554028984,583.0,558.0,0.79,0.9924945672836508,116.0,red,1.9
1H6R,PIA,-7.3102537081421195,-4.201266840668776,-179.22216437658471,750.7911411625711,0.3263654246555541,0.924334227014252,33.66397009339213,31.820654885621167,47.08275440465129,507.0,488.0,,0.9469189303722408,141.0,green,1.5
1HCJ,GYS,-2.9810231674980505,3.402922341986089,-178.9641783577644,726.0859068917769,0.3190411173067681,0.9325843530101632,32.42833197669161,30.733655710778812,48.13415206628155,507.0,488.0,,0.7646338949927111,95.0,green,1.8
1HUY,CRO,-1.6819564037932877,-0.5828992973937548,-179.49731153608633,696.4177657629754,0.3624971312960124,0.96094612073863,32.2179465996196,30.026639324574965,52.6134913599148,507.0,488.0,,0.5706196921300214,118.0,green,2.2
1JBY,CRO,-0.1287250059514214,1.9273432243812847,-174.64937068066118,800.7424173933591,0.3417234292850539,0.9269712957021458,32.494357447762255,30.538215417896335,45.61695295552849,507.0,488.0,,0.7445533446296184,105.0,green,1.8
1JBZ,CRO,-1.862188484246812,1.4203206271359334,-178.7391118300017,861.7611519283244,0.2865029802441766,0.9376667063982608,32.909217991219,31.5296422063337,46.26777155605677,507.0,488.0,,0.8715537605804972,114.0,green,1.5
1JC0,CRO,-1.6849956471508323,1.6427276439180425,-177.12955202436007,674.8392069258825,0.354758686324807,0.947598063339018,31.388667260030644,29.347082420279843,47.904247704499575,507.0,488.0,,0.7870396946210614,113.0,green,2.0
1JC1,CRO,0.8059605611882743,0.47402250224601467,-179.46527595127193,706.3167548973811,0.4116473972250251,0.942118306879963,32.26344403565473,29.40307019190407,47.95594959446218,507.0,488.0,,0.7779286848265976,114.0,green,1.9
1KP5,GYS,-1.2035277669538043,-166.91263512855372,11.944673101163323,877.6396821053005,0.4921780830575868,0.8716961404799233,34.973189144196816,30.443970003322583,50.115375683062354,507.0,488.0,,0.7440018315605721,98.0,green,2.6
1MOU,CRQ,-169.47983112272405,136.62774967077897,-43.14123462355245,787.4908653260411,0.5725511243712604,0.9152809365649218,34.30974155791863,28.12949418807643,46.81002870080846,518.0,503.0,,0.9023157155785974,132.0,green,2.2
1MOV,CRQ,-169.18144094914018,137.41371514550065,-42.43694547687189,727.1409879153857,0.6306798022394294,0.913010463397802,34.680043242644686,26.913210366273994,46.70452317510538,,,,1.022093584450252,125.0,,2.4
1MYW,CR2,-0.7796261178646369,0.40684391039302537,-179.0906620076684,668.3093114783265,0.3782676826415315,0.9308834378794172,31.9766181775268,29.60063575923532,48.57151463929529,527.0,514.0,,0.7451504322657746,109.0,yellow,2.2
1Q4A,CRO,-1.6669911411549916,2.5756784428064283,-176.7270011220118,831.5866888338047,0.2520372889294258,0.9435511443422956,32.69760823326979,31.642048458807025,47.16186894927717,507.0,488.0,0.79,0.7026739874804314,119.0,green,1.45
1Q4B,CRO,-5.211534506713278,0.8920527774226346,-177.16355531928454,858.6884711315288,0.3244974125349144,0.9074706885526744,32.99849812768418,31.212836661827623,47.779103057862486,507.0,488.0,0.79,0.6294810563509877,111.0,green,1.48
1Q4C,CRO,-2.2550638462992136,1.1798739812351953,-177.78057204220113,786.9103821988383,0.3446506006543065,0.9489799961552196,32.67213452564592,30.67034678763406,47.37456404934868,507.0,488.0,0.79,0.8706939126107481,111.0,green,1.55
1Q4D,CRO,-3.2301332470316515,2.466013666092992,-176.0806764380267,767.8218051327856,0.3742410716677944,0.9191865872484896,32.82603850050488,30.440617917913045,47.42896896049875,507.0,488.0,0.79,0.7868987877114778,113.0,green,1.58
1Q4E,CRO,-2.2429023472396503,3.7437841356793253,-175.32731381313954,784.9994453781454,0.1769274761601807,0.943569788053223,32.38572942472052,31.87480863655751,47.167714474438185,507.0,488.0,0.79,0.6664605011017571,122.0,green,1.38
1Q73,CRO,-1.157685105279463,3.328426246386333,-175.7383632331322,787.0099034490116,0.2186910712796364,0.9356799872380256,31.971013558709544,31.19712787186086,47.60663651102392,507.0,488.0,0.79,0.7978555213117416,115.0,green,1.6
1QYF,CRO,11.130628217281695,-5.879669203551637,173.9687050921977,779.895348172002,0.2602286389961782,0.9374209514019062,32.76230652828269,31.633547565908852,47.23582714188868,507.0,488.0,,1.1741118638728536,102.0,green,1.5
1RMM,CRO,-2.0628836141492646,-178.94826150178952,-1.069618194289355,698.8755768157985,0.3394658470895731,0.930585102669058,31.84611413860862,29.955040321940203,47.29066245797355,507.0,488.0,,0.9649614283795154,105.0,green,1.9
1RMO,CRO,-2.046548011231301,-178.02296338468267,0.5284813499095,678.3215115858643,0.2577731046503192,0.943095143697816,30.947142431737703,29.901298558830696,46.26397657574867,507.0,488.0,,0.857634275671851,104.0,green,1.8
1RMP,CRO,0.9330270693715568,-178.92883869588712,-0.40047999580295524,704.5192858578462,0.2646171463799454,0.9124153133627452,31.966966964414855,30.827458015930173,46.25778910207557,507.0,488.0,,1.101635608097446,89.0,green,3.0
1S6Z,CR0,15.18588163279487,-69.61634598888543,168.04864769807133,769.341756976541,0.3815309760865141,0.9463587569922312,33.04818487780204,30.54828976050257,48.59306165926701,507.0,488.0,,,,green,1.5
1UIS,NRQ,-176.18400773401945,173.20257339247274,-7.0816210183366515,749.7650272711459,0.4928460742008319,0.9073958682144604,33.576191291498546,29.21519850470035,48.07061718479863,583.0,558.0,,0.8305571615128814,138.0,red,2.0
1W7S,GYS,-0.15532651728891153,0.05764909499263268,-179.88336934192148,750.3533070172559,0.4653078237139339,0.9369799151787592,34.28321438193184,30.345750544759312,46.979247729686946,507.0,488.0,,0.6425901177883403,108.0,green,1.85
1W7T,GYS,-0.005968233680329139,-0.06744336116860142,179.99826538827827,750.9140648254622,0.42251537093034,0.9383390645839658,33.858545532399056,30.68788772447633,47.07839011214727,507.0,488.0,,0.945662957898188,100.0,green,1.85
1W7U,GYS,-0.07537335211596465,0.038494286756691455,179.9593921600617,743.367315938829,0.4510833445246557,0.9333606898185782,34.34086583734237,30.648598774989093,47.050149023910095,507.0,488.0,,1.0373930240711575,97.0,green,1.85
1XA9,CH6,-1.5786748654874674,0.8177281763817043,177.88884979139752,717.9750259013764,0.5408810449067526,0.9337334476865884,33.28068935299557,27.99235784714372,48.297555221013475,527.0,514.0,,0.802804897907078,135.0,yellow,2.5
1XAE,CH7,-0.11005290370820514,0.039689086868341286,179.8688620980311,576.4677006423011,0.5564497070293928,0.9415843023518724,31.535746728114955,26.202462026467025,47.56934038338662,527.0,514.0,,1.2922227862182802,86.0,yellow,2.7
1XMZ,CRK,-171.74055178757058,163.28102534172427,-8.139277761520182,656.9064574770575,0.5632018111690802,0.8776836215692984,31.901265333146867,26.360633832461367,47.978013394614,489.0,458.0,,0.8054924790733495,98.0,cyan,1.38
1XQM,CH6,-158.9228969508033,148.82223459083187,-31.07565618520174,787.0633661569835,0.5782077715985019,0.9251484183728168,35.65495194457941,29.0905030264859,48.175409034869745,507.0,488.0,0.79,0.902748039082754,116.0,green,2.1
1YFP,CRO,-4.66782640264423,2.344923435830542,-178.81261539600712,689.9291666073927,0.3546025740042771,0.9207660162461792,32.08937112696214,30.004111370593563,47.055443224350014,527.0,514.0,,0.6723184037486568,120.0,yellow,2.5
1YZW,CRU,-174.33183670727072,131.87046999685674,-47.238735652894555,832.6475033214124,0.3883017984445568,0.9391412105928398,32.78508339520448,30.212512121839993,46.75913606728707,583.0,558.0,,1.0513252202770331,122.0,red,2.1
1Z1P,CR0,3.309457271739264,-19.568554121486592,-177.8260700189455,721.0156312413438,0.3595238528148606,0.944610627768013,32.218940586564386,30.06464997262047,48.34613710281104,507.0,488.0,,,,green,2.0
1Z1Q,CR0,-6.510421789806258,-7.620861504467924,178.01157380484435,830.999774291566,0.3003014323333521,0.9245650857158696,32.5964112090692,31.09190275964089,47.89796469506104,507.0,488.0,,,,green,1.5
1ZGO,CRQ,-4.80504414237986,-3.30918968133645,176.51101510691592,727.0102801959127,0.5642918288094023,0.9124464904722944,33.51017847357487,27.665178811770023,46.65197021342831,583.0,558.0,0.79,0.8503761532700963,195.0,red,1.4
1ZGP,CRQ,-1.133883103571703,-0.4848002027829199,179.722956422972,753.4291795516938,0.5570623991808052,0.885921813782145,34.61646819992717,28.747960490464973,46.47367474286777,583.0,558.0,0.79,1.0158794131770954,130.0,red,1.9
1ZGQ,NRQ,-0.22802738833203945,-0.3161487939431147,179.66119883664294,803.0677023255032,0.5350395576378978,0.9135362878996294,34.76254688721433,29.36833844254722,46.572989665262895,583.0,558.0,0.79,0.8150101290558022,134.0,red,1.9
2A46,CR7,1.7315983589675106,1.6583219489085324,-177.51302558012637,733.8835644734284,0.5236098553133406,0.871842600292328,33.317357688467425,28.384995007073325,47.38098963756603,476.0,439.0,,0.6999475177052454,146.0,cyan,1.65
2A47,CR7,-162.03827366844857,135.33138480932962,-46.21491554750039,698.4243711726925,0.4666048137829028,0.9331538468094008,30.94275355785783,27.367810714986312,46.99427204568976,,,,0.9681562575960164,256.0,,1.72
2A48,CR7,-0.12822394788634198,-0.6088945793918056,-179.54924173065442,699.0249665288612,0.5150833718022768,0.9208497829087792,32.707856089858694,28.03521444941424,46.82646156243932,,,,0.7846458475914981,137.0,,2.0
2A50,NRQ,-164.90157403623053,152.97909356647952,-29.327974683313577,699.5212651166182,0.6323454149363879,0.809951331714891,33.79080495549305,26.177282667916536,47.49014707456399,,,,0.7491810870718408,84.0,,1.3
2A52,NRQ,-15.238553659372187,-169.85327899824173,12.586048395166207,623.3220498324736,0.2464271740551322,0.8440327697976499,29.71911892370464,28.80262027546351,47.934742321067034,,,,1.3813563508553086,66.0,,1.7
2A53,NRQ,-160.38654786531765,149.67805279390808,-29.998887676602966,711.1883563241739,0.6142643763872379,0.8291507735820526,33.3175701670404,26.29090445451445,47.62184797642277,,,,1.0738859824774805,83.0,,1.45
2A54,NRQ,-28.734396435257132,-160.92861029152485,19.649778613043903,713.1531062293093,0.5547916544507326,0.8289076507513018,30.214786636170913,25.138379634077335,47.63820650688372,,,,0.9090823361958272,177.0,,1.45
2A56,NRQ,-31.184835633644973,-161.43192571868445,19.814444558133353,704.8154500471348,0.6622999807399514,0.8524331281198158,33.89408645558229,25.39476366979481,47.87505290348418,,,,1.214068155048245,87.0,,1.9
2AH8,GYS,0.7533454394034128,-0.6880513925600715,179.4653886744648,669.418064003099,0.3556033497475297,0.92593625020725,31.77436712566363,29.697498077290454,46.487228531743035,507.0,488.0,0.79,0.7489804770994651,118.0,green,2.24
2AHA,GYS,-1.0286191870862027,0.19129292325833963,-179.84483020631586,707.8049541501105,0.4668576535004404,0.9539031048617018,33.33290473669528,29.477370239508723,48.71157662786528,507.0,488.0,0.79,0.7678429766672002,101.0,green,1.98
2ARL,CRQ,-163.8026073698375,131.90412425340367,-47.78913459086569,719.7123493996918,0.5797100520578068,0.9083947400844402,33.442239298254954,27.24950029748507,46.49096642146388,,,,0.9662668778179632,121.0,,2.0
2AWK,CRO,-9.253576102837691,7.833253642111976,-172.0173289154711,893.4353856048388,0.3567598281216903,0.9380034786471072,34.1648903130279,31.916708599968818,46.89847854767078,507.0,488.0,0.79,0.7361797154957055,98.0,green,1.15
2AWL,CRO,-4.736384817374274,3.1113131031487065,-177.01009229334468,862.3513716628253,0.359483853916297,0.9371266818009872,33.91753842695085,31.65019525913222,46.97727778377913,507.0,488.0,0.79,0.6821310681270798,105.0,green,1.85
2AWM,CRO,-10.666545121421002,10.542776818131426,-169.57473808369897,846.9629732871897,0.3467177999238089,0.9398891591947296,33.681901560096875,31.592596083228695,46.79372292166117,507.0,488.0,0.79,0.6745709371288321,109.0,green,1.7
2B3P,CRO,-1.400445389384236,-0.39998870710266743,-179.20451229477771,841.7112057818503,0.4112943421526326,0.938810796573976,34.94546502948602,31.852881740062443,50.09832961787112,510.0,485.0,,0.7592123872602125,114.0,green,1.4
2B3Q,CRO,-1.063666484944973,-0.18423023796896873,-178.9765790176644,739.6620382250313,0.2981418700744949,0.94799091875967,32.239588112109345,30.773382222305173,46.683512499852995,507.0,488.0,,0.6606472125140357,95.0,green,2.3
2BTJ,RC7,0.121522433962123,-175.55160064899778,2.779633259643369,683.1393942827651,0.6360896735182511,0.8832978160716964,31.75553006978739,24.503047841610144,47.49326225567426,518.0,508.0,,0.8746382034055851,92.0,green,2.0
2C9I,CRQ,0.4501921487218976,179.847788575795,-0.4683042714373201,841.6881019312864,0.4713538753371632,0.902603489439957,34.53171204485551,30.455042220029448,48.94183557522217,489.0,458.0,,0.8787880864978005,110.0,cyan,1.82
2C9J,CRQ,-13.250308990349833,-166.71408703961816,14.509888965034405,726.6558944965656,0.4192592692753175,0.8845419621555238,32.10479992832347,29.146873817071537,45.12233529443507,,,,0.9624869763252824,172.0,,1.35
2DD7,CR2,1.606246603004988,1.0918051278723344,-179.1544817159403,852.1543538171977,0.3585667176199812,0.9423146060555452,34.485952045594736,32.19277770636326,46.56101376784831,507.0,488.0,0.79,0.6122283182318558,114.0,green,1.9
2DD9,CR2,1.5698266688604423,2.871829316002208,-177.2143100276058,786.2155725188743,0.4109430366140036,0.9424546459919648,34.031750039091634,31.025420051405323,46.72079408019359,507.0,488.0,0.79,0.6096757227777867,101.0,green,2.3
2DUI,GYS,-15.07598915352898,9.472147781757323,-167.73484192183864,794.2535785614245,0.2679607346437895,0.9484689179013298,33.033782642411275,31.82573172153391,46.77561592498127,507.0,488.0,,0.6460414835127889,99.0,green,1.36
2G3O,CR2,-3.4257675801594663,4.166200944705634,-174.33399914892857,652.1021289266307,0.4541613392090489,0.9087590331612944,31.66029205220243,28.2067701877366,47.358299257355675,507.0,488.0,0.79,0.9054655714220214,119.0,green,2.1
2G6X,CR2,0.14183168094041798,-0.5947512231298882,-179.87782305665905,633.8009442780091,0.3885800159679249,0.9184647192035384,31.32393813493539,28.862345929082988,46.835710155293896,507.0,488.0,,0.7496918498863535,105.0,green,2.0
2G6Y,CR2,0.3954535288533893,-1.9821865360375257,-179.66878706382585,786.5174158537518,0.4603987888809914,0.8894772242937238,33.34031006784908,29.59660009606264,46.891049602602024,507.0,488.0,,0.7619257612018937,103.0,green,1.6
2GW4,RC7,-0.8019038876436537,0.4881934647864982,-178.21327546986112,653.4198842792074,0.5987199728827887,0.8472274127586593,31.57179495731404,25.28769507460093,48.54529170167151,518.0,508.0,,0.9208390783307308,92.0,green,1.6
2GX0,GYC,-0.9650705442291337,0.46914014474062177,-178.60410810526022,708.8675235150642,0.5109456420284935,0.9082087621855196,32.74781535866539,28.150448587221018,45.966473827534784,507.0,488.0,0.79,0.6923948665965021,123.0,green,1.9
2GX2,GYS,-0.8539158634377195,0.6616749202317639,-178.32468608659866,771.8373393007976,0.5204372596872784,0.9077462842847804,33.891842914822476,28.94024166294877,46.1257976879953,507.0,488.0,0.79,0.7801645637657958,123.0,green,1.8
2H5O,CRO,3.745392118066282,-3.2217186376198055,179.20722121239132,690.6555548177803,0.5550979917259857,0.9287619813406772,34.698808146379534,28.861946743989325,50.194113493921414,562.0,548.0,0.69,0.7377476454553809,112.0,orange,1.08
2H5P,CRO,-9.357761347539203,6.222191140939254,-169.20345025582375,864.9891634989893,0.693086524662975,0.8473482762471082,40.343082928699445,29.08148893193536,46.242677809260606,596.0,574.0,0.29,0.9055963568422868,112.0,red,1.21
2H5Q,CH6,-26.197385913003835,13.115215146231726,-164.3245396084713,872.9590503235281,0.5102902373329754,0.9346181766082524,35.232910095957465,30.300382031903677,46.988153230011456,610.0,587.0,0.22,1.175667908402389,129.0,red,1.36
2H5R,CRO,-36.64100897819778,28.262190192111262,-158.75250500678308,936.1941682577968,0.7132465631135478,0.8291369241472332,39.78785572430524,27.88783402254923,46.185425350129776,596.0,574.0,0.29,0.6772328786101132,226.0,red,1.6
2H6V,CRO,4.625705535432891,-7.585484202814409,173.01576210390957,869.8394431826227,0.4380684779137211,0.910544714278414,34.94479673611568,31.41333165383531,53.334699716553295,507.0,488.0,0.79,0.7326297361541508,125.0,green,1.47
2H8Q,CRQ,3.3723141822063,-1.528155735778927,173.05910560124158,725.7528839163474,0.5295374122365472,0.8882720118835105,34.029222796994816,28.86653317161208,46.15664887489563,583.0,558.0,0.79,0.9860541733598428,132.0,red,2.0
2H9W,CRO,3.2520976307038696,-2.811012613628937,177.12695983037494,742.3751340767093,0.1982311594592438,0.9409021483201478,30.462981347321374,29.85845254836181,54.9476265942753,507.0,488.0,,0.6567134996016946,253.0,green,1.82
2HJO,CRO,-8.465581455355315,7.178624832616172,-172.53479849963452,819.0068230397552,0.2937421238101851,0.939675726936344,32.87428116025301,31.424022470655498,46.41838848378829,507.0,488.0,0.79,0.6312280365375559,127.0,green,1.25
2HPW,GYS,-0.46785044878328047,-178.55000147489883,-0.8091996184608589,809.4056344641874,0.4308635705382697,0.9382776753311588,33.8321906192732,30.53074661817215,46.550268419535016,507.0,488.0,,0.7369533576490434,108.0,green,1.55
2HQK,PIA,-2.5160562089076013,16.808430336409163,-164.5237668919405,888.1398434464627,0.5060885080361489,0.942994470942225,36.82134641531144,31.757731885463,46.76219180715092,476.0,439.0,,0.7066369131450816,111.0,cyan,1.19
2HQZ,CRO,-7.360802726756656,7.141352257601464,-172.55560325142687,959.476724082412,0.3680361467864618,0.9340219355704412,34.33919865645095,31.92898124144929,48.133738753047496,507.0,488.0,0.79,0.7045453512445111,144.0,green,1.2
2HRS,CRO,0.36871844675161763,1.2848953175960771,-176.79663863037888,805.2364809333801,0.1557237920606489,0.9316153119417344,31.773154307704452,31.38554209888429,46.51943128095459,507.0,488.0,0.79,0.6799216965620833,131.0,green,1.4
2IB5,CRQ,-179.05642223951122,-34.60802889854734,147.27547445676586,844.8853010434383,0.6485519174286106,0.8864080258931382,37.993323055488254,28.91939372016843,48.733445409880986,,,,1.4195598481322844,135.0,,1.8
2IE2,GYC,-1.8193170801847722,7.388269058941596,-169.8826676774832,709.0260713177737,0.5143709906023376,0.9066574370341816,32.82806882133977,28.152293846863422,46.93024226552267,507.0,488.0,,0.8383676846878768,119.0,green,1.7
2IOV,GYC,-13.408687477618171,20.34470899840857,-161.18046221910697,795.8471237538176,0.2985993272096164,0.9514936539902764,32.41290882228384,30.934185349148404,49.927840788439795,518.0,503.0,,0.9486021085862651,116.0,green,1.8
2JAD,PIA,-6.044389474292096,8.754856902561526,-172.37044279172545,883.2685204698098,0.7196300303731722,0.899861020709876,41.947472463123454,29.12655061617225,86.17076170995642,527.0,514.0,,0.9883038711528052,125.0,yellow,2.7
2O24,CRO,-8.116311478642256,7.471613347152722,-174.17715289721335,775.805026888422,0.3933484806811228,0.9457667454001968,33.2368273967279,30.55758867646843,52.511346983449265,507.0,488.0,0.79,0.6366510824801671,127.0,green,1.45
2O29,CRO,-11.194553714726508,7.656155205039079,-173.13117026086144,756.5432856400319,0.4724297444796028,0.9479846020736832,34.11537241290048,30.068208876764956,52.85066826299084,507.0,488.0,0.79,0.7835283620049658,122.0,green,1.8
2O2B,CRO,-12.327812219739615,7.07766355893372,-174.52203567247997,741.9987911833849,0.4532733644563677,0.930233326646947,33.74947466730468,30.083321866291794,53.06155150963802,507.0,488.0,0.79,0.8597317137030372,127.0,green,1.94
2OGR,CH7,-3.1738484817576063,-2.3666413989160273,-179.01457890412547,743.9976669850804,0.5896941885177084,0.935826491249952,34.83647836698414,28.134867420640497,47.74884922130673,527.0,514.0,,1.0506348946674666,90.0,yellow,1.8
2OJK,NYG,-2.5470543325458914,-172.1647752009719,1.9851835110013654,739.6376417146377,0.5945793286207188,0.903774453904266,34.118838524555706,27.432806971159124,47.74132218577732,507.0,488.0,,0.8694368060342804,134.0,green,2.2
2OKW,CRO,-1.8530506836851321,-0.4891414146881639,-179.19689166416853,783.9394889583455,0.4473558119367321,0.932301934530526,33.68799203773275,30.129060119491463,46.169852562455,507.0,488.0,0.79,0.7331195622948399,107.0,green,1.9
2OKY,CRO,-3.132502913068819,-0.24087213382230657,-177.26818679431338,737.025630435214,0.4157082119664619,0.9202280845967789,32.7450744909336,29.781581028470697,46.430159838193546,507.0,488.0,0.79,0.7094116469630045,104.0,green,2.4
2OTB,PIA,-15.138700147043318,18.834654063615186,-162.80944747642067,790.3046015243539,0.4284498742113254,0.9126798191767111,33.118592606212225,29.92481938270447,46.53636296617762,476.0,439.0,,0.7279787953734518,116.0,cyan,1.79
2OTE,PIA,-164.21413029478725,-67.02906828020748,112.89496335012237,716.7358856917255,0.4171753130490001,0.9552012365086636,32.454096089586535,29.495127402341904,46.64946152340059,476.0,439.0,,1.1257758422265556,103.0,cyan,1.47
2P4M,CRQ,-178.1979361612635,147.4324806506899,-30.144894958420906,695.8341612278398,0.6430157982481773,0.9042679557866196,34.807713179259736,26.657588507131795,46.603982491804786,585.0,554.0,,0.9525946308047866,133.0,red,1.8
2POX,GYC,-163.91380529024028,140.63235413374582,-42.87901577360463,772.5780723919755,0.5073504484667275,0.9271285393935847,34.086562149920155,29.37374803170447,49.74566126388848,518.0,503.0,,1.843642119522005,114.0,green,1.946
2Q57,CRF,0.9971312516554741,179.9358026589118,-2.5377532334935164,738.5688284701422,0.5057365598448315,0.9465338525616054,33.91180870777581,29.25530938274524,48.869395276189735,507.0,488.0,0.79,0.8740748184235478,126.0,green,2.0
2Q6P,CRO,-1.4450952299504793,0.044227063619291386,-178.6656752757216,721.7928940477186,0.450540368200373,0.9307804425974278,33.00294993011612,29.46358343625625,45.66153929872971,510.0,485.0,,0.5115264643264658,108.0,green,2.1
2QLE,CRO,-17.02670043068903,17.690554185033843,-163.12477131510306,802.6852045598096,0.4227655301973029,0.9271922619667836,34.6892564263147,31.436760525523187,49.97281184386174,507.0,488.0,0.79,0.6693360540016838,105.0,green,1.59
2QLG,NRQ,3.2183846333154205,-1.8314545895340775,174.21542831373552,785.5472101408798,0.4223043997079172,0.917500377016309,33.555954544012444,30.416931809181538,46.303947801114106,649.0,590.0,,0.9506179575700292,115.0,red,1.8
2QLH,NRQ,3.4247329359700998,-3.6168752865751004,175.12754268164943,779.3237768095095,0.472480571740248,0.8946968531598409,33.873159152964,29.853806863676883,46.30891102090097,649.0,590.0,,0.7897395399451722,113.0,red,1.9
2QLI,NRQ,-10.983971114286742,3.9909939630108253,-176.96136784178927,760.639728344575,0.3962595992309658,0.926254536752364,33.12348260389622,30.41194508070197,46.55563332636807,649.0,590.0,,0.7746714592714512,132.0,red,1.34
2QU1,CRO,-7.432106085761829,1.946228294617698,-169.0852974564504,853.6575271080574,0.3116871246351689,0.9431024390388828,33.72975432482075,32.04949955099064,54.2366391795356,507.0,488.0,0.79,0.7406133162843591,114.0,green,1.7
2QZ0,CRO,10.082368970605541,-11.043552186955644,169.10720852613434,906.0545236213318,0.4322378250958589,0.9449816804734528,35.07431154214318,31.62859882610477,47.13975334425598,507.0,488.0,,0.9007117891996572,103.0,green,1.2
2RH7,CRO,-5.420191631984794,-3.0400093853771404,-175.301241592311,752.6716435185044,0.503286211710136,0.8791356668130339,34.56252471749257,29.866161153435147,47.09357629283897,507.0,488.0,,0.8134145041668154,113.0,green,1.5
2V4E,NRQ,6.291281008565194,-14.873186292818438,165.5315625299092,732.6176933656717,0.4849134153634802,0.9242523763852576,33.37785360439637,29.191007895113525,46.388123212490285,583.0,558.0,0.79,1.074401210189066,119.0,red,2.4
2VAD,CRQ,-10.137029610657423,-170.96546474690723,10.289754865490854,675.4257029643935,0.4933306981777803,0.9291261898239148,31.349469191134943,27.269079885326708,47.24389895818014,581.0,554.0,0.69,1.03464737340746,262.0,red,1.59
2VAE,CRQ,5.681594214446066,-5.821189243114742,172.31670419638803,795.7028417751393,0.4672597680579953,0.8938542487526414,32.633087955612886,28.851568210225267,46.50759643927422,583.0,558.0,0.79,1.242628721889856,288.0,red,1.64
2VVJ,RC7,-15.570988282273111,-155.32960194622873,25.030922988712952,752.4866000088005,0.6029210885981418,0.9287804322349764,32.98585708514517,26.316144089984025,47.4953919130178,,,,1.1099047737127763,78.0,,2.0
2WHS,CRQ,1.3071403833218573,-179.35191843738096,-0.8919382801502447,797.3840209002932,0.5966122905473799,0.9125673859249986,36.29604557233023,29.12865129411014,65.2306385776608,620.0,440.0,,1.0634030856949108,119.0,red,2.1
2WHT,CRQ,-172.47280844185295,147.39386808532865,-32.97062047274543,872.2939447234797,0.6024381490905809,0.9417035786984314,35.460999798422485,28.303749103258102,46.450036256294226,620.0,440.0,,0.6731373066192013,250.0,red,1.9
2WHU,CRQ,-160.77638248538778,142.64160195888724,-38.386105404325065,736.5498538760755,0.6264585469895805,0.9259312489149892,35.682305990884934,27.81274247452665,46.67447452459653,620.0,440.0,,1.120114526671094,124.0,red,2.65
2WIQ,CRQ,-27.87456710705395,-168.23329583535167,12.694782522766594,762.8767040135662,0.4759005067664386,0.9362215285507456,34.90233433262858,30.69657244218557,49.01063168749323,,,,1.2586418849368295,127.0,,2.0
2WIS,CRQ,107.75683381384027,125.05214467289493,-55.82359334250114,777.394207486201,0.3638303279586447,0.941563607790494,32.59003153740885,30.35648153236719,50.73622849957482,,,,1.0620990336358584,134.0,,2.35
2WSN,CRF,-6.617957789922134,6.858654423265994,-173.19782337448996,785.8924485541606,0.4653484500814592,0.9296620922470692,33.893212341297684,29.999816771673043,46.951629283383895,476.0,439.0,,0.6191455851144225,127.0,cyan,1.37
2WSO,CRF,-5.25521066605889,6.387025267898958,-173.68618675722286,779.1961563515478,0.4989262846084303,0.9356832941497728,33.992497155487264,29.459408213275367,46.66410704835021,475.0,433.0,,0.627796711509066,131.0,cyan,1.15
2WUR,GYS,1.0031563872504055,1.297343316145989,-176.35700035513173,855.6842289504907,0.2790696619278732,0.920572910149418,33.56808340899039,32.23445231018026,46.93369740807839,507.0,488.0,0.79,0.4925814527533357,117.0,green,0.9
2Y0G,CRO,0.3169407142075262,-175.04306242935925,1.8010507197560048,774.9209977975147,0.273307398464674,0.9389717027579856,32.12447205503375,30.901388892145174,46.51765268937375,510.0,485.0,,0.6758524026014057,130.0,green,1.5
2YDZ,CRF,-8.84413857972876,8.578174615782524,-171.39613521221722,708.0245070621478,0.457792388080018,0.9309577861961738,32.07087922035278,28.51290784775246,47.03525818963922,476.0,439.0,,0.6799727340559207,125.0,cyan,1.59
2YFP,CR2,4.025351901808477,-2.3535244255316057,177.39137019573715,641.6889380199955,0.3080471532329052,0.9219983626852324,31.6135818237797,30.076247806756243,47.62847677261789,507.0,488.0,0.79,0.7520918395154613,125.0,green,2.6
2Z1O,GYC,-15.12194067168395,16.918582711912503,-163.4525859211719,764.8474485951642,0.4536276030345458,0.8920793833588161,33.562965551988185,29.91102411799955,49.56860977435839,507.0,488.0,0.79,0.7803414905876359,124.0,green,1.75
2Z6X,GYC,-1.5521412507235668,2.6619834161885003,-176.84142508899896,819.318755973403,0.510178230627822,0.8892988903932978,33.38847803176879,28.716384978717432,46.34211232245776,507.0,488.0,0.79,1.2402342533881583,122.0,green,2.3
2Z6Y,GYC,0.44347753956620156,1.6940674638533681,-177.20027584107908,749.0858641130308,0.4839540181283031,0.8906719965953971,33.385788501715915,29.21568411806045,46.872847816011586,507.0,488.0,0.79,1.0321929925959528,115.0,green,2.0
2Z6Z,GYC,-12.580416134858215,14.646117617652159,-165.63034631487182,767.8339964386599,0.5489506943887815,0.9024277569920304,34.305979841266165,28.67481562979187,49.8998619801187,507.0,488.0,0.79,0.7816841284801747,122.0,green,1.8
2ZMU,CFY,0.15926512749064,-29.40509352862975,-25.456801314076046,812.6791837660617,0.5679286815762311,0.9340380407816736,35.01143003669721,28.817129699030065,47.7016321981598,507.0,488.0,0.79,0.7308572239269561,144.0,green,1.65
2ZMW,CFY,-0.6378966024472005,-30.487263088273895,-26.504369975195594,726.5751409194999,0.5245082482802124,0.9242905967762848,33.48867170694971,28.512434796080477,49.47070658611058,507.0,488.0,0.79,0.8544737965562188,147.0,green,2.0
3A8S,CRQ,-28.3833377560818,-156.35924172719012,24.445269258329645,674.9033676797211,0.5177588842989373,0.8839347931154116,33.73227004467551,28.858853797349116,47.53275083066846,,,,1.3619103446908007,130.0,,2.9
3ADF,CRQ,-30.971741448039392,-152.62262352761041,30.227858124467424,662.2160880159735,0.4126787693763509,0.9099073567193152,31.94243858334024,29.095620779667406,46.17697341357811,507.0,488.0,,0.8731432052992834,146.0,green,2.2
3AI4,CR2,-15.934943240753777,8.669037087119346,-173.65912657506686,999.1698944338908,0.6621148131619826,0.9264559176823072,41.73485144473389,31.276198311529004,49.04919613846179,507.0,488.0,,0.6348582155842027,101.0,green,1.6
3AI5,CR2,-26.240298748630615,14.071228774456632,-166.81730350005802,1127.3707873904948,0.6374798438682329,0.9028783475940922,42.67069482202904,32.87636362787647,77.12906264871759,507.0,488.0,,0.5687675734736354,108.0,green,1.4
3CB9,CRO,-4.415534124124831,2.280294001594415,-167.8149912077954,776.9017085701156,0.3303256557343003,0.9488836073248416,33.42513992799848,31.54888738903043,46.99936820323036,507.0,488.0,,0.6321717971798262,105.0,green,1.31
3CBE,CRO,-7.294254421257698,3.0514337634232422,-165.39553080170717,773.5028969728918,0.3001812009496505,0.9373980893264714,32.58432402250344,31.081606600741697,47.17225599555603,507.0,488.0,,0.6489867863346207,116.0,green,1.488
3CD1,CRO,-6.600401929864867,1.9270311443071204,-168.56685161070735,775.4428624375433,0.5248414422584333,0.9372284687242672,34.7488173972866,29.57819378676632,47.59286966602785,507.0,488.0,,0.678604783178499,106.0,green,1.312
3CD9,CRO,-6.549808767745965,4.715957907172478,-166.70003941538974,714.7874737615984,0.43004150350795,0.9417271869478688,33.04753104329066,29.835612384690663,47.46685190670392,507.0,488.0,,0.7098281172605199,111.0,green,1.502
3CFA,NRQ,-12.375591068986116,-162.26848148165587,4.747464145749926,633.9359410865433,0.5981449229028557,0.8365594874826154,32.79130146447839,26.278553956660694,48.79605287779335,583.0,558.0,,1.2299550970013369,94.0,red,1.75
3CFF,NRQ,-8.166383914815018,-164.06561093927638,5.770785023287586,607.1699103036738,0.6005383028117274,0.8350767948381674,32.41616237594451,25.919833439533196,48.72079426371146,583.0,558.0,,1.2259761093981387,80.0,red,1.8
3CFH,NRQ,-5.983330574998949,-173.15626090093517,1.2556878131258784,766.790454858603,0.5713788087596247,0.8740941587595972,31.388264970954193,25.75992389766836,48.40129556136111,583.0,558.0,,1.091665050857645,154.0,red,1.75
3CGL,CRQ,-0.08242971875546717,-2.6323094782144443,178.68608696630977,779.9750999848926,0.5001491267275829,0.8965881659372182,33.83457863743546,29.298690945468135,53.92995845235852,476.0,439.0,,1.0229696581671872,135.0,cyan,2.09
3DPW,CR2,-1.4277055776895564,-9.254605405383312,178.05863758025248,737.6265595685634,0.3275816274986765,0.9470395632127816,32.5112705124338,30.7173922853962,53.00979505343367,529.0,516.0,,1.0160453221922918,112.0,yellow,1.59
3DPX,CR2,-3.6265053743805975,-6.040495021802568,-178.28170290800756,797.0005524857862,0.3000535667454603,0.950123625957379,32.69756076071457,31.190934124447836,53.01187960461786,529.0,516.0,,0.5986819144773864,110.0,yellow,1.5
3DPZ,CR2,-9.498567942785726,-0.6160233304340397,-174.60514228406777,704.4637467767018,0.307397171868995,0.9391334406544986,31.764788169047968,30.226778557277584,53.12616635668911,529.0,516.0,,0.7136324614419216,117.0,yellow,1.7
3DQ1,CR2,-11.695533763944313,1.4053606459605685,-168.83300185897951,693.831618915869,0.4000034095805905,0.9322632403482652,32.30919939666302,29.61182229735894,52.71038154151843,529.0,516.0,,0.7504326150951147,116.0,yellow,1.7
3DQ2,CR2,-2.0787088576513946,-8.620101228084826,-175.53591505405578,740.2034645638255,0.3799423282371617,0.9240530629032728,32.44058564266803,30.00787186134872,52.711915364555786,529.0,516.0,,0.6375195385021589,113.0,yellow,1.6
3DQ3,CR2,-4.466546542199919,-5.255467961717567,-176.5363377712722,780.5190639401451,0.379838105309956,0.9197551007689106,33.55251586037238,31.037854745914657,52.848005222968,529.0,516.0,,0.7161833544674275,114.0,yellow,1.7
3DQ4,CR2,-8.51481825512631,-3.9942407937704534,-177.28164546202237,743.3378421384658,0.3804072539316082,0.9338613812440256,32.72859136626331,30.268025587603116,53.229414091198194,529.0,516.0,,0.7802852038086517,110.0,yellow,1.47
3DQ5,CR2,-8.242888704209253,-2.531565614959999,-175.77261235764885,737.4649357132806,0.4266082347222959,0.9254229109253868,32.96028297920868,29.810483551336137,53.33063880896515,529.0,516.0,,0.6854994605476273,127.0,yellow,1.5
3DQ6,CR2,-8.697884480651005,-4.55791510085202,-179.8976693497813,739.3395268768934,0.4535217360226774,0.9503176784844032,33.63704310901958,29.97885374964054,52.66075212822151,529.0,516.0,,0.6779280320327334,116.0,yellow,1.6
3DQ7,CR2,-0.5265025363818017,-8.06598516018726,-179.4495869955938,792.1432131847757,0.4128800176347041,0.9446119954821488,33.794083439525444,30.77915865992973,52.94807704436535,529.0,516.0,,0.6085731573788732,114.0,yellow,1.23
3DQ8,CR2,0.7472033678812132,-6.48206621954806,178.86928140564035,739.1651221516472,0.461319863012968,0.9420005696820156,33.231624499827454,29.484223633784804,53.25814012447823,529.0,516.0,,0.7982118256025049,124.0,yellow,1.51
3DQ9,CR2,-4.929294117272185,-6.3793843028368,-177.53038383857137,741.864690126176,0.4126121936842691,0.9320546793805652,33.008595428601645,30.06775365997549,53.349496762796946,529.0,516.0,,0.719486635892511,122.0,yellow,1.4
3DQA,CR2,-11.002998624085556,0.5988244581721135,-176.51563066275668,745.3806632478332,0.452974806306123,0.9324718134850158,33.753899303329675,30.092388270429407,53.48700337926536,529.0,516.0,,0.8301057539150605,118.0,yellow,1.44
3DQC,CR2,-12.989703675314814,-2.6456591664784663,-174.61159600505457,747.3254864927912,0.4430832906630526,0.9309611516311028,33.20458029168454,29.76725708756184,53.46539462079525,529.0,516.0,,0.8521228644098363,116.0,yellow,1.49
3DQD,CR2,-4.862618260269801,-4.95896047460678,-176.78860924270683,731.7037964318537,0.375424615088304,0.9417085863773076,32.57466095080424,30.191920025723125,53.1163235390287,529.0,516.0,,0.7922676203060443,121.0,yellow,1.4
3DQE,CR2,-6.30607529000896,-7.666548314572154,178.66783302349947,739.427044868738,0.4432211844670228,0.9220335087139964,33.41351650959469,29.952286627234255,53.27130273304088,529.0,516.0,,0.7695029904856477,114.0,yellow,1.43
3DQF,CR2,0.35437750909356536,-10.13487468901243,-178.25882960260017,810.6973399251704,0.3865810817762949,0.9338863657642318,33.48086036487423,30.87790507378385,53.08163637292273,529.0,516.0,,0.7519820360341639,118.0,yellow,1.46
3DQH,CR2,3.8278167754047567,-12.388570339524957,177.71510484076396,821.0357882437515,0.4086652081993689,0.938172172625632,34.00279582201287,31.033820066318068,52.95683833478002,529.0,516.0,,0.7927260840131252,113.0,yellow,1.45
3DQI,CR2,-6.417607961445539,-3.9036503995784084,-176.3452055351708,740.3227686441465,0.4311530355564649,0.9290725944037156,33.11726496031673,29.88100658319944,53.25271381900696,529.0,516.0,,0.8452162296063928,123.0,yellow,1.42
3DQJ,CR2,-7.105811377726734,-4.822509175493589,-178.52330114155973,719.6346978116414,0.3720576683939713,0.941715782333078,32.478505247271386,30.14686088652457,53.31064844536786,529.0,516.0,,0.8229672944533466,115.0,yellow,1.51
3DQK,CR2,-5.649734491166983,-10.679956843708583,179.671272826021,743.1474988084307,0.4311650107886263,0.9318737454536,33.212781323284375,29.966998915493345,53.39541864281522,529.0,516.0,,0.789986397804361,117.0,yellow,1.4
3DQL,CR2,-10.510747668236007,-4.291039752603811,-176.2674694860354,750.6538927853907,0.4876392020945383,0.9317346014160428,33.82556000272944,29.53124448961297,53.35348591830052,529.0,516.0,,0.7887948525232475,118.0,yellow,1.47
3DQM,CR2,-4.1476203177575,-8.224700037027848,-178.11711210120785,762.3296141809202,0.3678614496423573,0.9349790737515749,32.90506469047182,30.597781715162142,53.27917711957947,529.0,516.0,,0.8861113891983038,117.0,yellow,1.44
3DQN,CR2,-10.736615950744433,-5.2357361027132585,-175.79786333933208,737.3434536042423,0.4790013937766627,0.9332985900827344,33.67880052957663,29.563727330316222,53.39447503661421,529.0,516.0,,0.8613063479451228,115.0,yellow,1.44
3DQO,CR2,-1.6799568201406998,-6.969184500762021,179.76280941614363,736.6532934532815,0.4464566944143401,0.9296073140958052,33.389833906014054,29.877398388123584,53.271287895783416,529.0,516.0,,0.848184723181054,118.0,yellow,1.5
3DQU,CR2,-12.767167561436317,-3.6823191740992622,-174.5811430471239,761.6878988956393,0.415056390810655,0.9304116272885928,33.524369587657205,30.500326866940387,53.14337162872376,529.0,516.0,,0.7095249296982863,114.0,yellow,1.42
3E5T,NRQ,-174.29755342086676,174.9638372510977,-9.277373373323465,899.1076460755614,0.4721157988627559,0.9349672555693576,35.76490460732383,31.528070283467187,48.00178779188461,611.0,559.0,,0.6900509504038624,132.0,red,1.1
3E5V,NRQ,-1.4943371009658488,14.438748320300425,-163.0959635381177,791.400936168922,0.5797157695505216,0.8988675300104866,33.69743277609087,27.457300697619015,48.50768568426256,611.0,559.0,,0.9023264106753148,250.0,red,2.1
3E5W,NRQ,1.1514061338904404,-1.9246231691690285,-179.0435660551309,782.854898756232,0.5376930921270131,0.9110097801951672,34.65462602760061,29.218723564979943,48.54830111053164,611.0,559.0,,1.014619973259758,117.0,red,1.71
3ED8,CRO,-6.256071524287173,-3.5907212338858674,-178.65850962611253,677.5990587204909,0.2534933399506399,0.9139325785915904,31.94613892204627,30.90268639762381,47.25042856127253,510.0,485.0,,0.9444823384803176,111.0,green,2.7
3EVP,CRO,-20.797290222327028,12.52869026942288,-169.5352396348001,909.5112582536372,0.4184561808380165,0.9302032663220584,34.76710909310616,31.57677441255477,46.33525971184483,507.0,488.0,0.79,0.6254938183999572,112.0,green,1.453
3EVR,CRO,-19.554671071323767,16.553655369302607,-164.6297250176321,1703.583694786037,0.6304779954922612,0.9245680195413306,51.66606891264075,40.10357068756917,71.62121864945206,507.0,488.0,,0.4947154712989753,110.0,green,2.0
3G9A,GYS,-8.631060773058783,8.780273057937126,-176.45972215192128,806.1134454120756,0.4622543409681874,0.9415415728862886,33.79020851786614,29.96337903137637,48.22027855237759,507.0,488.0,,0.6437384661373572,113.0,green,1.614
3GB3,CRQ,-24.828863585060468,-164.26029035719444,16.92318912343325,765.4033091512624,0.4231932324011762,0.8972526807490976,34.27201507116151,31.05179774397532,49.85301467719796,,,,0.9148348255422488,135.0,,1.75
3GEX,CRF,-10.125401054894768,13.24646732627746,-168.14448423231667,730.1251299673827,0.4556897961281488,0.94091462944415,32.739401132448215,29.142606205958636,65.53068025192488,477.0,435.0,,0.7475140845852422,119.0,cyan,1.6
3GJ1,CRO,-7.374247814496495,-2.8431911691332803,-171.334523799741,756.0872073643189,0.3308529171163579,0.9404610717080704,33.12583528070072,31.260265548685833,48.40710126960202,507.0,488.0,0.79,0.6508897598670781,125.0,green,1.8
3GJ2,CRO,-4.779434948451625,-2.4976306614834023,-174.48212428091247,739.5791923733948,0.4575280451997067,0.9137738072170136,33.819414427399444,30.07206067428824,49.44299109753696,507.0,488.0,0.79,0.6702050895836611,123.0,green,1.9
3GL4,CRQ,-34.03985622786944,21.013993937266342,-159.2577382646828,678.18496587312,0.4279236668222055,0.9023182094467206,32.643223317533696,29.503430930588937,50.339030143460946,,,,0.81321986968989,143.0,,2.15
3H1O,NRQ,179.75354526427512,137.50435826826362,-41.52668377061259,848.2176319952124,0.4775680446775041,0.8782662539097055,34.31023190806762,30.144790171946884,47.46834777439607,,,,1.6827133210801308,120.0,,2.0
3H1R,NRQ,-179.2198513434177,146.75384323291937,-32.16408514418654,727.9360898736979,0.4653297399420524,0.8934279154319373,33.012479222082824,29.22058032916053,47.5170824889311,611.0,559.0,,1.5180256938623524,115.0,red,2.41
3I19,CRF,-9.130683341508782,10.463888320017418,-169.89775157454713,736.3227634420532,0.4338934133716638,0.9170771314780968,33.440751702317364,30.12892040461318,65.1679261191983,477.0,435.0,,0.6949473455288427,117.0,cyan,1.36
3IP2,NRQ,-5.309723439169354,-171.34927638214938,9.402092839339204,858.6087858616943,0.5385852512433497,0.8365566489732169,35.474029125584806,29.889388975412523,51.026418339347536,583.0,558.0,,0.6236667585761995,117.0,red,1.6
3IR8,CRQ,-1.2571532046424052,9.806674915259258,-173.23041854281328,708.1160755215247,0.6306686041355846,0.9118785825216822,35.552006474389145,27.59021500649324,47.99552856644439,583.0,558.0,,1.1885840773667775,114.0,red,1.63
3K1K,GYS,-11.437320016708263,11.15250304510552,-173.53202864204357,756.6963860798902,0.2252525585851371,0.9539735854174994,31.91251331192152,31.09237473719352,47.419839039868336,507.0,488.0,,0.7057997975389411,115.0,green,2.15
3KCS,NRQ,-89.65958832137252,81.88578628544535,-97.3207735672883,775.3077960060185,0.5015494700106722,0.9369780062306272,34.53466582236177,29.8769397603973,46.47954910259325,610.0,587.0,0.22,1.2308603617798302,102.0,red,1.5
3KCT,NRQ,-154.8234322110917,129.948981839104,-51.37182961867379,813.9270468791689,0.5567240615401162,0.917177643436864,34.9618324126013,29.042706418532298,46.3847471884089,610.0,587.0,0.22,1.6279693492250522,98.0,red,1.65
3LA1,CRF,-1.774436044386315,3.1789959396732166,-178.88172211526935,801.1353506607936,0.3211612287504733,0.9397907424162396,33.92598127507583,32.12873655646483,53.48265562579681,477.0,435.0,,0.627677365010112,116.0,cyan,1.29
3LF3,NRQ,0.6592063046962425,-9.621415218986842,178.71145675825684,844.3514286128751,0.3521968021959336,0.9430490077796554,33.25089592754811,31.12037686808424,47.07127445605032,500.0,480.0,,1.2353844471502828,248.0,green,1.15
3LVA,GYS,9.960656096939521,-10.379241965616234,171.13025760454389,989.4842174875896,0.6091406003355202,0.8594493308049339,40.3160569261592,31.973142731782296,47.05876062887437,507.0,488.0,0.79,0.7256404440108204,105.0,green,1.5
3LVC,GYS,53.50008652443404,-40.48958199244096,143.25311417006353,815.3292144517558,0.4367526878644259,0.9363880453981382,34.30183428134081,30.857299625114702,47.20792604403634,507.0,488.0,0.79,0.5924407823111122,110.0,green,1.14
3LVD,GYS,11.359181197085755,-9.329011873008772,170.80067511914783,771.7797729791664,0.3912956398025339,0.9231535548116074,33.077254085541284,30.439840166389555,47.24669586260232,507.0,488.0,0.79,0.7409056198617994,113.0,green,1.751
3MGF,CFY,-6.816174921216861,-28.294183925579652,-24.7081190010916,719.5517208848112,0.5465963296251629,0.9028709660803512,33.77214247374275,28.280664916036255,47.62873599662767,507.0,488.0,0.79,0.6926882547827659,149.0,green,1.8
3NED,CH6,-19.125229402501088,-6.765264887785896,177.9562568964921,819.7815231276554,0.4642912508919883,0.9329239974943192,31.68297203384622,28.06105644573106,50.25737358435093,,,,1.6627116848136048,377.0,,0.95
3NEZ,CH6,-21.381564452524653,5.227232714459479,-178.26589814869905,711.8089432770855,0.4719089076104815,0.8868722114132768,32.08233647461722,28.285305718456183,45.97333560719943,602.0,578.0,,1.2342588517682784,277.0,red,1.7
3NF0,CH6,-37.98546173425515,0.9238758658428986,178.61822152840247,667.269392719256,0.5593575085328448,0.889523252434475,33.61989281003579,27.868420792151444,46.53781827830207,649.0,590.0,,0.8669774590106455,119.0,red,1.75
3OGO,CRO,-5.396424203147119,12.134016397891791,-169.98128912689424,804.2762367653942,0.1788336140242278,0.9135444642230144,33.01981020592321,32.48750878397763,45.35831442527117,507.0,488.0,0.79,0.6708001118456735,108.0,green,2.8
3P28,GYS,-5.206284376655189,-0.4597692154503102,-167.63008181258255,800.776063911448,0.3660119980436556,0.9356891974546528,34.56018917382758,32.16206219984698,54.4486429965308,507.0,488.0,,0.9121615383311334,104.0,green,1.8
3PIB,NRQ,-175.16384729474345,-7.264461272084946,176.05798737733465,765.932030671765,0.5910060539047143,0.8783981700009955,35.255451112761826,28.439413251868448,56.04771468420225,583.0,558.0,,0.8801293892632596,139.0,red,1.154
3PJ5,NRQ,-172.36293856293716,-16.089480268811137,151.6166032852839,731.6773032356431,0.5861370334685501,0.8935153225674469,33.75229222979538,27.34650996444959,48.787586145910225,583.0,558.0,,0.8329017822342404,275.0,red,1.6
3PJ7,NRQ,2.6266975028293684,-175.66189759203203,7.536390033642747,699.404231692674,0.5601873254242119,0.9093930242636442,34.0054975372555,28.168996545963463,47.55128046697083,583.0,558.0,,0.945628198297625,115.0,red,1.85
3PJB,NRQ,4.489881390345259,30.679164342557584,-153.2146965745345,795.2608763158026,0.5621958293010609,0.9133472296034698,34.461836137796276,28.500081198366217,48.92892748781233,583.0,558.0,,0.9139150068675002,237.0,red,1.75
3RWA,NRQ,-6.238791487481834,-164.6004793092787,18.257771758650215,800.2114532352673,0.548443692723359,0.8747594871919103,36.114171092623536,30.19821802494165,50.279945506930886,633.0,588.0,0.33,0.9932394404085358,107.0,red,1.67
3RWT,NRQ,-2.0462554695527864,-172.27619852142735,9.745379605746713,698.7688991237638,0.605184092738234,0.8843882407703444,35.47097270717119,28.237929061190783,50.54801820980208,583.0,558.0,,0.772352825554815,100.0,red,3.0
3SRY,CR2,5.142754606978577,-15.03114204851215,166.3263917218405,782.6110122985485,0.3866429459577513,0.9388348221777758,33.7412672851713,31.117191722469197,53.0274028654066,527.0,514.0,,0.6442898724258614,123.0,yellow,1.159
3SS0,CR2,-1.2564390437430515,-6.287878921674602,174.6502041315038,775.8118978142776,0.3902877670631101,0.9317067105441614,33.58020022665092,30.917052709234383,53.45138666527967,527.0,514.0,,0.5727472003537082,121.0,yellow,1.492
3SSH,CR2,2.5209292520241413,-12.356041691294816,171.64327860371935,768.8431857039033,0.3713052025944383,0.9476661689974402,33.45838771879395,31.066476884487717,52.65002355125739,527.0,514.0,,0.5995623240788219,118.0,yellow,1.277
3SSK,CR2,2.116635111318843,-10.826981777111722,167.89937929450113,841.7255821034531,0.3010990268591171,0.9469147532685304,33.93087286891739,32.35623869526014,52.82082163242802,527.0,514.0,,0.6474253851020213,121.0,yellow,1.361
3SSL,CR2,-0.26314460911579707,-8.514120953693046,171.41038419155808,805.5648623200977,0.2770309425577534,0.9507033433421304,33.50296640447021,32.19169372469033,53.19533688634933,527.0,514.0,,0.5820653173855758,120.0,yellow,1.449
3SSP,CR2,-3.6671467951928047,-4.819433922564312,175.10215268894686,752.8417482843935,0.3327988835190858,0.9498475648262388,32.858853638070855,30.985827602833535,52.9970747318671,527.0,514.0,,0.826550196553929,158.0,yellow,1.628
3SST,CR2,2.6822542494877446,-13.192340330649122,167.01114164007143,798.6921470167139,0.4341486523541377,0.9168347833697742,34.31291156782761,30.910485956643058,53.19361050774474,527.0,514.0,,0.7961461440397489,117.0,yellow,1.403
3SSV,CR2,-0.8395062919646891,-10.21174685099337,170.5985464425744,763.133159688524,0.385839750322871,0.9392195565345398,33.01703329414617,30.460386302620904,53.37197880700234,527.0,514.0,,0.7189398170645502,113.0,yellow,1.861
3SSY,CR2,4.182208594208737,-12.499619760654284,169.992031938417,725.8600689169438,0.5193314746020484,0.9254790427020936,34.33146809372754,29.338741809673465,52.996034934793926,527.0,514.0,,0.707996775558963,113.0,yellow,1.769
3ST0,CR2,-9.015969522294894,2.1190203782764434,-179.55283669191942,894.8646249430045,0.2061573879786903,0.9447175197609862,34.15259169958824,33.4189546074004,54.01116051734836,527.0,514.0,,0.6632020870729085,109.0,yellow,1.19
3SV5,CR2,-7.0003053914796105,0.22043967689852298,179.86733574827923,763.0309671720737,0.2036203189445058,0.9374416211158216,32.66219247519608,31.977917261156684,53.18576829965447,527.0,514.0,,0.679349930651691,114.0,yellow,1.53
3SVB,CR2,-5.255227427952986,-4.327963034769691,176.06701232536972,836.1097584942528,0.3369116881262682,0.9381240523973996,33.881729737788504,31.900876838916805,53.96304876483036,527.0,514.0,,0.6808451076442528,161.0,yellow,1.3
3SVC,CR2,3.4974436969725162,-12.853603337777175,170.20223481347176,770.9169112715888,0.4134952206361949,0.9486328555169544,34.414111227899554,31.33426470717446,52.932692607006715,527.0,514.0,,0.621882547111008,116.0,yellow,1.31
3SVD,CR2,-11.513985663368999,5.135927906650683,-176.18572767540158,808.4815033391498,0.2464008390052543,0.9340566390182934,33.135950655356766,32.11430326944092,53.0291077930203,527.0,514.0,,0.7654440738924264,116.0,yellow,1.78
3SVE,CR2,4.100689791200311,-15.559671399974558,167.2628049072015,755.4518694257475,0.4501965198130595,0.9273447592421828,33.84553109957239,30.221673191881052,52.91759156221243,527.0,514.0,,0.6562147107921718,119.0,yellow,1.492
3U0K,CRK,3.8664050386826236,5.556136095201421,-178.5953728387903,1000.041878644165,0.8385741894909942,0.866945488373091,50.813109981268845,27.682342889702923,74.58117711728731,597.0,570.0,,0.476881139908319,38.0,red,2.1
3U0L,NRQ,-170.77424650866098,-3.125643094372932,-177.59273528479576,860.5603087596775,0.4848121025499991,0.8984994313474761,35.14074807045047,30.734742433492073,49.92170633959431,605.0,558.0,0.35,0.9377035683847116,178.0,red,1.25
3U0M,NRQ,-172.18063052319218,-2.736967526691998,175.61608924827195,778.972729777693,0.558316746671843,0.9145575000748922,35.48526799925521,29.439567471383057,49.07113458408912,605.0,558.0,0.35,1.193940892403986,133.0,red,1.65
3U0N,NRQ,2.6778169462274097,14.656225719231706,-160.27586581331423,814.1716542696151,0.3783721554188218,0.8891214185603848,33.904711993034304,31.384017336304716,48.53658978937566,605.0,558.0,0.35,1.37193300052974,159.0,red,1.6
3U8P,CRO,0.5947680714984694,-0.6206266479392115,-179.89146520244105,1454.941802527901,0.6753660614095324,0.9110483551829592,50.946969261364366,37.57250673088631,59.88032939780972,507.0,488.0,0.79,0.6876318907270829,111.0,green,2.75
3UFZ,CRO,-9.139439857230785,1.5835848817159877,-168.92840900048014,751.758019792059,0.3055630782755174,0.9523068114549624,32.204584097810795,30.66429796672978,50.22640506747896,507.0,488.0,,0.714876498529613,110.0,green,1.85
3UG0,CRO,-6.874032031171163,2.8078173260160506,-170.02504965213564,706.1297365131687,0.4622977184547679,0.9352224654993876,32.68921390848357,28.986335717290174,50.25221688629974,507.0,488.0,,0.7161338742319888,106.0,green,2.093
3V3D,CR2,-8.611673006510523,3.973595754348248,-179.5701608727412,769.0391048822995,0.5071105380935969,0.9268370697808004,34.91867187193955,30.095740722844727,48.97975339783741,527.0,514.0,,0.7154842955330971,118.0,yellow,1.95
3VHT,CR2,-14.599821113290922,11.442899940386804,-168.9521231196273,1380.1705659233494,0.7912237432652447,0.8706239155383609,53.98827080845324,33.01527276238176,57.31986575573005,507.0,488.0,0.79,0.625070232902206,106.0,green,2.4
3W1C,CR2,0.0672226947852658,-5.110514210440006,175.00827350957397,836.7420188505348,0.4205477599146484,0.9467124457828632,34.036734741410584,30.88052199820508,49.19495909205558,527.0,514.0,,0.7513936428073286,114.0,yellow,1.3
3W1D,CR2,-0.12369883164127099,-7.823396059142541,172.69857632508248,897.4024548108737,0.3607185309188138,0.9451769996435718,34.404212228929104,32.087939157287614,49.54658267366534,527.0,514.0,,0.9390938704559084,102.0,yellow,1.5
3WCK,CRQ,-3.9040267315063826,-4.602453491833392,-172.54786127369746,670.4398105130105,0.3869631054353222,0.9298416350260608,31.76839830229432,29.29348753746312,51.036142425842925,,,,0.8520833179174864,128.0,,2.3
3ZUF,GYC,-163.6616111521333,-0.5763792913204827,-179.30912863983949,691.2821692314149,0.5996192003776417,0.9345502381040208,34.51601558790924,27.622665348543897,46.95436667127005,522.0,503.0,,1.035063930223126,126.0,yellow,2.2
3ZUJ,GYC,-6.238034847780791,-176.19226378627732,4.923956377008631,704.6537924749092,0.5560971181507505,0.9422573108851456,33.806517455640375,28.097182096380227,47.63675154965944,522.0,503.0,,1.0295620248491228,125.0,yellow,2.345
3ZUL,GYC,-11.290276250252052,-178.67450010623844,1.3142661621281062,676.5980531530486,0.5332147226514906,0.927057188086757,32.91049647142106,27.841619843203635,46.482807094817886,522.0,503.0,,1.450192567021874,130.0,yellow,2.3
4ANJ,CR2,-2.303875395311709,165.32741833861184,-15.475698823419664,1304.497450537658,0.7332263676840873,0.8944527689419345,50.43481044360689,34.29489579610735,157.3383910787032,507.0,488.0,0.79,0.6276297009920792,114.0,green,2.6
4AS8,CRF,-4.605391038698494,6.5581823833487505,-173.78180222413548,796.9114022241271,0.3672792549855751,0.937985379885863,33.25795852151636,30.933583699663636,51.28268930456733,475.0,433.0,,0.6354933329513854,160.0,cyan,1.02
4B30,CRQ,-28.162648331181682,-170.97095250383668,14.341437251342455,793.7711917948355,0.3282440259557441,0.9254733461575028,32.91947330447476,31.095502718862996,51.010508620002255,,,,0.9184799964473712,167.0,,2.1
4BDU,CR2,-4.338125120640862,0.6455032389974246,-170.99400788326184,1201.7521319350874,0.7821295220407076,0.8559484065034242,50.104875741865555,31.22114417617537,74.25040812898067,507.0,488.0,0.79,0.7157235138602506,87.0,green,2.998
4DKM,CR2,-0.35185944200474184,-174.0398449060567,2.5082138289985685,805.5854633029977,0.2512124235321407,0.9404728969568906,32.1071194418102,31.077507699318684,48.68619681276349,507.0,488.0,0.79,1.0171548946532476,89.0,green,1.95
4DKN,CR2,-0.07035411968570986,6.836110417268665,-171.9371229631974,798.1640144024717,0.4740915013736487,0.9328838856729764,34.50333112192622,30.379340507940665,49.73558669038937,507.0,488.0,0.79,0.6849937731474176,97.0,green,1.35
4EDO,NRQ,-0.535286883527948,21.684835353402434,-155.4399200426034,739.8501076160634,0.5455029960553356,0.9029604340470844,34.36514416675428,28.801732213091334,49.00021350597025,583.0,558.0,,1.0314668463301706,124.0,red,1.8
4EDS,NRQ,-1.862009415714336,13.909930064197832,-165.37386419212058,724.5732005609017,0.6678278545183307,0.8956730445316639,36.5534610035729,27.20731725839729,49.1432238086701,583.0,558.0,,0.9264939848215116,138.0,red,1.6
4EMQ,GYC,-18.658892257206674,16.458843215005345,-165.1650575523207,682.8738758764125,0.4622194493825424,0.9253541285631902,32.53363292401746,28.849705626127815,46.77628212507835,518.0,503.0,,0.8350311494052552,126.0,green,1.95
4EUL,CRO,6.930339532317996,-4.9665637042748285,178.35418099622484,876.2372664222924,0.4978746050594313,0.930601934520312,35.54770574869494,30.82871328011423,46.63957273975869,507.0,488.0,,0.6208240632615705,120.0,green,1.35
4H3L,NRQ,-29.96149189293785,15.578071483608165,-165.13027013466467,710.347633611338,0.4175625705025758,0.9299740045889442,32.499413600632295,29.53053274562964,46.44612474654174,649.0,590.0,,0.9195235809088242,114.0,red,1.65
4H3M,NRQ,-22.291089113689424,1.996981565747593,-177.8484674922657,683.3677195629365,0.5450350341126553,0.8995943344859859,33.29382776793757,27.913987015247617,47.42223767827278,649.0,590.0,,0.8080349007327117,119.0,red,2.0
4H3N,NRQ,-22.156726986275068,3.7077685189242824,-175.053507074246,654.1762387682787,0.5265107701055847,0.9207021922680786,32.86593703107049,27.941583044793216,46.50367484636662,649.0,590.0,,0.7797983289174508,128.0,red,1.75
4H47,CRF,-10.481109391901493,-150.42927721538197,8.093759672016377,734.4219387741168,0.5118956611748441,0.936173231357104,34.131291647744746,29.32040522787276,52.874986345722206,477.0,435.0,,0.8112376214526649,129.0,cyan,1.9
4H48,CRF,-11.559516176034174,-146.68231041689634,11.081611718490802,720.771741608014,0.3994415537045792,0.9294074922470456,32.98002074885352,30.234719709237496,52.9365285068844,477.0,435.0,,0.79311801182413,124.0,cyan,1.45
4HE4,CRO,-6.143115765064969,178.36453592930326,-1.9574121195089862,774.6404783731932,0.4153427229998986,0.927888309477308,33.126467049595554,30.13398783486648,48.583859995210226,527.0,514.0,,0.8684970791844552,98.0,yellow,2.05
4HVF,CR2,-9.649549665141699,1.8659060185959,-173.82281151944943,816.8623967490386,0.4114299832174413,0.9476837719209998,34.508540045542595,31.45251097723248,51.44270202886831,507.0,488.0,0.79,0.8179490200916512,112.0,green,1.7
4IK1,CRO,-24.027170772448773,18.061227778517928,-163.51962024508907,1637.8310873706153,0.6479962103850749,0.9093667566690964,51.82926932298319,39.475429159788746,71.07339098765715,507.0,488.0,,0.5722145388581211,107.0,green,2.0
4IK3,CRO,-21.133730732992593,15.245185141193463,-165.1685939442723,1923.898991314072,0.5345352694410174,0.8500124712168664,51.58107401761103,43.59354706069068,72.12599931365779,507.0,488.0,,0.6696626022839888,105.0,green,2.007
4IK4,CRO,-17.98281905966342,20.6770551228095,-160.4081024245824,1558.588243047377,0.6255295728267473,0.9252759677426018,50.22652591215533,39.18675848358197,71.18922191595121,507.0,488.0,,0.6831224381728852,110.0,green,2.01
4IK5,CRO,-8.434497924220938,3.42631267006652,-164.75574253552753,1559.843767771888,0.6528084476536336,0.9132024886501696,50.66946872971641,38.383289135871486,71.81838143351919,507.0,488.0,,0.6847950504471485,108.0,green,2.5
4IK8,CRO,-21.695316879839734,14.361988628085752,-166.380573652794,1556.2613236450204,0.6350446421120177,0.9096547868553276,51.19248615363732,39.54493817084896,70.80348916102587,507.0,488.0,,0.5834136493436183,113.0,green,1.55
4IK9,CRO,-22.004889527641375,8.466266778827036,-159.4139620135065,1974.552277293812,0.5259697868232637,0.8647665921135912,51.912668489316616,44.15189342163212,71.84605757551583,507.0,488.0,,0.5233101866324258,98.0,green,1.8
4J8A,CRO,2.813711671563989,-8.028490124439262,179.20387919882901,892.4631822514159,0.3601375327677751,0.9442307660620992,35.646868436187816,33.25493581335033,53.412032344018485,507.0,488.0,0.79,0.760767453470757,109.0,green,1.26
4JC2,CRQ,-0.7941463313645291,-171.5297641505412,3.1592710046844132,750.5402577906392,0.4571225954267915,0.9186444365127562,33.53991513829687,29.83052445531925,49.60129011279559,507.0,488.0,,0.53521182287953,145.0,green,2.35
4JEO,CR2,-13.315723658436715,-5.993961522920283,-178.95128267198336,839.5703014892506,0.2814098265239404,0.9249367342722908,33.8137951168091,32.44730110115181,48.63480346442863,583.0,558.0,,0.8635649488390604,103.0,red,2.35
4JF9,CR2,-3.6796410192300684,-16.481221903969484,179.49715811143292,851.3632550798749,0.3455455709878913,0.9324641115551718,33.987881844380176,31.894295298284668,48.349312517751656,583.0,558.0,,0.736496049572116,116.0,red,2.33
4JGE,CR2,-5.197504015385852,-19.008936497492538,179.30683974372405,890.9287824639471,0.2506107076031724,0.9250515789048608,34.316230277052234,33.22112891960423,48.40452036580558,583.0,558.0,,0.8051732640512423,120.0,red,1.94
4JRB,CR2,-17.481263745060314,-165.13769025421965,15.254787226099802,1268.9286922431447,0.5866326898296347,0.8960366423461225,44.52571366699244,36.05928844268951,93.2858842926748,507.0,488.0,0.79,0.6092877525300572,94.0,green,2.414
4KA9,CRO,6.205062028525683,-9.796160645726365,176.47464374749143,908.3660596870482,0.4123962825557292,0.9335205535568336,34.957480350324666,31.84642396292025,49.54756122557998,507.0,488.0,0.79,0.8251227087357463,123.0,green,1.58
4KAG,CRO,1.7257579901299522,-3.0303958126179604,178.4480915584916,811.0348291773364,0.3208090859913022,0.9299595647405712,33.56191643129506,31.787963765342948,47.01534569950627,507.0,488.0,0.79,0.768401167061354,129.0,green,1.12
4KEX,CRO,-2.786392142210523,1.308391769801277,-178.06336691874816,733.9348688001485,0.2159180786334054,0.91324365259265,32.39642049236114,31.63223696331745,46.17125510433785,507.0,488.0,0.79,0.7029984494706049,122.0,green,1.6
4KF4,CH6,-27.93841612342234,10.065431613452303,-170.45992708463845,662.5885696107772,0.5196533120509927,0.9279508591611456,32.649429420141566,27.89492876586803,46.65907525763374,,,,1.0091915550085786,113.0,,1.994
4KF5,CH6,-3.490121188517661,24.606689361455594,-156.60422283052858,1115.7949909449826,0.7743293307537579,0.9023737762171816,48.8735092740637,30.92631664510864,90.49846233495876,507.0,488.0,0.79,0.8447196192873936,109.0,green,2.599
4KPI,NRQ,-177.55605003300397,174.9433550440831,-3.4366831936015623,728.2076840881837,0.4712779438116803,0.9127120060232512,33.90394992943623,29.90276681106151,47.00730109342016,584.0,555.0,0.48,1.3144584081052213,119.0,red,1.58
4KW4,CRO,-9.3174277043387,-172.0171640668994,7.771353314536037,770.0054748069819,0.4065089763644418,0.9570428326439168,34.082256519752356,31.139144176778448,46.66040305525829,507.0,488.0,,0.6799945579546897,114.0,green,1.746
4KW8,CRO,-17.38527955204678,-158.95320556237795,22.5967584463129,719.1512248775236,0.2533289523218338,0.896874747626104,31.644177262507487,30.611950374699983,46.76548223761429,507.0,488.0,,0.8588510414844354,102.0,green,2.459
4KW9,CRO,-22.084442405293018,-163.97725067495327,18.576511138499544,797.9210583406983,0.3905461895797539,0.942384394203495,33.54546250214618,30.881393691961833,46.904919225114966,507.0,488.0,,0.8142553368252786,108.0,green,1.8
4L12,CRO,-2.160274303243779,1.2294740399381987,-178.8604637286508,713.9724080578745,0.4157986428464445,0.9336482421106672,32.66001633633414,29.70287066899261,48.44588475449397,507.0,488.0,0.79,0.6654066948678146,123.0,green,1.78
4L13,CRO,0.747412669695451,-1.4761431306158805,179.64601319525298,711.5138786256391,0.4867673019855867,0.9395469425017002,33.9932130192212,29.69414843357795,48.571494881239815,507.0,488.0,0.79,0.7392544871768733,115.0,green,1.66
4L1I,CRO,-16.739048923138007,9.319853616312125,-170.06046246690488,717.1255442295924,0.3119092342221334,0.9420208091196054,31.662523524349265,30.082940502574026,48.635812347061574,507.0,488.0,0.79,0.7060509575115194,119.0,green,1.2
4LQT,CRO,-1.954146676561669,-0.9469969766222653,-172.23260404302914,764.1432540104098,0.3369395017455442,0.9587470571476552,33.08092661653065,31.146562412742963,49.46666695160714,510.0,485.0,,0.6686188882594961,156.0,green,1.1
4LQU,CRO,-5.757076007826201,1.120826473778226,-168.51065272656396,727.1208871599049,0.3916078852103029,0.9376845337534098,32.642561236832314,30.035471662561967,47.77651455946283,510.0,485.0,,0.6787333596730061,117.0,green,1.6
4LW5,CRO,-0.02376882889121647,1.6451198005986392,-173.30712383925166,747.6926753085104,0.130067073708289,0.9445327778987072,31.690820624137793,31.421613356558257,46.24483159576319,507.0,488.0,,0.6170968425508702,110.0,green,2.55
4N3D,CRO,-1.4988269041433566,-175.78595158863803,4.066515428034347,792.8788301009149,0.4111510173378859,0.9543012385176504,33.47288157294957,30.51278241535983,46.41820004809118,507.0,488.0,0.79,0.658022543948547,121.0,green,1.34
4NDJ,CR2,-7.660751814236941,2.254605067872869,-178.43219080145815,907.319370675502,0.5099434660668021,0.92905010076357,37.02300236872357,31.847479769049897,73.10030401585857,527.0,514.0,,0.7174955702219316,117.0,yellow,1.85
4NDK,CR2,-5.952550680856758,0.30958085719833034,179.6032335688254,782.6442212961057,0.4430614187565104,0.9319215705558576,33.928428287364234,30.41653942427095,72.35640720642003,527.0,514.0,,0.85107986754598,119.0,yellow,2.3
4NWS,NRQ,-20.80755093820276,-135.3004523477585,46.79947203100304,761.6980150921391,0.513784844789001,0.9078510449959436,34.85743293208471,29.90485649640889,47.81087161249419,633.0,588.0,0.33,0.9510190018593768,125.0,red,2.7
4OGS,CRO,-2.615514955867172,-0.18614950652020776,-172.36283324295246,670.3708070514721,0.3024078874744295,0.9404349786842948,31.602309485625245,30.12264554486523,46.73362649309087,507.0,488.0,0.79,0.8029292275876185,111.0,green,2.21
4OHS,NRQ,-154.43225431773556,95.98244740397153,-83.68390885377391,741.076485748494,0.590372196089234,0.879234466633378,34.083708069501945,27.510022000225813,48.52555999243634,583.0,558.0,,1.0344537698658582,272.0,red,2.19
4OJ0,NRQ,-17.231287409341547,-156.02769180278972,26.188097975765817,748.6419386259902,0.5414571423915258,0.9051433251647032,34.631772830105916,29.11591332087854,47.921451507808854,659.0,604.0,0.19,1.1294129734640683,114.0,red,1.7
4OQW,NRQ,7.8436022982600555,-170.53620177507125,10.804480948897982,894.227561792861,0.4673167757704457,0.8714400339957967,35.29296546950233,31.20215590547813,47.70209377986328,583.0,558.0,,0.8404676371916979,122.0,red,2.21
4ORN,GYS,-2.8210491560762656,-1.447812688608972,-175.35512596922777,760.2498418073529,0.333199003643259,0.9493595481695314,33.37964747175913,31.47221837202247,48.536873883200826,440.0,380.0,,0.7429468319157035,102.0,blue,1.71
4P1Q,GYS,11.608377694974594,-8.002000647127126,169.2592898578175,789.6661535653463,0.4318403315497008,0.9393589987630392,34.00428155773228,30.670164117611677,47.88924677854648,507.0,488.0,,0.5238958923175896,112.0,green,1.5
4P7H,CRO,0.08549265891726505,35.03622554365539,-145.1636573511531,876.2470865829696,0.7078527883805262,0.9015463180506064,40.8281422431235,28.8393659878826,142.7510969035585,507.0,488.0,0.79,1.1301445157152508,108.0,green,3.2
4PA0,CRO,-27.946613088814594,45.504544286707244,-136.9406399090973,695.9387251132782,0.5491263796613245,0.9440799084691254,34.40263853403615,28.75163790271476,142.4125664889171,,,,1.3960364187455718,102.0,,2.25
4PFE,CRO,-3.4737370494535886,8.781120855862412,-171.58548776530213,1223.2133437227048,0.744640695988402,0.8449503807220888,48.85975001650571,32.61219894554865,78.37281230386424,507.0,488.0,0.79,0.7007407722141472,103.0,green,2.603
4Q9W,PIA,-1.3021202715680993,8.159181613213368,-167.73497585099182,938.6963178405975,0.5474896805286797,0.922899990282838,36.870201533924906,30.85344308806196,49.22765907302765,492.0,462.0,,0.527078426391719,112.0,cyan,1.0
4Q9X,PIA,-5.136660295776855,8.926187655999,-166.16620516036073,716.6611672921958,0.4536584087430254,0.918421413881605,32.91835041808808,29.336032497428945,46.98292758849087,492.0,462.0,,0.6855265117968398,116.0,cyan,1.9
4R6D,PIA,-7.242185598655116,7.583310626113202,-164.1618298327176,818.116922438137,0.3578784982636445,0.9550225225016432,33.95931638447212,31.710128445208912,47.25458637456107,492.0,462.0,,0.5646824099865143,111.0,cyan,1.55
4U2V,CR2,0.44368100011522177,-13.61282535260491,167.2813923535273,1342.8856021896788,0.7788317809942934,0.894102282246346,52.916824273885794,33.19117087321942,85.86778309542882,507.0,488.0,0.79,0.7505652382249197,95.0,green,2.3
4UTS,GYC,-3.902552845857542,-166.1163785408867,9.059491988744622,795.6292775955284,0.4466170004314341,0.9174522662091092,33.018781333139515,29.542737049711384,46.69605132135614,518.0,503.0,,0.6604373818307223,109.0,green,2.03
4XBI,CRO,-10.73203495346947,9.579759636649275,-171.6849920099641,767.4277047528448,0.4919715869463402,0.9395335395581836,34.490141458523,30.027505346370205,83.97008109921536,516.0,506.0,,0.6000443690878405,101.0,green,2.013
4XGY,CRO,-6.661970345636458,5.4877587728431205,-174.0921076081523,873.9001569275059,0.2101029151909458,0.9097790908559704,34.20438600568387,33.440919316470676,56.73853709207631,507.0,488.0,0.79,0.5142069793631547,122.0,green,1.494
4XOV,CRO,161.41888908985365,-119.16480733510117,60.91107989595228,829.5587234858159,0.2898640396718957,0.9255539006039658,34.12220188743799,32.657261845083106,47.68318572142158,,,,0.6984192623123088,239.0,,1.2
4XOW,CRO,-10.702451312596352,11.344948222342937,-169.26913622179055,906.6376705877724,0.5111122360075628,0.9293294257873956,34.88831868118608,29.986997653047354,47.35872880366096,,,,0.7803281200422421,232.0,,1.25
4XVP,CRO,-3.804255427267509,8.53297161274487,-168.46948450375243,645.2290894538434,0.267792426126989,0.9083040149859396,31.29266840763096,30.149754700326284,47.614049350386,507.0,488.0,0.79,0.8183476156173346,111.0,green,3.4
4Z4K,CR2,-5.093835671863745,-0.4270034328437191,-170.67990928411737,1103.852258544674,0.7397498650157032,0.90476610537002,46.67058321881616,31.40379368803439,53.723322404441774,507.0,488.0,0.79,0.5225815184337486,104.0,green,2.8
4Z4M,CR2,-3.257832840648585,-11.372380840139687,166.08225602426188,1097.075639010572,0.623700915508607,0.9128532089846552,42.05555574744946,32.87327516560692,67.7931527778129,507.0,488.0,0.79,0.6865939006110956,98.0,green,2.15
4ZB1,CRQ,-170.28716673005846,-44.177459632200005,139.3979339753933,833.5280144315044,0.5259788943991007,0.924773384546722,35.821897369364386,30.466438478031037,48.37450808014903,,,,0.962490818348858,122.0,,2.25
4ZF3,CRO,-16.798507963310055,12.810201761779421,-167.39565292486222,709.0578298616745,0.4220609491350392,0.94473803202672,33.07820268465738,29.987622110462315,47.59109056252659,507.0,488.0,0.79,0.7328585858015269,117.0,green,1.9
5BQL,NRQ,-5.878051046859783,-177.2019895703908,2.2084169549095525,718.7411860174337,0.4179019542133134,0.9091074813639444,32.71468808291025,29.721036773829937,48.69002170406099,,,,0.863390100699518,117.0,,2.39
5BT0,CRO,-3.2058533689834334,-5.496802372943349,-171.95402042253622,755.2842162855057,0.3896155945790432,0.9363005615103188,34.00768630487076,31.320316368560476,54.51332576515691,507.0,488.0,0.79,0.6666877528676383,95.0,green,2.03
5BTT,CRO,-4.766725744257624,3.236706695993655,-168.86484089186789,730.1888625799537,0.3037349771131094,0.950439996335242,32.72121823193549,31.17535533978558,48.42740874787113,507.0,488.0,0.79,0.7056834769556679,96.0,green,2.14
5DPG,CRO,-12.158589271987067,8.504279269277088,-171.38950011068033,777.0234304826439,0.2532029841543068,0.9398381735771728,33.12480965688801,32.04537724123834,52.64789542228625,507.0,488.0,0.79,0.7864233065817745,113.0,green,1.85
5DPH,CRO,-11.801393967148266,5.935370533820947,-174.6943893911194,829.418199223006,0.5161860613712097,0.923763435068708,35.810218004889045,30.67060924018573,53.37510057037315,507.0,488.0,0.79,0.5618213707001164,110.0,green,1.42
5DPI,CRO,-9.036701636071506,4.5344622771252245,-176.27179461654038,683.4992022806288,0.2398355877768594,0.9167087380511304,31.270926733258484,30.35823845913509,44.99887879498209,507.0,488.0,0.79,0.7506269902921653,116.0,green,2.54
5DPJ,CRO,-18.99806230059206,22.76464483792774,-157.89378327920036,695.6268462666138,0.2606882742878295,0.9344558982485308,31.45110850421089,30.36362441677961,46.22496736451788,507.0,488.0,0.79,0.855357248762982,113.0,green,2.5
5DQB,CRF,-1.355014474718005,2.87191444212361,-174.59325453827714,871.6928865712147,0.2894652262825058,0.9115214073167294,32.09980968183961,30.72556965621595,49.541139941138255,476.0,439.0,,0.7750333231779544,241.0,cyan,1.25
5DQM,CRF,4.8344495762908375,0.9525035431251212,177.77539983119647,730.1693361916344,0.4182381995422719,0.9351751572660354,33.17510593392839,30.1341890342158,46.759464636724616,476.0,439.0,,0.8799321558627452,126.0,cyan,1.3
5DRF,CRF,7.469701004892341,-4.9417741495917396,177.4355111862895,805.2310725647404,0.3901944388350742,0.9386708398405356,34.08210277226493,31.38049901236557,46.97405139753519,476.0,439.0,,0.9870295237928056,130.0,cyan,1.14
5DRG,CRF,7.469701004892341,-4.9417741495917396,177.4355111862895,805.2310725647404,0.3901944388350742,0.9386708398405356,34.08210277226493,31.38049901236557,46.97405139753519,476.0,439.0,,0.9870295237928056,130.0,cyan,1.14
5DTX,PIA,-5.633548921854541,3.118467495400662,-175.8081175132551,872.5304844667448,0.338197311928459,0.9426147002735142,34.724858419576606,32.67870393360975,55.456766515302235,507.0,488.0,0.79,0.5521194161356905,96.0,green,1.45
5DTY,PIA,179.51172986358017,-142.74896747283125,18.826089448996587,859.753900973425,0.36343641767422,0.950238923423773,34.97011361232481,32.578822445077996,54.9148027965128,507.0,488.0,0.79,0.6349185125934843,94.0,green,1.5
5DTZ,PIA,2.7082010255197533,-1.9049433552219392,-177.58631773561854,785.7238447096535,0.4847458041862089,0.9321639841868404,35.61160734218403,31.147873194584268,48.9851258371377,503.0,478.0,,0.6020025465302601,101.0,green,1.5
5DU0,PIA,-161.9120310974305,166.1750109614338,-15.629611794859875,683.8650896201214,0.4612364288733365,0.9473428643226048,33.023712891395405,29.301189872048397,46.89938482383637,503.0,478.0,,0.7721808595091966,87.0,green,2.35
5DY6,CRO,-2.7645371062413826,-3.9164776316235574,-177.49494904199037,758.6219773690663,0.5171425210962879,0.9297037464203828,36.03561951269962,30.84286153985152,50.84716238390705,507.0,488.0,0.79,0.7599968370715844,104.0,green,2.66
5EHU,CRO,-3.1938864061854226,7.542616754501784,-170.57886366237543,746.5953765542865,0.406587243009305,0.9363484936649172,33.89772356551433,30.969365673037075,49.53422965769356,507.0,488.0,0.79,0.5541466868696093,115.0,green,1.45
5EXC,RC7,1.5011506908744516,-174.71258016355384,7.03170246489782,660.5697488800057,0.6247063271437647,0.9104302219225472,34.02867700148798,26.571625428924996,54.4538185317339,583.0,558.0,,0.6467216030139973,88.0,red,2.14
5F9G,CRO,-10.163506604617638,-1.807081056547866,-170.85958675968703,724.1277316635576,0.4666116131690701,0.8837773056104192,34.44395519116598,30.464380653799324,47.64163835509751,507.0,488.0,0.79,0.7793782691691878,97.0,green,2.772
5FGU,CR2,-25.325221097582528,-169.39819550290846,12.7416690543729,1639.620320747391,0.8266341732918211,0.8456644587194825,61.572622852319135,34.64935786729449,77.39033558930313,507.0,488.0,0.79,0.7262952920807779,84.0,green,1.896
5FHV,CH6,-27.981676971997448,16.45742685099945,-166.15275881511883,847.909647475491,0.5429798182088714,0.9071636087622597,34.58988428580758,29.046708164954236,49.87032729896876,610.0,587.0,0.22,1.3911256481164216,121.0,red,1.55
5H87,CH6,4.608600330017495,6.883858501084447,-177.61358410129034,658.2136270613339,0.5114329150271543,0.904213855222166,33.413288775245434,28.712814453891863,46.76642109591105,,,,1.445229758335726,127.0,,2.24
5H88,CH6,0.4712700917377525,5.009596511775951,-175.7852895549276,718.7311765593602,0.4868674647754303,0.8769148058560017,33.15589714453196,28.960875653588964,46.382250734399165,,,,1.1899144378021056,126.0,,2.06
5H89,CH6,-0.27100122693145334,4.510068208525752,-176.2617495312883,703.4808626829179,0.4462715818372384,0.9177855494058276,33.19169049675762,29.703163437763173,46.12286984489764,,,,0.8619308554974364,126.0,,1.76
5HBD,PIA,-1.8206876861056493,-3.3894338717022428,-173.82021815549024,944.3116272868486,0.5349207233215331,0.9457356073656462,37.42066925820016,31.61680782341061,62.723054206954245,507.0,488.0,,0.7677739361596754,110.0,green,1.65
5HGE,PIA,-20.57720863296923,13.335092515145828,-170.30912727047914,931.6882450712368,0.6199921774324828,0.9419672422909812,39.121590547242896,30.69511257350721,69.04453988915704,507.0,488.0,,0.7630601516850477,101.0,green,1.863
5HW9,PIA,-8.64124356375079,10.815528692909924,-170.73689985915752,888.676720126043,0.6301481683918252,0.9374402416153412,38.94144905021455,30.2370581468589,70.80131360994959,507.0,488.0,,1.097279360091826,110.0,green,3.0
5HZO,GYS,-7.34184018065042,8.83456975846429,-164.61926979021197,689.8721079471147,0.3133428384890304,0.9115239575205658,32.24321924419226,30.619453031315857,50.50865390323602,507.0,488.0,0.79,0.8144857476695648,104.0,green,2.49
5HZS,GYS,-3.32508502413784,-0.5134057577452151,-171.93860551029218,741.8417318098717,0.3242704068221974,0.9116014686151171,31.860489233706552,30.138889544795394,46.590682959213424,518.0,503.0,,0.7740053696714857,118.0,green,2.17
5HZT,GYS,-3.0846676393919603,4.867196619402257,-171.3723743688858,646.1246952040681,0.3963972985336171,0.8981163031653637,31.66456053474928,29.070570338456577,46.82431734970333,518.0,503.0,,0.63565133104879,110.0,green,2.84
5HZU,GYS,-9.618964269736303,11.691623829771732,-160.62608583433402,758.9199838530787,0.3423224021572555,0.8849263299378038,32.75385335334383,30.7749491382744,46.84067609720343,518.0,503.0,,0.7977946601330691,123.0,green,1.89
5J2O,CRF,-6.000919973704172,5.193241962613799,-176.0146496135725,770.9229747693485,0.4410080832303018,0.950179344381338,32.88235484315841,29.512016433179053,47.35136633941659,475.0,433.0,,0.5151742029675095,125.0,cyan,1.5
5J3N,GYS,-9.524314605491927,7.219074769489856,-160.44273444087042,1496.6683856222292,0.5708620793884476,0.8688931324997144,48.25477920096341,39.619392039184454,75.08649078533193,507.0,488.0,0.79,0.6172945143763778,110.0,green,2.45
5JZK,CRO,-6.539802633659365,7.5563923502585135,-175.36842678048978,744.0450230745249,0.3781864642960432,0.959697227759608,33.708090998983636,31.2045722429294,52.522248719858354,507.0,488.0,,0.7710822140299445,116.0,green,1.9
5JZL,CRO,-14.755806277683602,17.07317034050855,-167.1142020381945,774.5947340223893,0.229335853311277,0.9140110024652308,32.21638893994123,31.35773684485134,48.15386504849896,507.0,488.0,,0.7168092735655951,108.0,green,1.8
5KTG,CR2,-28.39421150290794,29.40959237079072,-154.80593635041245,816.4597645591853,0.4994596046994909,0.889206103315429,35.7058272963339,30.933285602182895,91.97824271116887,507.0,488.0,0.79,0.7261227313988,107.0,green,2.802
5LK4,NRQ,-1.044138771757995,178.5249318648172,1.457392596544214,725.7882676544241,0.4581839169833998,0.904911795729565,33.74990395640431,29.99885227360566,46.24838446391177,594.0,569.0,0.7,0.9414865769698512,124.0,red,1.47
5LTP,CR2,-6.50542408717539,-1.7844916415295082,-173.51515128591615,783.6127649420521,0.2964750305254116,0.95548248839171,33.21105505415426,31.71790609554528,48.92722973179737,507.0,488.0,,0.6414644178940015,98.0,green,1.7
5LTQ,CR2,-2.7764709830965524,1.6835402070454912,-173.7730330965521,771.2156787667209,0.3753957543415195,0.9148874083304598,34.514053102091395,31.989854784153025,48.10792940182008,527.0,514.0,,0.8251417420680619,93.0,yellow,2.05
5LTR,CR2,-0.4797220801069504,-4.123018906323349,-177.87176849903472,799.7413680882361,0.4835401966288702,0.94987740506112,35.98801756768298,31.50110915751568,48.803629205982986,507.0,488.0,,0.6234314342115921,98.0,green,1.21
5MA6,CRO,-5.539337461144965,-165.99667440794,8.508243531862625,832.7384624269332,0.2314084803151377,0.9261054639888756,32.83813744499032,31.94680129477929,47.582145920819144,507.0,488.0,0.79,0.911111121508629,97.0,green,2.3
5MA8,CRO,-13.701710249158813,-164.25332286420047,16.417589073170767,647.5989981392578,0.2429787517361095,0.9097222494715628,30.9591556829136,30.031359660150265,47.56376789678871,507.0,488.0,0.79,0.4918361269932688,110.0,green,2.35
5MAD,CRO,-10.009343117560412,-170.22001537573158,11.359701997690905,794.7289920376976,0.3314242231714294,0.9432748944563536,33.64856894702421,31.746813777126462,52.78213583730616,507.0,488.0,0.79,0.6942445681308389,110.0,green,1.53
5MSE,CRO,-0.19238460180781364,5.038434493578982,-170.93000743189558,806.7604373062546,0.4436077620975051,0.9003161461438766,33.67408441842719,30.179422974840513,46.7084613700852,507.0,488.0,0.79,0.7160658038360568,111.0,green,1.66
5N9O,CRO,-0.4903158020477971,-7.838553703713699,-178.80930928328684,773.3130810896125,0.4337744195721967,0.9462833823137508,34.41394083846078,31.00770077588929,52.789901482871166,507.0,488.0,0.79,0.6531859897597494,119.0,green,1.53
5NHN,CRO,3.611263415483801,1.5014115725161334,-179.21424317003078,730.8085702232829,0.2058017034619028,0.9557308480874316,32.42670661844778,31.73257129189148,47.61329493183637,507.0,488.0,,0.8136777312863387,103.0,green,1.96
5NI3,CRO,-2.4131085563465624,-2.5979086330438395,-175.35620204400854,790.0245097267201,0.3837650020104395,0.94193917969775,34.34134056243102,31.711851232429954,48.424344822057336,507.0,488.0,0.79,0.654739871260333,114.0,green,1.28
5O89,PIA,-8.2758812901206,6.440017220118664,-174.55341879280326,924.2179118813972,0.1973817312017646,0.9411413696882956,34.52612235259185,33.84687982664671,54.75715130131117,507.0,488.0,0.79,0.471767968568235,104.0,green,1.7
5O8A,PIA,165.88683334022974,-135.30953645270372,49.103903977440474,862.9507295054456,0.2855521765404605,0.9384241820358656,33.680723619934305,32.27836486055177,54.98394534966674,507.0,488.0,0.79,0.5087446515308554,410.0,green,1.7
5O8B,PIA,-141.88171406731087,174.74220591096616,-5.803228334261602,864.1565695012962,0.4535811109721646,0.9414432573751548,33.93913270429991,30.24706414438487,54.5967178704266,507.0,488.0,0.79,0.7436249326349397,228.0,green,1.7
5O8C,PIA,165.8404675944111,-135.30330315661217,49.15033766852031,839.5362953749503,0.3761769634351055,0.9596642624904356,32.719220685928,30.315923118347342,54.98377498824554,507.0,488.0,0.79,0.5385301907150076,820.0,green,1.7
5OX8,B2H,-6.991117911937332,7.183691478142552,-172.88006530656244,827.9049581082227,0.446888768837104,0.9188856126041328,33.90972631054675,30.33528614345961,46.210555002398394,476.0,439.0,,0.7488417886909549,163.0,cyan,1.29
5OX9,B2H,-18.722953279190303,-162.00608125407214,18.00967091231482,751.2242799344273,0.4552525876207591,0.9478320885294442,33.95193928038603,30.229527818737523,54.07209906182581,476.0,439.0,,0.7252323360819957,127.0,cyan,1.56
5OXA,B2H,-14.777028268872321,-165.08546936186804,14.925319887134613,885.7607622779082,0.467250441019704,0.9284181739962424,35.65370703790432,31.522333931315583,53.33491100775373,475.0,433.0,,0.6882117513239026,128.0,cyan,1.16
5OXB,B2H,-6.516448880272924,8.070688510156911,-171.87730989001815,785.9387194898231,0.2491148636973914,0.9356572459816248,29.692343202160465,28.75626079624497,47.19001179024816,475.0,433.0,,0.8370465831112147,485.0,cyan,1.38
5OXC,B2H,-5.32973882991108,5.4889789583449575,-175.50401804900724,889.0571468611874,0.3023527935635987,0.9404928369456664,34.05710812458717,32.46310234095557,53.61072306758825,475.0,433.0,,0.5816475907673989,160.0,cyan,1.02
5T3I,CRF,2.2719544636974223,-0.4181495156934203,-174.27128349393573,815.1088012901591,0.4282643938421385,0.945437841658482,34.28359002440309,30.98048537650267,47.86334257361876,476.0,439.0,,0.7603771298129214,110.0,cyan,1.6
5WJ2,CR2,0.1664192455598943,-177.14084976945992,0.7333141550862489,737.5386249704651,0.6181329697330158,0.9352051033523936,35.47010565037505,27.88211199650491,62.49052420450744,507.0,488.0,,0.90010635375153,111.0,green,2.409
5WJ3,CR2,-4.908959400747748,-177.8023601899715,-5.254606879230085,771.80015444218,0.466942099994583,0.8996161218740794,33.968305659931694,30.03776139367318,48.373478885534816,507.0,488.0,,0.5705343322495218,112.0,green,1.351
5WJ4,CR2,-15.018245535423912,7.5373111558132795,-176.4645668571151,800.6345298062716,0.4761076381982954,0.9158563653020184,34.644701760739274,30.466100762514262,48.156215920858955,507.0,488.0,,0.7168582075594707,90.0,green,1.631
5WWK,CR2,-27.8101968823083,27.963404453340942,-153.35698686936934,676.4243838582825,0.1614610384055778,0.920401880949214,31.20441759093539,30.794987153876807,48.75893139715919,507.0,488.0,,0.8969332860788046,92.0,green,3.199
5Y8Q,CH7,-7.1627720802498125,1.8315308172229134,-177.71609040308758,714.5299996443686,0.5748397804799413,0.9031357679761564,33.67000033656003,27.55101608436369,48.15913005941398,,,,1.465818801818905,99.0,,2.9
5Y8R,CH7,0.40971903051898223,2.127933976770791,-179.31786728094065,719.2126141305082,0.6204139151703273,0.9332233882400952,34.743825297278356,27.24869804079271,48.10287217007388,,,,1.0258273164464156,84.0,,2.3
6AA2,CR2,5.201939775635489,-23.79796204488679,162.59155334982657,791.8579289449152,0.3510087514434192,0.929699997356569,33.82763956547406,31.675260548762733,54.478077516134185,510.0,400.0,,0.7998142887088057,115.0,green,2.3
6AA6,CR2,-2.1530417036218235,-4.236205494647013,-177.53027896229437,749.1604389448753,0.382629286279266,0.9352009543418868,33.7680891949286,31.198403748599578,56.147698658255464,,,,0.6024594290821285,119.0,,2.39
6AS9,PIA,-25.334551023691525,9.327232993063774,-165.02200233337985,1008.1489130681211,0.6630205927619578,0.9040111490412124,41.471685401362585,31.045751710537385,69.82655221979377,507.0,488.0,,0.645323506189334,112.0,green,1.75
6B7R,GYS,-17.528523621197287,11.779871509954535,-171.44858527342683,836.9450797051659,0.3656469455463563,0.9390996414754088,33.601100655893894,31.274346253217217,51.73342519110408,507.0,488.0,,0.6960571353199481,116.0,green,1.73
6B7T,GYS,-9.009629998759948,7.462768133042716,-173.42217263953572,760.1465218279499,0.3098334785796549,0.9486915385831146,32.7065609242269,31.097098433580047,48.35845511307126,507.0,488.0,,0.5605909526297813,120.0,green,1.91
6CIU,CRQ,-12.870480029537124,-167.0085239528644,19.089740755999852,725.6080516536834,0.5608052621379244,0.8994304028413624,34.26918392669607,28.37309333796007,46.96195750000861,505.0,492.0,,0.696561490035224,158.0,green,1.7
6D38,GYC,-10.522605826834342,19.086323356861488,-162.12263213854027,670.1430976494441,0.3496305264129851,0.9042607722918105,30.90781892049861,28.95715426849995,46.06708834447429,507.0,488.0,,0.95815698523639,97.0,green,2.8
6D39,GYC,-3.255700344829908,22.842475660989606,-159.2205011300157,649.6605081766811,0.5130056125797418,0.9245484119520752,32.334432626191976,27.755400109610772,46.184000614560105,507.0,488.0,,1.0379758760700013,97.0,green,2.83
6DEJ,CRU,-9.716271976615845,4.8049737117704785,-175.83022903882195,874.0944617034097,0.4803261037290149,0.84875237132755,35.15667373765052,30.835566286668644,49.60325242070567,637.0,590.0,,1.0177848024884149,123.0,red,1.6279
6DQ0,CRO,-3.481954692421974,0.6121755420670468,-178.18870264313273,809.299690064018,0.2805112320059601,0.9483406919279228,33.56111113391937,32.21365745571498,46.5806318305291,507.0,488.0,0.79,0.7548329227745079,110.0,green,2.048
6DQ1,CRO,-0.23555583494107935,1.6149508785115434,-175.47807315633818,801.6892615564338,0.3068178256010724,0.9414767282718098,33.30011999786699,31.693997288279004,51.25345193511954,507.0,488.0,0.79,0.7689881069228959,119.0,green,1.598
6EFR,CRO,-8.301445150089261,3.9593155226821346,-166.06526234919212,1401.0260083053126,0.5873279444987797,0.8874374524573327,47.22755687973369,38.22357831996079,78.59639768065216,,,,0.6425345426050232,103.0,,2.4
6FLL,GYS,-5.92420475681671,6.297337855254883,-165.88527869001808,717.110070115604,0.334652869688488,0.9200573365295996,32.78179719013056,30.89164713998147,47.0507232967172,507.0,488.0,0.79,0.7742810910152268,107.0,green,1.79
6FP7,PIA,-2.3730337863351845,8.996023623748068,-165.26995561701773,939.0772235696314,0.4010819544838749,0.9512820125644716,35.96644565883433,32.94678109672914,51.463066857300475,492.0,462.0,,0.6786965968119556,115.0,cyan,1.576
6FP8,PIA,-0.1738349319541907,8.013774588029127,-169.5902581287702,808.4624344314052,0.387656826844071,0.9404212712414756,33.58523106576053,30.95899250735261,46.30032284357347,492.0,462.0,,0.7972882819627137,114.0,cyan,1.855
6FWW,CRO,-9.10668663532197,9.892915934346087,-172.16826657818677,863.8188285944378,0.3549778635654838,0.9205209859633096,34.800449143712484,32.53405967045595,47.29724956299979,507.0,488.0,0.79,0.6309959570379963,106.0,green,1.131
6GEL,CR2,-5.45134536221885,-2.2186184485987415,-165.84100736626422,1355.6860707717235,0.8007412488931116,0.8674073536574165,55.53690831893853,33.26718534299004,83.16846894685213,,,,0.7902844718876306,226.0,,2.51
6GEZ,CR2,-2.719406722001064,-0.27580570523733056,-171.36392981185145,1353.2270966723695,0.7901257255383625,0.8760589664247568,54.200804632959866,33.22210179752135,83.31608693137913,,,,0.8371254025514915,235.0,,2.47
6GO8,PIA,-3.7773618843599204,-3.222541203581573,-177.61391964386664,863.8472054659659,0.3915002503676297,0.9180620615885052,35.327639124648954,32.507716358171514,52.91418681796199,507.0,488.0,0.79,0.6174086017882254,90.0,green,1.648
6GO9,PIA,-4.29880904731205,-4.634047717092945,-178.64754634763648,838.9696196892644,0.257087261877273,0.949838675498748,34.086858944740534,32.941138024368605,52.56342200035007,507.0,488.0,0.79,0.7013983100813879,98.0,green,1.672
6GP0,RC7,-15.235059969499192,-160.39447698416035,21.004596759391926,870.8255319616198,0.5320752542352628,0.9227087291546356,34.43074899486506,29.1524142000345,57.85346108417485,583.0,558.0,,0.848246996217482,280.0,red,1.5
6GQG,PIA,-4.379997065473446,-0.3817619425293896,-175.21608015444417,800.1701785512246,0.4651037168587762,0.9091408067158068,33.9230063897639,30.030551593634783,49.427428444282185,507.0,488.0,0.79,0.7123096560694859,104.0,green,1.792
6GQH,PIA,-4.8310878106022335,-5.203790290355326,179.5516265487833,697.6761600937496,0.411415009242444,0.9370766096536084,31.847046548737566,29.026930961540103,48.982882513897295,507.0,488.0,0.79,0.8820930028454855,109.0,green,2.4
6GRM,PIA,-4.360816094504793,-0.9347049047786485,-176.22946712906617,735.3579012801964,0.258838257582083,0.9185990367197536,31.733915944037264,30.6524456079373,49.16812481559727,507.0,488.0,0.79,0.7769069815613217,117.0,green,2.3
6HR1,CR2,-2.6239738842992915,-6.3042133698417615,171.0393276485451,954.7871915744768,0.6280287048843652,0.9218336895441472,39.49451212852391,30.73424123821728,95.9176945236241,527.0,514.0,,0.7035831113091445,120.0,yellow,1.901
6HUT,CRO,-0.49616779154369206,-1.0772842884338774,-174.40823852205554,935.638836110094,0.4717979333657986,0.9519821780826684,36.64790231108804,32.31270111767421,64.70259634605779,507.0,488.0,0.79,0.7554204338864411,101.0,green,1.29
6IR6,CRO,-19.74639226157464,19.572552447385014,-161.01075888735323,804.4856479352347,0.4296992523932725,0.9294186390826726,34.909846498179945,31.52261622618581,54.027874011457754,507.0,488.0,0.79,0.7322661975155176,100.0,green,1.642
6IR7,CRO,-11.039064203501495,9.270049301261995,-171.57965952706533,880.7439294433374,0.4233908691838269,0.9061409942766234,35.85190569109829,32.479930463101184,53.139546151943016,507.0,488.0,0.79,0.7000156593568058,108.0,green,1.277
6J1A,QYG,-1.2600262949744547,179.92770054523376,-17.358653210102677,778.2573738536263,0.5387048997091178,0.9240929139080556,34.74936377239745,29.276148856937105,44.496327898053494,,,,0.9459154303272131,115.0,,1.96
6J1B,QYG,-177.87572107873928,171.30476376683396,-2.9287486623648005,803.4051032042196,0.5135284040718547,0.9269115750781436,34.84350035403794,29.898252766076503,44.59525033012318,,,,0.8018419208019003,117.0,,1.99
6J1C,QYG,1.3965752318007332,172.73641115017247,-22.488767542866274,745.6800975261515,0.4923883776744744,0.9469121787095024,33.76202013885221,29.38563854440467,44.636403367610825,,,,0.9217340594775856,121.0,,2.09
6JGH,GYS,-0.633951552591435,5.593700710253344,-173.68964941935755,977.6023280784606,0.4125670868652945,0.9523872648031932,36.3719123635876,33.13216498946416,48.50515679143935,507.0,488.0,0.79,0.4887174545674305,141.0,green,0.94
6JGI,CRO,0.4558631500713373,1.9535321343126528,-177.79251239601362,1009.3240223194888,0.4942297834121614,0.9601837289190878,37.818275003180226,32.87661043391227,48.43039266446231,507.0,488.0,0.79,0.6091734325205932,140.0,green,0.85
6JGJ,GYS,1.0088808198444792,0.3949154281903399,-178.60535215574234,957.3413534894264,0.494920977497826,0.9473909248998686,36.744094134709606,31.928339208065506,48.247344534560455,507.0,488.0,0.79,0.5905116990826963,140.0,green,0.78
6JXF,QYG,-6.880128256563013,-177.64299293808352,-14.868765831472242,815.6551501443098,0.5180137912679162,0.9138179651707552,33.43472507718239,28.599136525273774,44.7741771304686,,,,0.9672661343119214,170.0,,1.8
6KKZ,CRO,-0.7912605383950541,2.982618350154257,-177.41750292144332,1010.4621313595738,0.3478100817542492,0.9360882823745338,34.46137401928033,32.30977845961096,48.39432626253029,507.0,488.0,0.79,0.6318788021992,518.0,green,0.9
6KL0,CRO,-0.35239730698018146,2.3073870476639997,-177.32139770363085,1005.9678860942572,0.444835850962556,0.9509537752917184,35.99974770530667,32.24181028559425,48.67210217524584,507.0,488.0,0.79,0.6309206470246077,498.0,green,0.798
6KL1,CRO,-0.16629564947342787,2.357363834126103,-177.1784765286123,1055.570102198125,0.3681673035490844,0.9080651952827072,35.87866224016499,33.35852916350949,48.07750467013288,507.0,488.0,0.79,0.5480117044397876,198.0,green,0.851
6KRG,CRO,-8.9484251850821,-175.5926516180756,4.500455820018871,812.3342776789616,0.4888876981766718,0.9185134914956468,35.191813276949844,30.69946325972425,48.031660536936485,507.0,488.0,0.79,0.7300304900536173,95.0,green,1.4
6L27,GYS,0.28803862335563224,1.780155858273231,-175.37136639864906,938.9461585604522,0.3407002415880744,0.9241224965849556,35.23808670604419,33.129861626235915,45.720087507723235,507.0,488.0,,0.6099684474137681,129.0,green,0.77
6LNP,CRO,-5.377781160024169,3.6001434314815173,-175.52891070722734,1539.6645195172855,0.8579286675476954,0.7000332276839762,62.809952268764114,32.269795122239636,71.23323372984873,,,,1.13730462839088,100.0,,2.993
6LOF,CH7,-5.793120537639574,2.6908193826898925,-177.44155666433767,506.95661661719714,0.6282454825837906,0.8505996525816484,30.636079705919233,23.835334935033124,48.77599689655205,,,,1.023738649397158,74.0,,2.6
6LR7,CRO,-6.2780884004852195,-168.6382847228637,1.6116047737146995,748.7978103330377,0.2431133593479148,0.953410396627442,32.251430647069576,31.28381947601779,46.15491465374387,507.0,488.0,0.79,0.7858459881628865,111.0,green,1.67
6M63,CRO,-12.744587230927142,-174.89589012288647,6.414222722094935,1519.4276509369342,0.6899215227059051,0.9043672739507034,51.15677326598965,37.03157838841095,69.72794715279409,,,,0.78606900594241,122.0,,2.25
6M9Z,CR2,2.4011002977192235,-7.739530411136825,175.63287623782276,845.5452932616762,0.4023719174990368,0.920461383244605,33.41270849399836,30.5885424557559,48.85524244123589,516.0,507.0,,0.8742218877853809,269.0,green,1.2
6MAS,CR2,-3.050754233970523,-10.586659783008788,177.6620895691655,930.298830808692,0.3827186159136914,0.9452159283872936,35.29010227929746,32.60328886796235,48.699276261246254,516.0,507.0,,0.609197095843755,98.0,green,1.3
6MXW,GYC,-162.9702784066657,179.40465925954987,0.04503600086325194,667.5654424420585,0.4983224198010447,0.9234650049943922,32.48608427932033,28.165168396817997,47.312070629398235,,,,0.8674292652411658,136.0,,2.049
6MYB,GYC,-160.46809983542423,178.0696206974895,-1.0752756598234867,647.3888227739064,0.4618957126575644,0.9290256962883676,31.97067410117504,28.3558856181138,47.30334758907592,,,,0.7663138501009932,135.0,,1.899
6MYC,GYC,-167.99367629404853,-0.6478719378615021,178.8093352449695,644.6506310634503,0.5483571497112137,0.9108326404342914,33.090944574402826,27.67211194345841,47.31970255485713,,,,0.8440167104279963,116.0,,2.396
6MZ3,CRO,-34.10055844355473,17.824753705727613,-163.6678546744791,793.1717637081115,0.5598151664808442,0.9299553170422084,34.81833212016191,28.851079695264335,46.74302730229554,610.0,587.0,0.22,1.12826098943417,125.0,red,1.088
6NQJ,GYC,-17.95353769815796,-162.72280317209925,17.46273038736404,730.8110900062914,0.5162493186099357,0.9413936855387618,34.304310544626304,29.379526994235963,48.39320553909651,518.0,503.0,,0.6520483410739137,108.0,green,2.0
6OFK,CRO,-2.8094863054357577,8.17956102930287,-166.94381995113892,777.7493838566782,0.3382687893748454,0.9353270273944392,33.288086674825124,31.32573846535725,48.35609002491909,507.0,488.0,0.79,0.6681226882606138,112.0,green,1.15
6OFN,CRO,0.2924421574553003,-0.920942455509797,178.52433488313324,804.7658691467337,0.3649720696989928,0.9442647193659868,33.96856525017252,31.625361590001233,54.90793455869661,507.0,488.0,0.79,0.6469254084402446,101.0,green,1.649
6OFO,GYS,-15.340683516155242,-161.48004822980667,21.036242415310316,718.2983326058576,0.3901256408705106,0.9311145057725438,32.573999950129306,29.992889379119,48.24408673412174,507.0,488.0,0.79,0.7653604008682552,91.0,green,2.603
6PFR,OHD,-11.52030416552419,12.881360733090576,-167.072828853052,815.5169608605675,0.2082629778798641,0.9372668715484612,33.193643793259795,32.465802332096295,52.9585089284068,507.0,488.0,0.79,0.7283113763559106,106.0,green,1.51
6PFS,OHD,-11.911831459732248,15.27082679367547,-165.7784337283744,722.3422800310962,0.4739798706009599,0.9650770967927114,33.997451991539414,29.93596947891237,51.447934415964326,507.0,488.0,0.79,0.6646175900446977,109.0,green,1.759
6PFT,OHD,173.13535061020397,31.917979994064897,-147.11369375061383,908.8664298838968,0.231435080969696,0.932137949896178,34.081222331380516,33.155929070033125,53.98662325620005,507.0,488.0,0.79,0.7891542755135985,97.0,green,1.45
6PFU,OHD,-153.07125623091648,139.73956370714006,-42.989239651441736,765.1840442960461,0.5214739547486464,0.9543833904405378,33.553710893591415,28.63028094226962,49.62121538085967,507.0,488.0,0.79,0.6639194019664989,207.0,green,1.619
6QQ8,CRF,-6.280015849657166,5.83585879219178,-174.2123571467542,823.178753584542,0.4177074431683244,0.9329093963245936,33.61856063701519,30.545205022427563,46.67592374726499,475.0,433.0,,0.6256062126658516,125.0,cyan,1.46
6QQ9,CRF,-8.576816432824337,8.360543635407087,-171.6438142971273,732.2443247291935,0.2834080674609351,0.9353046543243456,31.89513997483872,30.58742039973993,47.62381449928842,475.0,433.0,,0.823969803957441,129.0,cyan,1.82
6QQA,CRF,-5.698741073310114,6.754616318432317,-173.22922845795892,708.4604687303685,0.5148348918461725,0.9337756900466436,33.522409704205614,28.738404914013337,54.07673860699136,475.0,433.0,,0.5588213814669285,125.0,cyan,1.66
6QQB,CRF,-5.177531593294194,6.229787010005798,-173.71223966020918,673.9959408665229,0.4410073558469615,0.9274218292961728,32.5609008012593,29.22352206180892,53.93139777732871,475.0,433.0,,0.5240128218036517,131.0,cyan,2.45
6QSL,PIA,-3.133461405120533,6.7916781326817866,-165.4874310352699,796.9820934371478,0.5238049653069344,0.9344121467256346,34.67286589062945,29.535672469766055,46.76504390505528,492.0,462.0,,0.4961789388658591,110.0,cyan,1.6
6QSM,PIA,-5.403011442771399,8.239999160866612,-165.46477282173424,778.4402615500725,0.5298368157196411,0.924770679356824,35.19318242039213,29.84732429008084,47.45829403249967,492.0,462.0,,0.4635364854309965,113.0,cyan,1.65
6QSO,PIA,-4.956911563967002,6.866060757098279,-164.90958364475674,746.4514571213917,0.3536632335403403,0.924961540019977,32.65373306804708,30.543414467991163,46.674914575468975,492.0,462.0,,0.6491066933056976,116.0,cyan,1.8
6QUH,CRO,-12.588328770108701,8.504123530344497,-171.84673699493345,799.5632988339621,0.5235852005711984,0.9305053652700924,35.60983648870948,30.338630612739156,51.35969217112421,507.0,488.0,0.79,0.7145687251411185,108.0,green,1.5
6QUI,CRO,-15.014190671105885,8.946681226980585,-171.3128476949343,741.0882757875048,0.427479453982937,0.9426931458602058,32.9843290009515,29.81866013758265,48.49667377060557,507.0,488.0,0.79,0.7279321674549345,116.0,green,1.94
6QUJ,CRO,-16.696586576358946,11.760261841318355,-170.0435031606706,754.1075420955899,0.354076466907852,0.9445838159000456,32.56251431265614,30.452999860812508,48.45933240752116,507.0,488.0,0.79,0.7348475708745758,114.0,green,1.68
6S67,CRO,-1.1984013173279673,-173.05424765209082,4.543093860169959,719.3262658019538,0.2223668262931571,0.9371793240106572,31.444233446378963,30.65696648272937,46.27472183170932,509.0,395.0,,0.8138435955729867,103.0,green,2.47
6T39,PIA,169.39958195967546,-136.12626126270536,45.09478064886695,882.7955565533905,0.5447432760001418,0.9370246014227148,33.82576353996077,28.366382176427443,55.383937166290806,507.0,488.0,0.79,0.5334646521494032,640.0,green,1.6
6T3A,PIA,-13.248280075953145,2.3844734717172926,-163.69579217207777,737.6505745259806,0.4478075303466194,0.941440286280155,34.60139177175624,30.938141628948575,55.68078273606688,507.0,488.0,0.79,0.8579498181868247,104.0,green,1.85
6UHJ,CRO,-10.312780603594822,1.5468095928102061,-170.19362103408125,908.499934110198,0.54603107781105,0.937663438156892,35.89835534016383,30.07438280857863,47.175612469750384,507.0,488.0,0.79,0.7695916663622017,113.0,green,1.5
6UHK,CRO,-3.302661452079658,0.1164338146748846,-169.80235786085302,725.1243365378436,0.4330059472397375,0.926153333341291,33.87165037229534,30.531602957170367,49.09745758147126,507.0,488.0,0.79,0.6775318158952596,115.0,green,1.9
6UHL,CRO,-2.5132451435637133,-3.850333302112785,-174.77801525514244,827.573640103107,0.4189660380013387,0.8785488130320656,33.01226089864824,29.97519577556451,47.33691052071166,507.0,488.0,0.79,0.6422822749440187,107.0,green,1.91
6UHM,CRO,-2.9049758115251216,2.304632498865989,-169.80616543490555,710.693114101042,0.287691649295638,0.9280133556342216,31.66460633405947,30.32592458562631,53.09327010756453,507.0,488.0,0.79,0.800112976564863,108.0,green,2.1
6UHN,CRO,-7.960866497100797,-0.30261181888981487,-167.33935037294313,721.7526936916074,0.3072637759111966,0.952156708296532,31.48122569227659,29.958302069657567,47.703230960699976,507.0,488.0,0.79,0.7286063458510067,108.0,green,1.92
6UHO,CRO,-6.621448504525395,-3.8507261476708177,-170.38018078821634,775.7116853023028,0.4546492059610326,0.939611267404688,33.676233023402645,29.99443032889989,47.53551451585992,507.0,488.0,0.79,0.6392079092146248,112.0,green,1.95
6UHP,CRO,-10.429027615743006,1.5551124227904314,-169.98651733042868,641.5930068943057,0.3359642959866423,0.9247224472530852,31.080970469295888,29.274380418272106,47.846439098662074,507.0,488.0,0.79,0.1891923491859971,102.0,green,2.9
6UHQ,CRO,-6.322629185673802,5.81995280153541,-167.9652459682905,679.4794665052716,0.4834843924754938,0.9346819866881984,32.47430566869784,28.426480289453348,52.42317775722252,507.0,488.0,0.79,1.0256163390533577,110.0,green,2.85
6UHR,CRO,-7.436584193720853,14.557382306711329,-156.9211921864283,678.1207346982851,0.3095270684115009,0.9457250138194958,31.39296595730825,29.85127723776975,48.3876226609153,507.0,488.0,0.79,0.6897876053542841,87.0,green,3.0
6UN4,OHD,-12.086055323950701,14.452560612903898,-165.96241866294014,896.3478288346699,0.3447012681646206,0.9177052246795226,33.38338719271703,31.337400682038226,54.66362444896781,507.0,488.0,0.79,0.6755367307013547,204.0,green,1.499
6VIO,CR2,-8.73173286344561,1.040644930653758,-179.17848626827794,732.7280039632825,0.0624142842777549,0.9384526777665608,31.505687813515507,31.44426205452201,46.923696463167616,527.0,514.0,,0.9633209903437732,85.0,yellow,3.6
6WV3,CRO,-26.56158856537934,15.812063979597644,-164.47702287782644,1527.213477152769,0.7104449641973253,0.8718736179131777,54.37848440859495,38.26900870502814,87.42950291766964,,,,0.612773400671988,100.0,,2.197
6WV4,CRO,-17.678145161219277,13.013757194064981,-167.5286668177576,1422.5980768378877,0.7192888927523672,0.8907167345848295,53.612772263870795,37.245387078980706,81.17451714794333,,,,0.5766458673352624,102.0,,3.012
6WV5,CRO,-27.085948511705556,14.207837635694476,-166.092053819303,1461.8366518972498,0.7001727318911792,0.874039590974052,53.182781795314675,37.97109636702701,93.4953292483157,,,,0.8371936438577615,105.0,,2.8
6WV6,CRO,-25.4954923407472,7.967412306523974,-172.88804694951457,1422.8028548477944,0.7201857899851147,0.8861338192699865,53.99490996982877,37.460656329094455,86.32627040410662,,,,0.7146515627380001,101.0,,2.7
6WV7,CRO,-20.5655104755255,18.867804020243057,-162.09260369923368,1686.2965787313449,0.7319526919347096,0.8698810882584913,57.97171053698053,39.499341240311345,87.8257102754911,,,,0.5887091015897874,97.0,,2.483
6WV8,CRO,-21.317898822348788,11.278647952723373,-169.21678734774443,1703.7576650385276,0.867954310695628,0.6959621749193051,69.97882229756816,34.754565871176425,89.26313524985099,,,,0.700566874067915,90.0,,3.01
6WV9,CRO,-13.767399027824453,14.060420111517908,-166.5509501181907,1332.005653106553,0.6389097090959437,0.9118950709042845,47.805028062518986,36.77553479972863,82.94390324766223,,,,0.5436372129825366,104.0,,3.35
6WVA,CRO,-24.82228146119608,24.086866030445332,-156.41309916766886,1334.298256301903,0.631296084567672,0.9121848992784598,47.52703184852891,36.85920503937422,82.78213476395274,,,,0.5888055047555942,100.0,,3.35
6WVB,CRO,-30.330568683794084,24.378839711039685,-156.020737881409,1335.4359271724395,0.7271903009460555,0.8577902341635739,52.28994778123311,35.89369818129181,82.5110785036772,,,,0.7277435705579242,94.0,,2.872
6WVD,CRO,-22.637413277911385,12.783537738430272,-167.54873805889392,1455.839692978292,0.5941851253782106,0.8947082063282884,48.31054508602971,38.857539279785634,98.13008166512748,,,,0.758050331753643,103.0,,2.25
6WVE,CRO,-35.572504197665424,24.73989868444166,-155.91530937556922,1352.7329331826295,0.772228996301373,0.8888073978073072,53.986468369554686,34.29999485923624,88.65497343745545,,,,0.5938408616848089,96.0,,2.429
6WVF,CRO,-19.30955422128292,31.13456365156435,-149.4421010519742,1381.0709853986905,0.6968843143649345,0.8824724261596144,52.21922628342441,37.45077037550078,88.36856038559387,,,,0.8355668085511273,106.0,,2.9
6WVG,CRO,-12.744306744331181,12.82457209025688,-167.21700374176504,873.4722469430329,0.5980179511724907,0.9071759507032892,37.864594988926456,30.347818101940888,116.4706391496876,,,,0.808926685305829,94.0,,2.9
6WVH,CRO,-21.87260886917978,14.167856978861957,-166.2462057488437,1688.0338552752892,0.7286952275948216,0.8653484720535336,58.283517512036646,39.914775184409024,87.99011825934511,,,,0.6664710073526693,101.0,,1.99
6WVI,CRO,-22.98084304565975,18.316999033024338,-162.92544268119556,1344.2575150067914,0.6342214493143322,0.906675962207586,47.415683109373056,36.65950379895458,82.7100819219362,,,,0.5654043879477281,106.0,,2.4
6XWY,NRQ,-26.885847234964213,30.414855919685117,-150.1279790370721,853.31236163959,0.4237080166410418,0.8520228406597242,33.86878348713082,30.678304385212115,48.56096752365654,583.0,558.0,,0.9078446297058762,128.0,red,1.75
6XZF,CRO,-8.495628590078864,8.42138522709939,-172.34728670292682,730.4273047760353,0.4435906917983893,0.9325180043356336,33.7226666481125,30.223248320268077,48.73585577144824,507.0,488.0,0.79,0.8032754549477515,111.0,green,1.8
6Y1G,CRU,-173.90189718616213,142.44473286190274,-33.498143796290684,754.6988058616926,0.4113180810694892,0.9014703004822028,32.47590848470275,29.60152668131913,48.33325969062848,637.0,590.0,,1.325783409560075,118.0,red,2.3
6YLM,NRQ,2.127452684159887,-3.1659078475385116,178.00477517207545,739.336735080015,0.5687419716949865,0.9278884194778102,34.31623893907919,28.225655574209103,48.916540556689974,610.0,587.0,0.22,1.062342743327728,119.0,red,1.6
6ZQO,CR2,0.2622214768686532,22.51252916785969,-158.0905174145828,746.8584019447345,0.2724410922542685,0.9489672163353744,31.72000583085261,30.520116181082372,49.06215569077453,527.0,514.0,,0.5198354431872266,121.0,yellow,2.2
6ZSM,PIA,-2.133309465560292,-2.0487167481542063,-172.83486076939423,1638.7463226652828,0.6714975345929399,0.9125045636658612,52.4197686415095,38.84340443025646,72.1620660541467,507.0,488.0,,0.6857317492255902,99.0,green,1.95
6ZSN,PIA,-175.80089663951895,166.87937475792228,-4.3886872232381275,1516.2552346399664,0.6519558058289252,0.9218843318199031,50.505813088747786,38.29638462329571,71.49445760698865,507.0,488.0,,0.7406354363294003,96.0,green,2.6
6ZUI,CR2,-3.5355865174906396,-2.8832980026193935,-178.65438897096314,1457.4613730680974,0.7036845939592565,0.8765660804707194,53.045739495499426,37.68966022059109,64.54618275249985,527.0,514.0,,0.7065397636138397,106.0,yellow,2.20008218184
7A7K,CRO,-24.011172549572482,13.861409105608992,-166.41740884049418,798.4063736087992,0.382370676001479,0.9271990632023972,34.167050630607,31.570662915728057,52.621181173935454,507.0,488.0,0.79,0.8967860399553729,116.0,green,1.55
7A7L,CRO,166.4350531951801,-129.29017753868243,53.47143136835162,867.581814678962,0.1299737936677446,0.9533151341797002,33.551300693189766,33.26669941897109,52.79902558754503,507.0,488.0,0.79,0.624265549979344,92.0,green,1.3
7A7M,CRO,-18.077489406595895,7.194328080505445,-174.01165490118103,810.4734073387236,0.6566420244989154,0.9159231262102328,37.60311721424511,28.360361038473357,47.06175910478507,,,,0.8034459507994629,117.0,,1.6
7A7N,CRO,167.45914547437707,-129.45183694377198,47.655665911689375,926.8690030629156,0.3939615779632869,0.9403897931855082,36.28479233643983,33.35032902865157,47.507125336873344,,,,0.5979909627575637,103.0,,1.2
7A7O,CRO,-13.99097296707373,10.282482150599911,-168.95009683208738,758.9724016472456,0.372298347139442,0.9250245846711014,33.49741565493512,31.089390544010342,54.64990465132064,,,,0.7051205199871121,125.0,,1.8
7A7P,CRO,162.29174051466688,58.32383686121448,-121.97378046534597,754.508779642518,0.4799719525904973,0.9363351861340924,33.55528369251849,29.437507915892496,48.58022641097419,,,,0.6787705765817236,203.0,,1.48
7A7Q,CRO,-24.515144648664233,5.277184120511042,-175.8054756989514,731.4898797457209,0.4087902805166149,0.9538134670094568,32.96972501540376,30.08910576481127,46.258616523779885,,,,0.9247333757415712,108.0,,2.0
7A7R,CRO,162.39634888659532,-114.19732404766441,66.85565768125186,783.3953259465168,0.368760157219733,0.9482995332136048,33.313386108560586,30.96561126002291,46.4908056875868,,,,0.8233248832171913,96.0,,2.35
7A7S,CRO,-21.294128246334278,13.81171089773597,-166.923746034305,714.0159531925939,0.4354581187689537,0.943568228439506,33.294799274313434,29.972277647719977,48.52067409022536,,,,0.7439090385040313,102.0,,1.73
7A7T,CRO,164.4687298840456,55.41581188763756,-125.42596691539374,796.9700925398961,0.5807286589475095,0.9479588617447712,36.16088701413551,29.43847628204955,48.790826880322506,,,,0.7693346784977713,217.0,,1.58
7A7U,CRO,-16.209633896895944,7.293100791740097,-173.85323947966427,730.1353943472079,0.4637183529354231,0.951250585082296,33.55542541001837,29.7295253525049,46.35648506243476,,,,0.8438402349113802,111.0,,2.15
7A7V,CRO,162.55464197395509,64.78752811919706,-115.10633643088391,749.0679598648028,0.3352128014686024,0.9418539641426502,31.71315489620588,29.87830914212861,47.747783379695335,,,,0.776349518202462,222.0,,2.0
7A7W,CRO,-12.013564476547042,8.099067014489494,-173.3395411800056,934.2336664820256,0.3775568007576618,0.9341486374788563,34.3676059084017,31.82393658506805,47.45510327650756,,,,0.6308907551164554,273.0,,1.3
7A7X,CRO,159.15015566720305,-108.29209176014808,71.0988307242939,850.3500191912941,0.4988032370870088,0.9525461915729466,36.26991327278702,31.435687077105936,47.36358067835,,,,0.8671084977110012,94.0,,1.85
7A7Y,CRO,-5.413996574469735,3.2223792391928794,-175.49696907337767,849.5609860761729,0.3436163540444636,0.9293176974949368,34.73323433348293,32.61833156234039,53.39524442393091,,,,0.6068867578624118,141.0,,0.97
7A7Z,CRO,-2.6271407198296304,2.2404053699641375,-179.5399691776705,878.7326069896554,0.354981326340347,0.9539765245463904,34.54359082733245,32.29388390791752,46.94293320323834,,,,0.7201813997473319,226.0,,1.1
7A80,CRO,-19.47185779022637,9.340750415814437,-171.15818938008132,775.0030407371277,0.4575421806759548,0.9248025624282962,33.65317003197517,29.923992183196237,50.15813117306581,,,,0.8536159450310146,221.0,,2.05
7A81,CRO,-26.477526151765133,-167.75317868359278,12.25857585921787,786.9682317270189,0.4559660035846178,0.9504622540904412,33.54389740915579,29.853974536941077,53.760712683188785,,,,0.6023850061917159,220.0,,1.7
7A82,CRO,153.48015105424582,71.6573033285401,-108.4996089014855,752.9640756367518,0.1570772781875841,0.9478822287667668,31.206959060280475,30.819565686508643,53.43060961232272,,,,0.7116293021504732,207.0,,1.9
7A83,CRO,-24.983062058891694,12.236583912697562,-169.14238808052298,875.6533443099999,0.5839280128423674,0.942849334303702,38.04303225589517,30.883540619199408,47.14886861865211,,,,0.8033017990850643,122.0,,1.73
7A84,CRO,157.61636486391433,67.93309454917346,-113.19081210005537,670.6020080979582,0.4479060135509158,0.9485404716745284,32.19913753481303,28.788625714295257,46.40654825573249,,,,0.7387284998283645,196.0,,2.1
7A85,CRO,-19.381751276040674,9.03645305748269,-171.22025474686149,911.154751132596,0.4309984926881857,0.9276252563623346,36.251735815592546,32.711849766575135,47.03955915396975,,,,0.6959667428847701,112.0,,1.52
7A86,CRO,144.82764881912286,-108.77538429970748,72.13346099263693,795.919427399098,0.3607747365011716,0.9412152726228424,33.13423925718642,30.902747132454177,47.11582486416059,,,,0.7755563543470612,235.0,,1.9
7A87,CRO,-14.147084754778898,8.405784092156232,-171.78733174235808,745.3048033275777,0.4136173140452251,0.9319450355000538,34.354305663332525,31.27790617457698,56.48659701931558,,,,0.6048021557643342,112.0,,1.75
7A88,CRO,154.53871443344903,-112.74374830806522,68.04822620893407,786.3646452538193,0.5012942938568606,0.944305771351661,35.04024237713859,30.319510624282103,56.95060951791939,,,,0.7198470396388214,100.0,,1.95
7A89,CRO,-23.185290452711524,7.611085454816066,-173.2651217140795,681.7229105008329,0.3440742390687884,0.9376906396972544,32.466240970025204,30.48393172799012,45.91492096009429,,,,0.7859063002534298,109.0,,2.5
7A8A,CRO,155.29694978734443,76.47322851424478,-104.83261234327522,747.9140542889418,0.3379833972846824,0.950307254751585,32.381047753654414,30.47549019600052,53.38085674714942,,,,0.6442723312992953,220.0,,1.93
7A8B,CRO,-22.851469532488377,13.531972159445331,-167.2185704435133,772.804965984727,0.3795934325506733,0.9458146338402637,33.38615357354779,30.887313715822746,57.1410382072617,,,,0.6463132280631513,235.0,,1.55
7A8C,CRO,158.92626446258373,-118.6394126643917,62.85054645072679,779.9108915238882,0.4454658828704966,0.8854321835194751,34.43025752818359,30.825372208119347,47.80047255777879,,,,0.7217092198222089,93.0,,2.13
7A8D,CRO,-26.288666573390348,21.28251802488453,-158.78891394351749,826.8324909378741,0.4883299699674583,0.9100104997876182,33.993887146726024,29.66507370899831,54.816453161668335,,,,0.6540671128031555,231.0,,1.65
7A8E,CRO,158.96327271715847,-116.72731875436973,64.41581741453514,757.3914748199949,0.3127091028214177,0.9201727827044616,31.69626489483496,30.106663749025916,49.34172980691579,,,,0.7334517832008726,217.0,,2.2
7A8F,CRO,-15.553296006495788,5.17774815811545,-175.11781247241225,718.7916552262482,0.3565082711027986,0.9522521156853364,32.99682110438018,30.828671481674807,54.00755359665748,,,,0.7116159489556408,107.0,,2.27
7A8G,CRO,-12.87890542840695,16.176583857681763,-165.21032885460053,716.0632177163513,0.3371322378756556,0.9454710097628342,32.5630209832378,30.656693926470034,46.82832027688651,,,,0.8075382556643605,99.0,,2.0
7A8H,CRO,-11.358037954208557,3.6186266732317405,-177.65017245885105,753.7436070934739,0.2787189054091555,0.9227957128183968,32.93848373884308,31.63322140010759,50.4913818585195,,,,0.7158500579674966,108.0,,1.7
7A8I,CRO,-176.30212817189928,152.26722019098167,-28.84708357030788,758.1336636412346,0.4319086776238702,0.9520696095994828,34.34629417203456,30.97751839275316,50.795503479435425,,,,0.7704370982654124,104.0,,2.0
7A8J,CRO,-8.621985317439112,3.945389050472719,-173.7446982821921,767.0956577161685,0.1130645729389417,0.9481567943886312,32.745555416540746,32.53557919248255,47.731226966611366,,,,0.6728089885016446,109.0,,1.85
7A8K,CRO,-161.7901626227659,144.60630841654378,-36.622724277727684,811.0771148540135,0.2981023410855631,0.933168289168943,31.921756799064635,30.470399480288517,46.75904530940292,,,,0.780901437416414,198.0,,2.25
7A8L,CRO,-12.6047169709951,7.149691289770898,-172.712068286878,790.5862241720912,0.3655692886829987,0.9297490207115112,34.373242595418795,31.994068676979463,57.49775169458644,,,,0.718611354022782,112.0,,1.75
7A8M,CRO,-12.26499182872846,8.7695881397332,-171.972846048785,783.9272877033015,0.3937627139564998,0.9378987328137158,34.46431000946284,31.680011534549667,57.30516489103053,,,,0.6935578612613551,122.0,,1.6
7A8N,CRO,-21.216933813886282,19.51341564268679,-160.77425819775206,752.7579305951201,0.4549923921573769,0.9538446372196404,34.402351236874466,30.63513293061068,52.92332165852832,,,,0.7124287917589966,95.0,,2.1
7A8O,CRO,-7.8229009494910215,7.648508873225254,-174.0455896051026,903.3209430092758,0.535379131795989,0.9323778461101588,36.3738163332799,30.721756478731592,54.73635523229004,,,,0.721001333222443,123.0,,1.6
7AMB,PIA,2.6526148862805194,-5.439922711517909,-174.67315091108972,817.6471098857461,0.321151945641379,0.9268426109848767,34.921324170781524,33.0714606327173,48.771136868975375,,,,0.6698687606979749,115.0,,1.63
7AMF,PIA,-6.573479980173867,2.2576980393203088,-169.50957285391698,750.4916746452689,0.466271950800398,0.9561122892589934,32.78402861189255,29.00211010477904,55.10222337211944,,,,0.5606524138481018,346.0,,1.63
7AMU,PIA,-5.437269969226504,-2.1483124249388106,-172.1803346468006,815.2001079978088,0.3724958987127285,0.9435500775936412,34.36147963046553,31.888615838762348,54.84342677022791,507.0,488.0,0.79,0.901280608318994,99.0,green,1.64
7CAO,QYG,-177.6883983591966,-43.27774127889909,138.541200218964,717.7949321049904,0.2344899061233253,0.9173722134353864,31.86086917322792,30.972542084531828,52.663423749638795,,,,0.9725073837259364,106.0,,2.05
7CD7,CRO,-7.779837491048169,4.345799726070592,-175.52227810279695,827.9409822224152,0.4783003279619998,0.93396402449616,35.59896312810502,31.26287881642907,60.729539935685416,507.0,488.0,0.79,0.7360860086179069,101.0,green,1.704
7CD8,CRO,-13.684741673921177,12.923607678250454,-168.59804839171116,805.8852048817374,0.1463103447874265,0.9430602536187508,32.84198644362542,32.48856526022692,47.648196500776066,507.0,488.0,0.79,0.7640915934118254,104.0,green,2.0
7E53,CRO,-13.634522984685972,13.921935310204955,-151.0752840467416,761.2078318568961,0.3118974247270933,0.9247547655298723,32.95881449469059,31.31468975959909,46.818403236633415,507.0,488.0,0.79,0.7761207814499832,100.0,green,2.21
7KM4,CRO,-7.510625657130263,16.092106211832476,-165.41357923899076,688.0649297533928,0.4732145613262566,0.9363193662161956,32.97973396339519,29.05340447450681,46.298521428958466,510.0,485.0,,0.6603277391343709,99.0,green,2.65
7LG4,GYS,-5.697516556457968,-173.56611188617657,10.4268955321375,798.6329925882974,0.3011175355489279,0.9549363367888798,33.45266105125966,31.900023802722597,51.196028802454514,507.0,488.0,0.79,0.6146818065326121,119.0,green,1.81
7O7C,PIA,165.79040190760816,-126.55902726589748,53.623195319000125,826.2908015671198,0.5117977189208031,0.929024736898446,33.8566921770738,29.086486910092898,52.41183139706881,507.0,488.0,0.79,0.704940243312354,277.0,green,1.55
7O7D,PIA,-11.737384966482239,7.45520698493964,-173.59486977029843,835.0601327981952,0.3889087360856806,0.9457993120605166,34.835135840927705,32.092784567004855,54.402951450308706,507.0,488.0,0.79,0.6759322329977921,100.0,green,1.4
7O7E,PIA,-11.298527967154858,9.507014216642942,-171.35590002184856,824.0967863840084,0.5179104139099131,0.9350309175124086,36.521101179587895,31.24142314847499,55.370207405148605,507.0,488.0,0.79,0.7532586369716303,105.0,green,1.8
7O7H,PIA,-166.63452456684885,175.0853396096646,-6.6027061612226055,814.9387652260615,0.4609306301881844,0.9428000620903484,34.26437142612767,30.40744251362144,55.02371770656089,507.0,488.0,0.79,0.7455265131210647,212.0,green,1.7
7O7U,PIA,170.00650927302357,-132.95235310687508,47.76162505763715,892.6566610119262,0.5198004113284206,0.916717605081066,34.70523955208037,29.648260453247907,55.99364792307438,507.0,488.0,0.79,0.5727537608151106,555.0,green,1.7
7O7V,PIA,-11.618774456199827,10.045685492059642,-177.47451369003286,806.0637949471449,0.4535709450835272,0.9148952185950356,35.055662347719135,31.24231348210416,55.20710256044251,507.0,488.0,0.79,0.7322574731129246,98.0,green,1.9
7O7W,PIA,-28.892127984706605,7.148203704856012,-172.80676926351748,740.7014977488828,0.5062695017549188,0.946960765888672,33.52558304978305,28.911635392232956,56.01815438541721,507.0,488.0,0.79,0.7909154474890715,288.0,green,2.1
7O7X,PIA,169.1930824804815,-132.3873959096464,50.17610535989172,767.2349487690104,0.4903996666914217,0.9487343940128048,34.061294872296585,29.684338690296883,55.69748352593757,507.0,488.0,0.79,0.853938941338101,320.0,green,1.95
7OIN,NRQ,-15.675434370643023,-167.39106078227547,14.274689341847978,950.281911504538,0.7688239725337568,0.7905316908978436,45.32353787961595,28.982611067210964,50.626010907958104,594.0,569.0,0.7,0.6553440364621828,120.0,red,1.4
7PCA,CRO,-3.6808431211944965,5.257034664264764,-176.14993226516572,801.0922406263481,0.2769550140607366,0.9156858720095572,32.72062297684653,31.440686630540895,48.90170232123513,510.0,485.0,,0.5906738507427893,126.0,green,1.05
7PCZ,CRO,-7.618962857223955,7.595438350288381,-173.96441212820477,782.5653725309378,0.5690931766378834,0.9243197786777304,36.53046901712111,30.03801990003893,53.06334717282208,510.0,485.0,,0.6493835307731206,125.0,green,1.35
7PD0,CRO,-18.328672404047346,16.243841149075028,-164.32505538527644,771.1741830727701,0.3820027753694178,0.9288640732480602,33.89557155853267,31.3249712797743,55.566598294030506,510.0,485.0,,0.7236483696600653,100.0,green,2.0
7PNN,CR2,-8.521084722062547,-0.3171769253618057,178.55377029543573,741.968995003333,0.3525077636624953,0.945910853582752,32.73310460943478,30.63193025503723,49.55976562140749,528.0,515.0,,0.6912986019403701,120.0,yellow,1.43
7QLI,PIA,-9.034595410231777,12.600636476969866,-166.44267979524653,840.5666212482329,0.5690889951963277,0.8945663066543353,36.035493038583304,29.63111878114656,46.275059513775744,,,,0.7075902973970865,115.0,,1.155
7QLJ,PIA,-134.5741933208737,77.26421602542462,-109.13420968504708,780.3016722479189,0.496241458774635,0.926724649115875,33.696893784418634,29.25512260028429,49.355806289677915,,,,0.807678562126756,233.0,,1.02
7QLK,PIA,-6.1262451339001025,9.328930326918329,-171.10158011398426,790.0927159749328,0.4988941552348651,0.9211857515100615,34.86337164989598,30.214791575099746,46.16739972248134,,,,0.9697741190527688,112.0,,1.458
7QLL,PIA,-15.655282314484028,16.741951285549902,-164.5087245749484,857.6517344079575,0.4783183287690607,0.8561363150476183,34.65181035012239,30.43075298877853,49.66374119948982,,,,0.7716660677776215,109.0,,1.324
7QLM,PIA,-167.2067640023724,163.03338961548496,-19.786717648920007,737.7066031775291,0.4673874404952652,0.9120743262704736,33.623412979143595,29.724865301877873,46.17669273267704,,,,0.8026132590558281,110.0,,1.3
7QLN,PIA,176.22161120489625,179.14678998578034,-1.4699052039578349,746.4167070901267,0.4357428991799926,0.918100491722818,33.76592597016277,30.391736770751017,46.3829921282024,,,,1.2470832612965832,95.0,,1.5
7QLO,PIA,-177.25241483517794,177.87110060666015,-2.5232891457844993,748.2231609079628,0.458503010246775,0.918064733178076,34.31884634898306,30.49891352416132,46.35611333542066,,,,1.9016685633513168,69.0,,1.31
7RRH,GYC,-27.926606452697254,-157.86955303727046,24.544975069489134,726.8202291182483,0.5100441385216331,0.9055375813700216,33.22697418994605,28.580123022046383,46.00327188934179,518.0,503.0,,0.8998376073743192,104.0,green,1.747
7RRI,GYC,-26.06400344717789,-133.70276759174573,45.568096280640376,676.6388643097557,0.4658323111705597,0.925578265147774,32.1634430045625,28.4605628786294,49.71382080194475,518.0,503.0,,0.7913325518328151,89.0,green,2.643
7RRJ,GYC,-46.183647591795804,-132.07985877765236,49.173072125498564,744.9887651387475,0.4704871329530009,0.9339252378455009,32.063616872703754,28.29315532410733,50.70966788972605,518.0,503.0,,0.8440919584323827,230.0,green,2.2
7RRK,GYC,-24.5581956946323,-154.3436707174312,25.92093863582058,790.4972063964107,0.4276797447272826,0.9319330593401044,33.38631194360694,30.17889987028663,48.60074041952545,518.0,503.0,,0.687450055349869,119.0,green,1.929
7RY2,CH6,-34.47707804982173,20.158687391712732,-160.80179699310534,693.9632742260345,0.63178059953442,0.8852045275266704,34.91997469855891,27.06812269258607,47.0922070166704,,,,1.1130708438566792,120.0,,2.05
7SAH,CRO,-10.236334761433028,6.9010855443916626,-173.02075859393364,832.9517368456823,0.4569767301476875,0.9438714964540932,34.36410998459784,30.566142143985378,47.08865923740572,507.0,488.0,0.79,0.6958062313340349,110.0,green,1.6
7SAI,CRO,-17.09665674227364,12.495795266811328,-168.84931046457336,758.1573297455072,0.3621639823652406,0.9442021376539984,33.250433749556656,30.993208018416283,47.36978773721704,507.0,488.0,0.79,0.7203297275186614,104.0,green,2.23
7SAJ,NRQ,-45.97965791741619,37.34101664156459,-143.45735026705438,695.5334060514128,0.4331290084347791,0.9215019405165824,32.157118486406354,28.984237918596296,46.96810754471133,610.0,587.0,0.22,1.3614754756742045,132.0,red,2.37
7SAK,NRQ,-14.837446462816894,8.180494205531136,-173.93735416255876,897.4449494679521,0.5149809851362463,0.951979375215676,36.38875624200586,31.192500113103137,47.95175178153605,610.0,587.0,0.22,0.9084885103284228,132.0,red,1.15
7SAL,NRQ,-28.364667196550432,20.174728547861452,-162.26544804499179,770.4523467573977,0.4647517634546117,0.927329094192818,33.23818615966579,29.43045342739458,47.12573648664582,610.0,587.0,0.22,0.8160296220952419,120.0,red,1.93
7SWR,CRQ,-177.08738849266638,-25.692497737426276,154.30208369192664,757.9504751850056,0.519063520650886,0.9061625059070134,34.14935283078193,29.18866989116268,46.632104890728286,,,,0.83395795635612,142.0,,1.388
7SWS,CRQ,-177.16006554034885,-34.26462042142853,145.19191880057616,811.291679979,0.6152691714583329,0.9144213431184524,35.32585672409935,27.84797684934966,46.618852700165576,,,,0.7986248412053081,141.0,,1.642
7SWT,NRQ,-23.367719209618397,-179.82326975900352,3.2904293899710084,747.3737269430133,0.4202038339883727,0.8971753682083804,32.67932863426119,29.654194773564058,46.2655015039102,,,,1.049457784846288,119.0,,2.005
7TSR,PIA,-13.545999221749316,-165.76049882167908,18.685316869581808,735.7367868639934,0.5022657000610232,0.9095008499362484,32.01309065963914,27.68214666219876,46.3364148319672,516.0,506.0,,0.8605482910513518,222.0,green,1.75
7TSS,PIA,-170.38281352624716,-50.10659382062984,140.17370127035923,704.318524455479,0.5230299496478183,0.9150542430986808,32.29338127524808,27.524110765876458,46.7062806191082,516.0,506.0,,0.9007931712716788,208.0,green,1.75
7TSU,PIA,-11.63845118739479,-169.7638964736825,13.73364564494442,777.5597120689188,0.4882307685596297,0.8967992758258555,32.27268376924668,28.164841263381067,46.256376155534625,516.0,506.0,,0.7882326569228483,228.0,green,1.75
7TSV,PIA,-166.73406540869303,127.27951643214608,-58.20552482312601,712.4377861090516,0.4161787598507435,0.9201707773071276,30.932683716753672,28.12655776280618,46.28380174641666,516.0,506.0,,0.9495917906241208,255.0,green,1.75
7UGR,CR2,-4.72438286383442,178.0805638679375,-2.624718599187373,817.5186974766395,0.6435967697444654,0.9160177566740094,37.76041422501688,28.900489929876628,47.381858825763935,527.0,514.0,,0.7434078753146292,115.0,yellow,1.74
7UGS,CR2,2.0125714916749438,175.5210439632668,-8.054637307911062,760.9567982312201,0.3013988384196825,0.9166183380722434,33.39751429752124,31.84446841507595,47.15743582980468,527.0,514.0,,0.6614060355781651,113.0,yellow,1.63
7UGT,CR2,-1.5236748313684545,-175.09517108515624,1.1934425846733587,793.4574957462531,0.5178012802853277,0.9385211683208332,35.18095063227851,30.097335838293397,51.82517443689059,,,,0.6889564715028728,109.0,,1.21
7VCM,CRO,-23.457454341183894,13.80810993187423,-166.431001899137,1469.9375215619243,0.673079340278939,0.9078445954586624,50.94374309567274,37.67647843610919,74.28927430186107,,,,0.4328897189161798,109.0,,1.85
7X2B,NRQ,-3.4487980229398363,8.69599468381784,-170.58331155773084,725.0677478784559,0.4952714322294622,0.9243896965606844,33.19981546616738,28.841950761718852,46.66268218426909,583.0,558.0,,0.8139185534344228,123.0,red,1.63
7Y40,CR2,-4.670927861833089,-167.88463200157113,4.017151508673783,847.6362827783007,0.3012930532358826,0.9479880385225452,33.95501176178632,32.377176406100055,45.98115580861341,507.0,488.0,,0.7435081515305393,99.0,green,1.7
7Y96,CRO,-12.843476189624445,4.813165108074679,-175.83576329986252,1394.2681378837283,0.7372433165749799,0.8636451592769461,53.607607487082824,36.21876483806683,70.79970528906648,507.0,488.0,0.79,0.7546536625427382,96.0,green,3.415
7YAO,CR2,-8.593434987999695,-163.65161366178913,4.989823531216124,873.772657533733,0.2924711604909879,0.9345513821556224,33.99076366646923,32.504495214565424,46.13462390225594,507.0,488.0,,0.7516518951749402,103.0,green,1.5
7YEU,GYS,-5.554847844676542,-0.2777442275898185,-170.8457367267174,881.4262926836129,0.1653914949769039,0.9563681826617436,33.439341279221075,32.97881442369759,57.815263044666594,510.0,485.0,,0.7759856363330487,120.0,green,1.95
7YRE,CR2,-5.39078306414838,-165.07238654851494,6.491285869904678,737.4945509706982,0.3595881958403285,0.9192176628758418,32.05793934992547,29.913619127312167,45.45456661617958,507.0,488.0,,0.7310457530278808,105.0,green,2.3
7YV3,CRO,-6.797203777414109,7.866656743732308,-171.62968492240603,752.7024363024767,0.5128969503189844,0.928180522000157,34.71200887455009,29.79853040423195,47.56854957731718,510.0,499.0,,0.8353903135483867,99.0,green,2.0
7YV5,CRO,-19.44960033001754,22.72208753654954,-158.25999087243798,735.1830003244319,0.5067766391436918,0.9392537536214124,34.38591939563137,29.64332387805883,47.454044466439896,,,,0.9742673336938966,96.0,,2.85
7ZCT,NRQ,-2.1704913353324136,179.7260411109765,-0.1811573911043582,651.9386480562629,0.5322864115972962,0.9072482909769732,32.486360065423305,27.501793857830293,46.588814425338605,594.0,569.0,0.7,0.7209637583947572,121.0,red,1.33
8A6G,OHD,-178.06553767258242,166.26627221398664,-6.725319265247065,748.9306424509114,0.5358426875169996,0.9383793593746548,33.67993786221395,28.43657237304345,55.738780125405825,507.0,488.0,0.79,0.6826933534866924,329.0,green,1.63
8A6N,OHD,-178.06553767258242,166.26627221398664,-6.725319265247065,748.9306424509114,0.5358426875169996,0.9383793593746548,33.67993786221395,28.43657237304345,55.738780125405825,507.0,488.0,0.79,0.6826933534866924,329.0,green,1.63
8A6O,OHD,-178.06553767258242,166.26627221398664,-6.725319265247065,748.9306424509114,0.5406820884497676,0.9383793593746548,32.7539219009663,27.553483725706656,55.738780125405825,507.0,488.0,0.79,0.6453377804523218,433.0,green,1.63
8A6P,OHD,-178.06553767258242,166.26627221398664,-6.725319265247065,748.9306424509114,0.543551257960551,0.9383793593746548,32.83099493947936,27.557548437655942,55.738780125405825,507.0,488.0,0.79,0.5939413615183622,430.0,green,1.63
8A6Q,OHD,-178.06553767258242,166.26627221398664,-6.725319265247065,748.9306424509114,0.5358426875169996,0.9383793593746548,33.67993786221395,28.43657237304345,55.738780125405825,507.0,488.0,0.79,0.6826933534866924,329.0,green,1.63
8A6R,OHD,-178.06553767258242,166.26627221398664,-6.725319265247065,748.9306424509114,0.5358426875169996,0.9383793593746548,33.67993786221395,28.43657237304345,55.738780125405825,507.0,488.0,0.79,0.6826933534866924,329.0,green,1.63
8A6S,OHD,-178.06553767258242,166.26627221398664,-6.725319265247065,748.9306424509114,0.5358426875169996,0.9383793593746548,33.67993786221395,28.43657237304345,55.738780125405825,507.0,488.0,0.79,0.6826933534866924,329.0,green,1.63
8A7V,PIA,173.12974052628624,-129.62583236877623,41.58482804667464,737.8378370530635,0.3443664518285473,0.9546139362513232,31.87778563965057,29.92799089133124,55.57059473862191,507.0,488.0,0.79,0.619412525885351,224.0,green,1.46
8A83,OHD,-174.5470361097287,157.62993288302326,-15.32327845589481,717.5358662497272,0.4732795289267686,0.9478592153644756,33.312892162876246,29.345736591133225,46.36950537865036,507.0,488.0,0.79,0.8514260531023619,91.0,green,1.81
8AHA,PIA,-8.857819208814284,2.7048467792554707,-175.98213425523784,762.0778490473901,0.3308406246450929,0.9287120296420665,33.38454782649766,31.504551882518644,54.69329573872661,507.0,488.0,0.79,0.7738561970632152,91.0,green,2.38
8AHB,PIA,164.29228075162195,-127.92465604425041,52.941734629706346,707.3270838190706,0.4301837895203309,0.9571336275786728,33.65619435632442,30.38283762509263,54.702362080370946,507.0,488.0,0.79,0.9950718093220218,88.0,green,1.79
8AM4,OHD,-0.3813127906691431,9.312454453053101,-170.40660167659212,696.5925633229043,0.4085232895738352,0.9099767141252564,32.62839062634367,29.781494898053325,55.10180509364663,507.0,488.0,0.79,0.8691542220614642,108.0,green,2.02
8ARM,NRQ,-13.626508411567357,-168.59586951037178,16.145902720215034,848.0828404286458,0.5956254947718823,0.937963255446809,37.224860371098906,29.901325739525117,47.7249771576213,594.0,569.0,0.7,0.895825244637108,123.0,red,1.41
8B6S,CRO,-5.658643901687661,7.442050197447502,-169.29276517445268,1475.752582289093,0.6444503970693966,0.8786142990852767,51.21088930141905,39.15820770180356,79.50036480448904,507.0,488.0,0.79,0.809908325301632,120.0,green,1.8
8B6T,CRO,-0.029772147773840803,2.474340842324071,-177.49718910375623,1496.1244664488756,0.6695906578350327,0.8798572443643038,52.26916896352464,38.821897388906415,80.40692555670543,507.0,488.0,0.79,0.6670410055633964,108.0,green,2.0
8BBJ,CRO,-15.520360752388225,17.134532971662434,-163.30593062812338,918.666053877974,0.7099436944482714,0.9327176444054404,42.28754899187368,29.781363296506843,58.34826081935835,,,,0.934380431116633,102.0,,2.65
8BVG,CR2,-13.129382224254329,10.768995850779527,-154.78532175126762,723.3613077010762,0.4241848010565842,0.9614927682110878,33.69092956551742,30.509685378632955,49.94577063253491,,,,0.7493083189087257,92.0,,2.38
8BXP,CRO,8.819183396070512,-7.788084938566559,172.1071256332032,734.9462796355328,0.4194532023127346,0.9365719707949164,34.476001274422885,31.296519667122887,52.61977497360087,507.0,488.0,0.79,0.7247764186750227,102.0,green,1.79
8BXT,CR2,-2.910450493606797,6.0239288041252195,-175.03899805089182,809.9210923379231,0.3251565263009427,0.9326694934601456,33.47326659301676,31.65433632682907,46.149721903573266,,,,0.6950956777682433,98.0,,1.6
8C0T,CR2,-5.0150861947612455,7.105727767524221,-163.71579720602605,1343.3459922810994,0.6790805957693743,0.8816363338481308,49.333070229796725,36.21361703272787,58.80858898181494,,,,1.077928710223634,87.0,,1.28
8C1X,CRO,-0.84201865916809,-8.409312315384065,174.7221057385712,760.1388342580859,0.3498847744728291,0.924764861891742,32.9290962848478,30.84773845524442,49.708308929487686,507.0,488.0,0.79,0.7616581433253671,95.0,green,1.89
8C7I,CRO,-22.019922857412592,14.784948490076873,-166.2837467710584,1063.5571221399466,0.6709125604221875,0.9119814801014726,44.231286726640384,32.799112220674,82.27285177064982,,,,0.8378744495778875,105.0,,2.12
8DHR,CRO,-4.511063626905763,3.054991312258291,-167.48046820850377,821.0561576389565,0.2611700025274817,0.9308428978443788,32.891218166986725,31.749656762114988,46.33497510559434,507.0,488.0,0.79,0.473236778630317,112.0,green,1.75
8DPD,CRO,-3.1193205037087686,2.7287809112000905,-177.88220547446855,835.5720285411578,0.1381327005796383,0.9408082895175828,32.992289287295435,32.67601630189873,46.50091328256719,507.0,488.0,0.79,0.5740675698795857,111.0,green,1.51
8DTA,CRO,-3.264407176587327,1.1192051363712268,-177.9743593596799,914.0852315566916,0.3735640875270332,0.9376476393770228,35.403137638391584,32.84010528559418,55.89919444294583,507.0,488.0,0.79,0.7443425434680689,114.0,green,1.81
8G0I,CR2,-19.04393009585626,8.28528958685631,-173.50931417170207,715.427949029777,0.338123432181235,0.92866354260505,32.169361825472706,30.274643406925524,46.797365071522975,507.0,488.0,0.79,0.9701780424991044,84.0,green,2.2
8GOS,NRQ,-10.33079669007134,-2.463894698627216,-178.02134271587303,972.3517023990634,0.4621574279239978,0.8989865252192636,34.487027789830634,30.58302375068436,46.7923211184051,,,,0.681688831379599,125.0,,1.01
8GYF,CR2,-12.135177359972566,-155.34200000496898,9.685112017812905,882.293530351752,0.4166089816650479,0.9003801168566781,34.63626824629008,31.487338953976057,46.29556991958212,507.0,488.0,,0.5790428680488595,104.0,green,2.0
8I4J,QYG,-0.613557460912719,-174.01404516047995,7.777323017917368,819.3099323613619,0.4885932047008627,0.9130009195986736,34.32996257774058,29.953294278832328,49.150361177302095,509.0,395.0,,0.6608498550099813,155.0,green,1.62
8IYY,CRO,-0.620765122463469,-167.62130568871783,11.830861140246704,776.0438481945374,0.2569705562056906,0.9132651500730968,32.87744193486361,31.77339220631379,54.2896196455217,510.0,490.0,,0.8257561450262446,102.0,green,2.3
8IYZ,CRF,-6.01732223488125,-0.509557029419632,176.84789974859316,741.9436457140625,0.3281657377644693,0.927443462224791,32.12710385267082,30.347910013600785,47.286453629862095,509.0,489.0,,0.7812150632120455,117.0,green,1.99
8IZ0,GYS,-4.664799712157366,-172.24671384789056,1.38810230146666,772.5324319277394,0.2421580247716247,0.9032888918027892,32.791575191072255,31.815593706391013,53.80866244868942,474.0,434.0,0.84,0.7031702439128522,104.0,cyan,2.1
8IZ1,CRO,-8.474304529312343,5.451655407300699,-172.18544576025803,823.7116487709069,0.4450349549508741,0.9418995147331188,34.34099930104689,30.752818127298085,53.1679003917659,,,,0.7759773820725906,122.0,,1.66
8IZ2,CRO,-7.601690282808646,0.6533383237309407,-169.15129496202852,808.1364644125379,0.4765631476985635,0.9554916468764624,34.71613754683925,30.520353586975475,49.47914626164095,,,,0.6785531077246935,120.0,,1.572
8IZ3,CRO,-2.02822366586995,3.3627652235809484,-172.17385270082391,716.3015193722686,0.4525581321783126,0.9442190123614146,32.74703857657021,29.201677264407714,53.160078172858576,,,,0.8955787579819805,109.0,,2.18
8J2H,CR2,5.902058309000286,-174.4735516158472,-5.75719376512204,837.611599126217,0.4026488183524777,0.951457977377756,34.33772521562523,31.431192579002538,45.89928712151902,507.0,488.0,,0.7628721728231362,95.0,green,1.7
8J2I,CR2,-18.7333413934063,10.539144892358935,-154.57130993065928,820.290940543445,0.4238749099521555,0.9151110942228908,34.549101817365994,31.29183809958555,46.28130186385493,507.0,488.0,,0.738627911025257,92.0,green,1.75
8J2J,CR2,-12.100006766927303,10.238954023032488,-158.96930484017432,852.1236498947532,0.3438099642626495,0.9252189449744068,33.56760457337747,31.521298141255976,46.22295004410651,507.0,488.0,,0.7335446826857711,96.0,green,1.9
8J2K,CR2,3.0335468088828232,-2.7716678476875556,-173.38846799407568,869.8473268707494,0.2980589151751552,0.9381677062249808,33.586844518438845,32.060237646866995,45.92335559769775,507.0,488.0,,0.76669754999692,94.0,green,1.7
8J2L,CR2,-9.2487509147915,-156.38176579088295,8.22428664984342,875.0655627171543,0.3911324584025037,0.9261133919818838,34.15132928471121,31.43064300099776,45.97011567053552,507.0,488.0,,0.7363392139437899,91.0,green,1.7
8J3J,CR2,-16.055992546834013,9.790389459305942,-156.14782497075123,846.5585242682666,0.4938610210779076,0.9238925973859275,35.4710146469283,30.843496268084895,46.00572523510566,507.0,488.0,,0.7190838102091088,94.0,green,1.7
8JKC,CRO,-12.280012410256418,9.386443398410508,-170.444603453455,742.5692681736907,0.4324675556867917,0.923018948545979,33.41958078486212,30.132748164553465,46.906963711888594,507.0,488.0,,0.7027076957508908,102.0,green,1.95
8JKG,CRO,-12.333297743476155,9.415252340622796,-170.42052543848652,753.0585088852034,0.4069823900673405,0.9161114974392648,33.27881593963374,30.398068663805994,46.96671513519861,507.0,488.0,,0.7401663437031967,110.0,green,2.2
8JKI,CRO,-12.2527675053233,9.38971660731456,-170.46238142668227,726.8295706400756,0.3877640383623449,0.9288724200421208,32.691863760634725,30.134008945525164,47.41602160916855,507.0,488.0,,0.5867860460284761,105.0,green,2.1
8JL2,CRO,-12.20579232587357,9.356332178389978,-170.446701629479,750.7893550573518,0.3238459944043641,0.9427947547514736,32.49658957386686,30.74534217587293,47.23048279687954,507.0,488.0,,0.9397336335643076,106.0,green,1.76
8JL5,CRO,-10.874591424429989,6.912645801641481,-174.40578944623078,790.8177534923325,0.4439747686921712,0.911842296131211,34.38592016396204,30.8111354041557,48.23379394497828,507.0,488.0,,1.034178697116935,100.0,green,1.8
8JL6,CRO,-12.350856850020913,9.493607641023315,-170.4332691540126,682.8228001485312,0.4556115471279784,0.9444587452712152,32.77449540147724,29.17515771313995,47.88939060726703,507.0,488.0,,0.74145488667367,105.0,green,2.88
8JL7,CRO,-12.266333541053655,9.444318187061597,-170.4593520346734,720.633975469327,0.344939744785672,0.9498729912773178,32.12412874054081,30.152504894667057,47.28633657331805,507.0,488.0,,0.7591648463702406,106.0,green,1.76
8JLL,CRO,-12.303230026879946,9.381721557870458,-170.41227024406868,715.4892914895996,0.4822947232193265,0.9385560564039648,33.28644799212264,29.15922862469897,47.33358913238492,507.0,488.0,,0.6923831261085405,94.0,green,2.69
8JLM,CRO,-12.246693362138052,9.396167746943984,-170.45106679046285,738.836325947825,0.4330323681207592,0.9343493136249716,33.46515064738384,30.164762984219735,47.246946526168514,507.0,488.0,,1.0760842897810818,101.0,green,1.85
8JLS,CRO,-12.301878109797338,9.399943524008586,-170.4249072577757,814.4478840542871,0.5539366279234816,0.9274925516511776,35.082590582674875,29.208320712862935,46.94193523252955,507.0,488.0,,1.3139010001117724,107.0,green,1.45
8JLT,CRO,-12.273090329690309,9.363726002936788,-170.42434763968782,819.2957969572444,0.4366717159891731,0.8755408180326231,33.65320671714987,30.275129026373925,47.46975986396451,507.0,488.0,,0.7826377611133374,108.0,green,1.94
8JLU,CRO,-12.288320911332603,9.441319664884096,-170.4637582598951,707.7810317497067,0.4922811336837751,0.914138137489607,33.501504910114,29.160924690217747,46.980249976805624,507.0,488.0,,0.9751884937403544,97.0,green,2.09
8OSI,CR2,-14.098710335975872,-172.00394190133554,6.388670850977408,1317.3625057268378,0.7807126742638802,0.8592654397777595,53.3015026797604,33.30758488661596,75.46953706083758,,,,0.7756808022997653,100.0,,2.42
8OVN,CRO,0.5886784081755516,5.360016870427422,-173.37835398929738,1413.1759485182176,0.7091979061573767,0.884300838025146,51.507864002733726,36.3135310653142,65.4184063782996,,,,0.9797293128634206,101.0,,2.6
8OVO,CRO,4.070704654329283,-5.8504727343430964,179.0496655966958,1443.5513735773598,0.6762432435040479,0.871835267867845,52.925273733814855,38.988906354146515,76.324659365255,,,,0.8595200266994716,118.0,,1.7
8OVP,CRO,1.7618328334210989,-5.487182753454504,179.33823925345916,1465.5427001125138,0.6835857572243484,0.8550621303571451,52.71104881570366,38.47222387392193,77.5490109277975,,,,0.7203543303168374,127.0,,1.7
8OVY,CRO,0.9461468867599547,-0.19825914671685707,-171.77069826355182,767.4412537676629,0.4088658347043149,0.9399682621629962,33.596717186849766,30.66017946600682,49.80105196818262,507.0,488.0,0.79,0.6037216199554026,112.0,green,1.537
8Q79,CR2,-7.945228881774362,-164.39744301428541,10.834908551662995,843.4305034828118,0.4274257334920957,0.937618816391874,34.6551457047837,31.33000057145805,46.6106006288376,,,,0.607877161374038,99.0,,1.45
8QBJ,CR2,-2.3537399696446406,-166.2299441727794,10.075213641752828,921.5784984139044,0.2947609626676211,0.9345793184049138,33.84240644046022,32.33882285260458,46.12280139506348,,,,0.6434794396436567,102.0,,1.8
8QDD,CR2,-15.3541225034936,-151.57082218150677,15.133764707905023,1028.3317224434463,0.3906539599959383,0.8987015800039426,35.316518664450506,32.51018353363886,46.65659912252815,516.0,498.0,,0.5091004473606912,96.0,green,1.6
8QWJ,CRO,-7.975368176989975,11.927586300517783,-170.40261102884705,734.0165161608667,0.2858369466411384,0.9430612493875988,32.39143006290139,31.04000351585421,49.67848702794484,507.0,488.0,0.79,0.7770360630030919,108.0,green,1.5
8S1V,CRO,-20.680215688777004,-163.28125094496968,17.088721492445263,813.7925106744217,0.3973406918227713,0.9383715872503604,33.92288706125435,31.130055429200283,50.01592255226718,507.0,488.0,0.79,0.8077101029774619,119.0,green,1.943
8SFS,CR2,-7.82629657675947,-175.5908550949338,-6.322345791998873,748.6885487413197,0.3933942796456301,0.921897883491003,32.925432626663245,30.270650407078676,46.9869981910734,507.0,488.0,0.79,0.8324392956647938,108.0,green,2.37
8SFV,CR2,-0.5807514521680612,-6.594190983162548,-174.44305111519543,793.4769322098956,0.4699995147282704,0.913884880327332,33.84395311176359,29.87292950449499,48.16643486229432,507.0,488.0,0.79,0.7599195640758618,101.0,green,1.83
8SFX,CR2,-1.2328819104161786,-2.63672727720211,-176.29950612026516,700.518542899255,0.3649110174627528,0.93109410474055,31.937501656464676,29.735168170568617,48.0160525771044,507.0,488.0,0.79,0.7727363922306836,106.0,green,1.95
8SFZ,CR2,-5.330950926499798,-172.41704749200647,-4.313970220149311,700.5954040971036,0.3775322789289116,0.9213251480164808,32.350218633094194,29.956186789181977,47.40962258499053,507.0,488.0,0.79,0.8678380194241458,97.0,green,1.9
8SG3,CR2,-1.1625367602125056,-1.6015921611106703,-179.34082954421285,702.4453542226072,0.3561707075033463,0.932551918021885,32.646540793840344,30.50561018348998,48.14425329403169,507.0,488.0,0.79,0.8572247140186344,88.0,green,3.11
8SLC,CR2,-1.2231692856652852,0.6027243553601975,-177.99540466142358,694.2898610296518,0.233738866908168,0.9339284195975516,31.525104095553488,30.651840102732617,49.20112801845302,507.0,488.0,0.79,0.8280823485918514,101.0,green,2.97
8SMU,CRO,1.6231127573836521,-1.1402077140639235,-178.76658942550253,1356.2178584977312,0.6183165739848105,0.8717730335727111,48.873704992326005,38.41126897161818,68.166685414085,507.0,488.0,0.79,0.822375741660603,113.0,green,2.45
8SXC,NRQ,5.196331598599956,-172.71374338102228,0.8413082723803359,763.2247130371419,0.52400510026328,0.879316656090575,34.89389090241376,29.71965466693239,48.649093366006994,,,,0.9883320314948968,115.0,,1.5
8UL1,PIA,-9.526386151670257,12.064479422284052,-168.93289651627134,809.1161259814776,0.6069196328085548,0.8823599632337399,36.722726280467704,29.18587180341472,46.55319651357979,,,,0.6872422933388784,100.0,,1.75
8UL2,PIA,-11.317770430831755,11.201616263295792,-167.87704114807693,806.790903959533,0.5586678217948764,0.8676408478573595,35.751811444375775,29.652248621115397,46.495947906120456,,,,0.5465583991395093,100.0,,1.7
8UL3,PIA,-10.00820283781663,11.381734412283182,-168.19798949851108,787.4780446437002,0.5910436359357326,0.8916593167560232,36.279953151952185,29.26484636175147,46.53831168672016,,,,0.5820475405586715,103.0,,1.75
8UL4,PIA,-11.870728958574002,10.859774426937138,-166.86452967122105,837.4419927497178,0.6335130796610666,0.8498798730740479,36.92473298227613,28.56984678577313,46.61256351036752,,,,0.5859699238430854,103.0,,1.75
8UL5,PIA,-7.057192892378641,8.266531913255198,-171.7153253200563,783.0556208194906,0.6033687927941763,0.8890316888919538,36.23952704143191,28.899656130046367,46.567553231732774,,,,0.6409918195668711,104.0,,1.75
8UQQ,CR2,-8.350649449141827,2.8656979863572163,178.4955022769706,673.6321488342936,0.2913909729273669,0.9185482808279264,32.05094281433839,30.660061575531525,46.32813589530015,527.0,514.0,,0.6882805120596702,118.0,yellow,1.57
8XC6,CRQ,3.356993857758076,22.77387646254576,-157.67013782764428,666.3428322682514,0.5949855723400514,0.9412198844298314,34.691823462221386,27.88308060882995,51.7979790564524,583.0,558.0,,1.3586029554161294,112.0,red,3.0
8XLD,CR2,-10.82045412685571,-157.98337149929938,15.839905821395686,806.31375083587,0.4232815175233603,0.9238246389003918,33.969957868478495,30.77672103011428,45.57579314131053,507.0,488.0,0.79,0.7997856692403117,98.0,green,2.1
8YDO,GYC,-11.945973396511263,23.866827878685285,-157.84968801786374,742.6057859281741,0.6219738688355927,0.9347553261922976,35.649040954024656,27.914553663216576,46.863219395910335,620.0,440.0,,1.4675081043219724,104.0,red,2.0
8YQ4,CR2,-14.382157540733157,-167.42493822477434,13.8159359664315,706.7718399625605,0.4972039040735677,0.9453713699323952,33.555088270883076,29.113526171480224,46.545854163129874,,,,0.5356292933113502,99.0,,1.9
8ZUP,GYS,-7.826756754416104,0.6243297597241372,178.71030157809736,935.9212021735578,0.2578950997486593,0.9299052206749024,34.80119001724411,33.62396748981374,48.3224452957968,507.0,488.0,0.79,0.6388270423861283,116.0,green,1.2
8ZUQ,GYS,-8.177579974827385,4.684461865926705,-176.56208146718524,924.1420484737774,0.3752594063658377,0.9374724340968632,35.80360174099095,33.187068568289284,48.17618501860076,507.0,488.0,0.79,0.5979259640714002,121.0,green,1.48
8ZUR,GYS,-3.0229601781324407,1.553031541697379,178.25494317657527,935.7925185201308,0.4543159361158595,0.9312027488456006,37.0774621500957,33.030109784967905,47.46671732916462,507.0,488.0,0.79,0.7171278521534874,117.0,green,1.2
8ZUS,GYS,-6.927063684502178,7.50601969771493,-172.37102608560585,930.0186493061836,0.2836784370793629,0.9498136941430266,35.227590184174794,33.78042200576024,48.45572241197737,507.0,488.0,0.79,0.5545780439907421,118.0,green,1.2
8ZUT,GYS,-7.597410860587759,8.978751205789557,-172.1904450591026,868.0864468739546,0.1869063515468009,0.9373932754706013,34.09335169093072,33.49254963920488,48.353841249252085,507.0,488.0,0.79,0.6023794667029629,117.0,green,1.48
8ZXH,NRQ,-46.93157075227504,-120.450619263477,60.69018110941052,682.0799331357609,0.6271214771936248,0.9097886380914952,34.855316954759786,27.149554639518055,46.59930850663463,594.0,569.0,0.7,1.2682404165162626,135.0,red,1.46
8ZXO,NRQ,-26.872137327425868,-156.60474681116088,27.21841864342952,729.5554809540221,0.6141577480149789,0.9348319474227784,35.16330379517902,27.750291672486277,46.43145434039098,594.0,569.0,0.7,1.0751431202580386,114.0,red,1.816
9BCF,CRO,-6.255194564179945,-1.5491440910661365,179.1717031580078,755.0944149875503,0.5409321493425013,0.9249852085669352,34.364774847737536,28.90305176002792,74.83555936767284,507.0,488.0,0.79,0.7899951829186159,111.0,green,3.2
9CJM,NRQ,-175.35010178578852,3.8457609952499805,-176.58823800656785,696.3340333483422,0.4929180361879341,0.9231915963848534,33.19097260502906,28.87866036085518,49.20528202037873,605.0,558.0,0.35,1.8082126548203652,135.0,red,3.0
9F22,CRO,-21.321819665320294,-159.27179514494745,12.503742415957623,741.6258954354901,0.517767520468379,0.9184568661751196,34.36971531824907,29.404025538284685,51.44439044915226,507.0,488.0,0.79,0.7953545075956814,94.0,green,2.2
9F23,CRO,7.644042092979389,179.2435807971049,-14.770427129267286,904.0978310978368,0.4674342294062082,0.9362456792498186,35.8500448892928,31.692438138404547,48.86467999266555,507.0,488.0,0.79,0.6331968541162997,122.0,green,1.59
9F24,CRO,-3.676218530525473,4.285926055030401,-170.31600690789173,770.3523088769605,0.3807943288087886,0.9411107304876778,33.18390472314469,30.68382150965973,48.26627043263288,507.0,488.0,0.79,0.7556102795141983,116.0,green,2.06
9FEL,NRQ,-16.55321078558591,11.310279382010481,-172.0014815956793,770.0752456839509,0.4169327675432422,0.921462892792688,33.04113019955297,30.032316617983177,47.473538191808046,610.0,587.0,0.22,1.296421768092925,113.0,red,1.5
9FEM,CR2,-8.127540275789777,8.467404246091803,-162.61096271876355,664.7365811277687,0.1820089265254718,0.9457019781807487,31.64006638210291,31.111578499356295,48.996425430749255,517.0,506.0,0.8,0.8730001029830499,94.0,green,2.32
9FEN,CRF,-0.7975721265088669,-7.687299942616921,-175.8535370439468,776.5213322971031,0.5138995555176729,0.9027650417917016,34.48137896408585,29.57986349202192,49.39389106105418,562.0,548.0,0.69,0.8767669888870082,104.0,orange,1.6
9FEQ,CRF,-1.5164686500432836,3.618304648256506,-173.36011850872333,800.2187148805502,0.4251904987406271,0.9446397559954952,34.014465391999664,30.786624718730263,46.62689288225298,562.0,548.0,0.69,0.7447729882747017,145.0,orange,1.6
9FER,CH6,-14.214764624896493,2.937664818985767,179.50846051526713,717.6786444582165,0.432743433778825,0.8982644298692348,32.53262912238374,29.328722164191525,46.55698940139777,476.0,439.0,,0.8724025627701283,112.0,cyan,1.65
9FES,CH6,-17.6757158987708,3.436437778883173,-179.50457065050935,705.8372876733629,0.5281806867697013,0.8997798505392053,33.42586496475204,28.382971740476364,46.83521777313652,610.0,587.0,0.22,0.9416471193285554,122.0,red,1.66
9FGI,CRF,-2.5667561966739907,-10.88729941002749,-179.8538568550613,726.4488961752685,0.4009987000926577,0.9091559984269298,32.354692042539895,29.63944171637308,51.35443078573349,562.0,548.0,0.69,0.817650615315654,98.0,orange,1.77
9IRJ,CRO,-4.751540012377065,3.347076678702761,-167.64107068877027,752.0203525649553,0.4129623725512709,0.8757740097989587,33.23379479644389,30.26761505071635,46.92720975327358,562.0,548.0,0.69,1.3476536920947293,84.0,orange,2.8
9K8W,CR2,-10.840085777231549,-2.940016907343907,-173.92322254329525,1552.0969408803671,0.6469120422683925,0.9086326913275004,51.38831881866685,39.186914145713814,70.5985991870393,507.0,488.0,,0.7211823323528777,84.0,green,2.65
9K8X,CR2,-9.417953328914207,-177.8628146295491,0.7102911007114684,1556.5203773822163,0.651874878814034,0.9094411765372472,51.099359111238726,38.75000022819945,71.76728159608274,507.0,488.0,,0.6489121021521015,102.0,green,2.05
9LPU,CRQ,3.0035109605008707,-7.574302296602066,173.03760184489693,735.3598580123818,0.592739495638136,0.8945135622539219,33.48111075906601,26.965493930528893,47.784546201878754,620.0,440.0,,1.1725223565370897,253.0,red,2.2
9LSA,CRQ,-26.78230594771844,14.832665147040478,-166.34896736932598,700.6513979815494,0.3828376926970297,0.9269198056361616,32.540458950248976,30.061384283006294,45.70589096444984,607.0,584.0,0.25,1.0260526686844615,112.0,red,1.62
9LSC,CRQ,-27.232438709177504,15.761444547154534,-166.34982306348923,827.1277972314472,0.5365108548700327,0.9417250965774244,35.2588124876988,29.754679819604217,45.78349633477589,607.0,584.0,0.25,1.1937587345543086,114.0,red,1.38
9LSF,CRQ,-29.666374616327225,16.98383609042679,-164.47616973753318,698.9048804113752,0.3863740677335995,0.9233595128739892,32.30357845822566,29.79495267533638,45.7085153527925,607.0,584.0,0.25,1.0336437565490844,114.0,red,1.62
9LSW,CRQ,-20.54214797798753,16.485038895461347,-164.96033680236067,701.5946979792537,0.4842151843379442,0.8764774780483932,32.68018144263374,28.59349025509715,46.20497035224046,607.0,584.0,0.25,0.9402175770951732,105.0,red,3.16
9TAD,GYC,-2.14973372572592,-4.709844866054446,175.0718381510368,689.4315756304583,0.4039897951230223,0.9501232275725584,31.55799199298302,28.86809894118214,46.854216044510224,610.0,587.0,0.22,0.955112313681502,111.0,red,2.04
9U9D,CRO,-12.452317462350784,9.95843021380248,-170.78319559145487,643.6784890499573,0.6317538987887575,0.9005832783200559,34.24694746387063,26.547172743265595,47.44023550060672,507.0,488.0,,0.7637120062372411,102.0,green,1.8
