pdb_id,has_chromophore,chromophore_type,n_atoms,convex_area,convex_perimeter,major_axis,minor_axis,eccentricity,circularity,barrel_length,original_axis_angle,eigenvalue_ratio,expected_chromophore,ex_max,em_max,match_name,source,config,tau_main,planarity_deviation,aspect_ratio,compactness,stokes_shift,color_class,resolution,r_factor,seq_length,mean_b_factor,std_b_factor,mean_b_ca,chrom_b_factor,barrel_b_factor,b_factor_ratio,chrom_contacts,chrom_contact_density,n_disulfides,n_waters,lit_qy,lit_ec,lit_brightness,n_residues,canonical_cohort
1B9C,True,CRO,163.0,659.7977328178782,94.7108573188914,31.50325132889473,29.0032969830716,0.3904018348986225,0.9243174396957622,45.81435110064682,49.50606995140837,2.1300988579775937,True,488.0,507.0,green fluorescent,keyword,cis,-3.1882987625983543,3.1882987625983543,1.0861955227808164,0.9243174396957616,19.0,green,2.4,0.204,225.0,39.97860419347216,12.83285604029629,39.13799111332212,34.43000066848028,40.05736193447264,0.8595174271536451,130.0,6.190476190476191,0.0,286.0,,,,,True
1BFP,True,IIC,171.0,695.753082488002,97.88017120016316,32.43964548232344,30.41341300865181,0.3478818285586908,0.9125896995396966,51.187986032718285,51.31290136965729,2.261023872883983,False,380.0,440.0,EBFP,literature_fpbase,,,,1.0666229887811414,0.9125896995396966,60.0,blue,2.1,0.181,227.0,28.53195070690153,18.603878885432863,22.812654851812177,,28.153881027678256,,,,0.0,82.0,0.2,31500.0,6.3,,True
1C4F,True,CRO,165.0,645.2166862882349,93.84270941447294,31.127179168404645,29.56911659943005,0.3124163651726707,0.9206920180314472,46.94221253552581,50.760917291240425,2.131802929493553,True,488.0,507.0,green fluorescent,keyword,cis,-0.1263189070691517,0.1263189070691517,1.0526922258138962,0.9206920180314472,19.0,green,2.25,0.193,225.0,43.59191894853256,13.37806829589434,39.68504456962858,32.31045454198664,43.49228586759077,0.742900813269589,110.0,5.0,0.0,62.0,,,,,True
1CV7,True,CRF,172.0,679.622255867955,95.37379628193617,32.116817950595575,29.90409570719024,0.3647539643027602,0.9388999522796428,52.56238967807992,49.39284907850716,2.177967180586153,True,434.0,476.0,CFP W66,manual,twisted,-36.29992872910393,36.29992872910393,1.0739939527037197,0.9388999522796428,42.0,cyan,2.5,0.186,226.0,50.27517537347871,19.89205482486248,45.64328877766927,26.17375000317892,50.58458580464438,0.5174254090813529,107.0,4.458333333333333,0.0,30.0,,,,,True
1EMA,True,CRO,165.0,681.167373923718,94.73436656270025,31.56192581921959,30.34044133660016,0.2755079344360648,0.9537808339886358,47.44909780469579,50.79586362486499,2.175164345828152,True,488.0,507.0,EGFP S65T,manual,cis,13.024501170160836,13.024501170160836,1.0402592852578558,0.9537808339886358,19.0,green,1.9,,226.0,24.068499443998675,16.499436609071488,18.376311141120063,12.611363714391535,23.56726847433669,0.5351219946479813,107.0,4.863636363636363,0.0,95.0,,,,,True
1EMB,True,CRO,165.0,684.3266772675692,96.9546677575978,31.54314682026296,31.11808266998173,0.1636144578990931,0.9148205033099356,47.49086751373777,51.6246046181809,2.1846416687978896,True,488.0,507.0,gfp,keyword,cis,5.685861550009507,5.685861550009507,1.0136597153105218,0.9148205033099356,19.0,green,2.13,0.196,226.0,33.33395908412723,17.32670436281765,26.32071114857991,19.553181626579978,33.280187728982945,0.5875321913990156,107.0,4.863636363636363,0.0,74.0,0.79,25000.0,19.75,,True
1EMC,True,GYS,162.0,684.215200181884,96.47730630957744,31.616205442385525,30.88509192797131,0.2138095882077248,0.92374530380869,46.48073430126005,15.00008241110142,2.1380453973185416,True,488.0,507.0,green fluorescent,keyword,cis,0.7888289975201576,0.7888289975201576,1.023672052397295,0.9237453038086896,19.0,green,2.3,0.205,226.0,16.32999998508369,13.59840022152132,14.20389378387316,5.649047579084124,16.502435736949217,0.3423159871143031,97.0,4.619047619047619,0.0,158.0,,,,,True
1EME,True,GYS,166.0,770.299736923681,101.88803210321926,32.43307136944183,30.9067953559336,0.3031566046943394,0.9324450871929978,46.29267557833818,58.52673898191176,2.114535911679876,True,488.0,507.0,green fluorescent,keyword,cis,5.282585298377452,5.282585298377452,1.0493831856694005,0.9324450871929978,19.0,green,2.5,0.198,223.0,14.282132106872174,13.816723614381877,10.647027015686035,3.832857109251477,14.1087323067616,0.2716655916289929,98.0,4.666666666666667,0.0,74.0,,,,,True
1EMF,True,CSH,172.0,785.2121411171396,102.9377427402777,32.88402814058685,30.13950267752997,0.3999447370542804,0.9312099094858588,46.71219383604666,58.46459158154597,2.1114497214885293,False,381.0,445.0,BFP,literature_fpbase,,,,1.0910607415265354,0.9312099094858588,64.0,blue,2.4,0.19,223.0,16.492986104809322,13.63101478211452,12.912612562780982,,16.203080401685202,,,,0.0,87.0,0.38,14000.0,5.32,,True
1EMG,True,CRO,164.0,660.4744566588838,94.10814913002774,31.458531639915275,29.967037652164127,0.3042614292595332,0.9371549991976084,47.334229955188086,51.04423980552378,2.175172370035407,True,488.0,507.0,green fluorescent,keyword,cis,4.188976161904558,4.188976161904558,1.0497711520592503,0.9371549991976084,19.0,green,2.0,0.186,226.0,31.649172097249743,13.378206213582136,26.980844451056587,20.892272645776924,31.03732360584048,0.6731338343182883,113.0,5.136363636363637,0.0,99.0,,,,,True
1EMK,True,CCY,175.0,792.4157910114639,104.24310972226716,33.41601585504102,29.81455511734538,0.451594065072452,0.9163645256258264,46.47923520355774,19.857559485995363,2.074131959650587,True,488.0,507.0,green fluorescent,keyword,,,,1.1207953874716847,0.9163645256258264,19.0,green,2.1,0.195,222.0,33.721191481326485,13.244636997707572,31.439683089968305,,33.01583713566492,,,,0.0,114.0,,,,,True
1EML,True,GYS,163.0,800.1164739385804,105.80390911505856,32.15395979322911,30.83345385770519,0.2836368166219652,0.8981722828677763,46.662104674890045,19.71928269684605,2.062844111617664,True,488.0,507.0,green fluorescent,keyword,cis,4.284392629698002,4.284392629698002,1.0428270521239038,0.8981722828677765,19.0,green,2.3,0.201,221.0,30.19170891730933,14.564311749418168,27.671545597639952,16.451428595043364,29.264089083382,0.5621712177053728,97.0,4.619047619047619,0.0,105.0,,,,,True
1EMM,True,GYS,167.0,854.597832089959,108.71619935249484,32.5242361093277,31.299816771623583,0.2718004517449863,0.9086217492984994,46.34236509213192,20.21522016771383,2.069142799607005,True,488.0,507.0,green fluorescent,keyword,cis,-0.6497236430817593,0.6497236430817593,1.0391190576813274,0.9086217492984996,19.0,green,2.3,0.194,221.0,33.68600001154719,15.72253844418904,31.798363661766057,12.141904785519554,33.396289679058974,0.3635704715165737,105.0,5.0,0.0,96.0,,,,,True
1F09,True,CR2,169.0,824.4146304420728,107.92307655481774,32.61754674812244,30.881944795348737,0.3218539885438845,0.8894610194265372,47.21528181647969,52.13028488997146,2.210469051591404,True,488.0,507.0,gfp,keyword,cis,2.9354814027434166,2.9354814027434166,1.0562011869484047,0.8894610194265372,19.0,green,2.14,0.204,226.0,37.595114429585024,15.633719985797445,32.118311110602484,38.35157896343031,37.47971599882589,1.023262261769319,129.0,6.789473684210527,0.0,105.0,0.79,25000.0,19.75,,True
1F0B,True,CR2,168.0,736.285897811261,99.022395456213,32.71986677208643,30.89017462554328,0.3297162292448184,0.9436033849556836,46.83705375512126,48.18648119754613,2.14567129785894,True,488.0,507.0,gfp,keyword,cis,-16.717904037172673,16.717904037172673,1.059232172324146,0.9436033849556836,19.0,green,2.1,0.188,226.0,37.27429674631047,18.669591015876115,31.49319997151693,30.585789329127262,37.12604340089979,0.8238364912428556,120.0,6.315789473684211,0.0,125.0,0.79,25000.0,19.75,,True
1G7K,True,CRQ,177.0,720.2000235714816,99.73449267084024,33.898271535890345,28.58336652030357,0.5375840847915122,0.9098550912254328,46.391754350346105,81.88352170513618,1.933759518855673,True,503.0,518.0,Dronpa,manual,cis,-3.5242144723258555,3.5242144723258555,1.1859439829038838,0.9098550912254332,15.0,green,2.0,0.162,218.0,17.679618621150315,13.970249052876133,11.82345619509297,18.82374986012777,17.593127883312313,1.0699490156030038,121.0,5.041666666666667,0.0,418.0,,,,,True
1GFL,False,,170.0,709.0574506593099,97.15071171621824,31.85940331770875,31.063386749836667,0.2221403242409017,0.9440593890095522,50.70810094296702,86.7750956280036,2.23426863116298,False,395.0,509.0,Wild-type GFP,manual,,,,1.02562555635941,0.944059389009552,114.0,green,1.9,0.214,230.0,27.34138283441075,13.691447168499588,23.582608683212943,,26.61676714178634,,,,0.0,300.0,,,,,True
1GGX,True,CRQ,174.0,766.4192510854065,103.45323575190496,34.90080523320346,28.431900462660693,0.579954540589347,0.8998872762857478,46.39382355402898,85.57324832220675,1.909067239848176,True,558.0,583.0,dsred,keyword,cis,-2.362155032719027,2.362155032719027,1.2275227707355794,0.8998872762857478,25.0,red,1.9,0.192,217.0,19.073383336725843,6.465611234348703,17.417546294353627,18.45000004768372,18.589522457719188,0.9924945672836508,116.0,4.833333333333333,0.0,579.0,0.79,75000.0,59.25,,True
1H6R,True,PIA,192.0,750.7911411625711,101.0299142625386,33.66397009339213,31.820654885621167,0.3263654246555541,0.924334227014252,47.08275440465129,66.9213279810743,2.161743520633651,True,488.0,507.0,green fluorescent,keyword,cis,-4.201266840668776,4.201266840668776,1.0579282612000518,0.924334227014252,19.0,green,1.5,0.183,229.0,18.70850046775488,9.565170012897363,14.710346267336892,15.776499938964845,16.6608771172871,0.9469189303722408,141.0,7.05,1.0,840.0,,,,,True
1HCJ,True,GYS,167.0,726.0859068917769,98.9133414788426,32.42833197669161,30.73365571077881,0.3190411173067681,0.9325843530101632,48.13415206628155,86.5897785314388,2.2246306833878737,True,488.0,507.0,green fluorescent,keyword,cis,3.402922341986089,3.402922341986089,1.0551407317717314,0.9325843530101632,19.0,green,1.8,0.209,228.0,33.319465632353726,8.621386858295795,31.61674013011781,25.155238378615607,32.89840869381732,0.7646338949927111,95.0,4.523809523809524,0.0,633.0,,,,,True
1HUY,True,CRO,166.0,696.4177657629754,95.43118877662332,32.2179465996196,30.026639324574965,0.3624971312960124,0.96094612073863,52.6134913599148,52.30609170634447,2.3280323863114134,True,488.0,507.0,green fluorescent,keyword,cis,-0.5828992973937548,0.5828992973937548,1.0729787723280502,0.96094612073863,19.0,green,2.2,0.164,231.0,28.224120064231908,10.522375815740745,26.49495652240256,15.95842100444593,27.96682488274457,0.5706196921300214,118.0,6.2105263157894735,0.0,97.0,,,,,True
1JBY,True,CRO,174.0,800.7424173933591,104.18812114841252,32.494357447762255,30.53821541789633,0.3417234292850539,0.9269712957021458,45.61695295552849,51.02912359546324,2.1107890573298653,True,488.0,507.0,green fluorescent,keyword,cis,1.9273432243812847,1.9273432243812847,1.0640555449327127,0.926971295702146,19.0,green,1.8,0.194,224.0,40.91074851718588,14.720225125519532,35.621390235798245,30.318181904879484,40.71995931998856,0.7445533446296184,105.0,4.7727272727272725,0.0,114.0,,,,,True
1JBZ,True,CRO,173.0,861.7611519283244,107.46675619537832,32.909217991219,31.5296422063337,0.2865029802441766,0.9376667063982608,46.26777155605677,50.73738818073679,2.114993375734086,True,488.0,507.0,green fluorescent,keyword,cis,1.4203206271359334,1.4203206271359334,1.0437548823376173,0.9376667063982608,19.0,green,1.5,0.177,224.0,24.42188258064904,14.884688523404495,17.81973094255935,19.66227288679643,22.560023002712303,0.8715537605804972,114.0,5.181818181818182,0.0,202.0,,,,,True
1JC0,True,CRO,168.0,674.8392069258825,94.60040658414329,31.388667260030644,29.347082420279843,0.354758686324807,0.947598063339018,47.904247704499575,34.270709960579275,2.234296975585659,True,488.0,507.0,green fluorescent,keyword,cis,1.6427276439180425,1.6427276439180425,1.069566875865657,0.947598063339018,19.0,green,2.0,0.223,226.0,43.37104887074654,14.169305514276893,39.023022215101456,34.15090907703746,43.3915967776952,0.7870396946210614,113.0,5.136363636363637,0.0,132.0,,,,,True
1JC1,True,CRO,172.0,706.3167548973811,97.06260989801272,32.26344403565473,29.40307019190407,0.4116473972250251,0.942118306879963,47.95594959446218,32.63547153094763,2.234708722720989,True,488.0,507.0,green fluorescent,keyword,cis,0.4740225022460146,0.4740225022460146,1.0972814684004748,0.942118306879963,19.0,green,1.9,0.229,227.0,40.02021867116292,16.10018565547902,34.6737610808516,31.045454198663887,39.907840916785325,0.7779286848265976,114.0,5.181818181818182,1.0,174.0,,,,,True
1KP5,True,GYS,168.0,877.6396821053005,112.48134380409483,34.973189144196816,30.443970003322583,0.4921780830575868,0.8716961404799233,50.115375683062354,55.90863817953997,2.320651797771306,True,488.0,507.0,green fluorescent,keyword,trans,-166.91263512855372,13.087364871446283,1.1487722902229875,0.8716961404799235,19.0,green,2.6,0.208,243.0,39.092645875507145,17.409881886872924,38.20842964393048,28.92809531802223,38.8817528276032,0.7440018315605721,98.0,4.666666666666667,0.0,94.0,,,,,True
1KYP,True,CRG,192.0,910.124514361481,110.9006555402612,33.74618142843852,31.91071535359559,0.3253034880351242,0.929913279738251,46.91285932346862,51.49134845838128,2.1701702082718013,True,,,GFP Zn biosensor (apo),literature_blanked,trans,-166.3595894472836,13.64041055271639,1.057518800644377,0.929913279738251,,blue,1.35,0.152,226.0,16.893736464882586,12.60767459308126,10.572844471401638,10.71900007724762,13.550408965733205,0.7910462410658039,111.0,5.55,0.0,410.0,,,,,True
1KYR,True,CRG,176.0,742.5661988079986,98.77317818674216,33.27567397256176,29.820258972856,0.4437352495601795,0.95646037905898,45.88467542146639,51.1677560877597,2.130613789242796,True,,,GFP Zn biosensor (Cu),literature_blanked,trans,-170.89132686200733,9.108673137992668,1.115874748198903,0.95646037905898,,blue,1.5,0.15,225.0,25.677888835830725,11.67007060249562,20.848214315516607,17.544000101089477,23.980321498490024,0.7315998704268487,92.0,4.6,0.0,256.0,,,,,True
1KYS,True,CRG,187.0,829.9126588629052,105.4757694665594,33.0720423154462,32.08626232117295,0.2423337333626708,0.9374256841387288,45.97325216073767,50.385664235569045,2.1241244132183565,True,,,GFP Zn biosensor (Zn),literature_blanked,trans,-162.55248530260673,17.447514697393274,1.0307228054301218,0.9374256841387288,,blue,1.44,0.157,225.0,23.659892383153657,12.353943839799294,18.602455347776413,16.18400001525879,21.87546225411244,0.7398243670126927,101.0,5.05,0.0,246.0,,,,,True
1MOU,True,CRQ,177.0,787.4908653260411,103.98016108799766,34.30974155791863,28.12949418807643,0.5725511243712604,0.9152809365649218,46.81002870080846,57.10754415186976,1.9962282371330984,True,503.0,518.0,Dronpa,manual_v2,twisted,136.62774967077897,43.37225032922103,1.2197070209837575,0.9152809365649218,15.0,green,2.2,0.224,219.0,33.85313037347818,9.34749517387361,32.11454123750739,29.47291668256124,32.66364108893099,0.9023157155785974,132.0,5.5,0.0,220.0,,,,,True
1MOV,True,CRQ,168.0,727.1409879153857,100.04061838840757,34.680043242644686,26.913210366274,0.6306798022394294,0.913010463397802,46.70452317510538,57.54974843284663,1.9845250134227723,True,,,,,twisted,137.41371514550065,42.58628485449936,1.2885881234779637,0.913010463397802,,,2.4,0.225,219.0,44.535398969502026,9.55929350165765,42.99646790530704,44.39041678110758,43.43087311812413,1.022093584450252,125.0,5.208333333333333,0.0,183.0,,,,,True
1MYW,True,CR2,166.0,668.3093114783265,94.9830336508022,31.9766181775268,29.60063575923532,0.3782676826415315,0.9308834378794172,48.57151463929529,83.78344894223162,2.266566343750664,True,514.0,527.0,yellow fluorescent,keyword,cis,0.4068439103930253,0.4068439103930253,1.080267952270254,0.9308834378794172,13.0,yellow,2.2,0.218,229.0,29.38159199997696,8.04375616914684,28.681228010278,21.913157814427425,29.40769657449733,0.7451504322657746,109.0,5.7368421052631575,0.0,72.0,,,,,True
1Q4A,True,CRO,177.0,831.5866888338047,105.2388209181733,32.69760823326979,31.642048458807025,0.2520372889294258,0.9435511443422956,47.16186894927717,50.74277523005063,2.1840937689602127,True,488.0,507.0,gfp,keyword,cis,2.5756784428064283,2.5756784428064283,1.033359400730232,0.9435511443422956,19.0,green,1.45,0.187,227.0,18.373328523369423,9.245528253632978,14.777389408212848,11.703181743621826,16.655208463864966,0.7026739874804314,119.0,5.409090909090909,0.0,255.0,0.79,25000.0,19.75,,True
1Q4B,True,CRO,175.0,858.6884711315288,109.04517277885496,32.99849812768418,31.212836661827623,0.3244974125349144,0.9074706885526744,47.779103057862486,51.67526897093376,2.184598201434831,True,488.0,507.0,gfp,keyword,cis,0.8920527774226346,0.8920527774226346,1.057209201624419,0.907470688552674,19.0,green,1.48,0.216,227.0,21.822215155809022,7.556902925320833,19.721238916954107,13.0504544431513,20.73208448686753,0.6294810563509877,111.0,5.045454545454546,0.0,224.0,0.79,25000.0,19.75,,True
1Q4C,True,CRO,172.0,786.9103821988383,102.0796190630876,32.67213452564592,30.67034678763406,0.3446506006543065,0.9489799961552196,47.37456404934868,51.03629874365626,2.1847945119529144,True,488.0,507.0,gfp,keyword,cis,1.1798739812351953,1.1798739812351953,1.0652678547090626,0.9489799961552192,19.0,green,1.55,0.194,227.0,19.4720380198136,8.803714070952626,16.006238971136312,15.83363658731634,18.18507785340968,0.8706939126107481,111.0,5.045454545454546,0.0,231.0,0.79,25000.0,19.75,,True
1Q4D,True,CRO,173.0,767.8218051327856,102.45503674913434,32.82603850050488,30.440617917913045,0.3742410716677944,0.9191865872484896,47.42896896049875,51.41158263051667,2.1731812099223267,True,488.0,507.0,gfp,keyword,cis,2.466013666092992,2.466013666092992,1.0783630801787407,0.9191865872484896,19.0,green,1.58,0.208,226.0,25.062752220656847,7.0877000897463125,23.425644370185005,19.08545459400524,24.25401448324897,0.7868987877114778,113.0,5.136363636363637,0.0,189.0,0.79,25000.0,19.75,,True
1Q4E,True,CRO,177.0,784.9994453781454,102.24747538101482,32.38572942472052,31.87480863655751,0.1769274761601807,0.943569788053223,47.167714474438185,50.9807541139656,2.1774636122459694,True,488.0,507.0,gfp,keyword,cis,3.7437841356793258,3.7437841356793258,1.01602898370273,0.943569788053223,19.0,green,1.38,0.183,227.0,18.282179715528542,11.454415900760695,13.865575233391956,11.021818204359574,16.537841606725213,0.6664605011017571,122.0,5.545454545454546,0.0,277.0,0.79,25000.0,19.75,,True
1Q73,True,CRO,174.0,787.0099034490116,102.80905337801008,31.971013558709544,31.19712787186086,0.2186910712796364,0.9356799872380256,47.60663651102392,51.41810899014036,2.1823988660033464,True,488.0,507.0,gfp,keyword,cis,3.328426246386333,3.328426246386333,1.024806311979338,0.9356799872380256,19.0,green,1.6,0.193,227.0,16.18423878483982,8.225405924732478,13.449247803308268,11.525909033688633,14.446110512263008,0.7978555213117416,115.0,5.227272727272728,0.0,255.0,0.79,25000.0,19.75,,True
1QXT,False,,166.0,712.3959612931778,97.98405757001116,32.581598590165505,31.199905578878425,0.2881248855177937,0.9324390925034816,46.91354674117623,52.112875647394034,2.1773878415064067,False,488.0,507.0,green fluorescent,keyword,,,,1.0442851664340438,0.9324390925034816,19.0,green,2.0,0.218,226.0,28.11743894750421,7.698991912627462,26.375044240360765,,27.57300785334424,,,,0.0,143.0,,,,,True
1QY3,False,,169.0,744.6507808932485,99.53689490398378,32.56686163787798,31.68790651171284,0.2307597836227263,0.944483414758031,47.730653872402215,51.90027656704804,2.177893056642948,False,488.0,507.0,green fluorescent,keyword,,,,1.0277378729907654,0.944483414758031,19.0,green,2.0,0.203,227.0,17.833430019140245,6.938534862872562,15.932863491747348,,17.02824680795888,,,,0.0,209.0,,,,,True
1QYF,True,CRO,169.0,779.895348172002,102.2482230123126,32.76230652828269,31.63354756590885,0.2602286389961782,0.9374209514019062,47.23582714188868,52.01364053886478,2.16392271229869,True,488.0,507.0,green fluorescent,keyword,cis,-5.879669203551637,5.879669203551637,1.035682338821533,0.9374209514019062,19.0,green,1.5,0.145,225.0,21.356859888086,12.100691875218764,15.41647321837289,22.371818325736307,19.054247737470256,1.1741118638728536,102.0,4.636363636363637,0.0,275.0,,,,,True
1QYO,False,,170.0,773.2759787507979,100.84382941756088,32.784271879526074,32.09271610450229,0.2043117778761469,0.95553307667553,54.10753812564365,53.54188466314947,2.3243653178083243,False,488.0,507.0,gfp,keyword,,,,1.021548683282895,0.95553307667553,19.0,green,1.8,0.197,236.0,17.370953480032988,7.986471183118518,14.73385593850734,,15.897474412193976,,,,0.0,293.0,0.79,25000.0,19.75,,True
1QYQ,False,,169.0,778.3202175408173,101.72236054902253,32.768820666883265,31.73951059481184,0.2486681728857524,0.9452252537700288,47.35270926769172,51.48293789192921,2.1860003237417884,False,488.0,507.0,gfp,keyword,,,,1.032429928905069,0.9452252537700288,19.0,green,1.8,0.215,225.0,20.683073713276865,7.050092011480011,18.46169639059476,22.08923075749324,19.884206648535272,1.1108932404462009,74.0,5.6923076923076925,0.0,142.0,0.79,25000.0,19.75,,True
1RM9,True,,164.0,730.5294468080888,99.21447401081284,32.45458646201589,29.709814968983988,0.4024833283040437,0.9326045328293564,47.13155900961597,51.53039123685025,2.1678546915183943,True,488.0,507.0,green fluorescent,keyword,,,,1.092386017748591,0.9326045328293568,19.0,green,2.9,0.207,225.0,25.888286330824045,8.065153232787312,25.08267856921469,,25.89265060643663,,,,0.0,61.0,,,,,True
1RMM,True,CRO,162.0,698.8755768157985,97.14642339265724,31.84611413860862,29.955040321940203,0.3394658470895731,0.930585102669058,47.29066245797355,51.371654205992414,2.164153453215267,True,488.0,507.0,green fluorescent,keyword,trans,-178.94826150178952,1.051738498210483,1.063130404644567,0.9305851026690584,19.0,green,1.9,0.193,226.0,37.40057037784508,18.437989843256773,29.462977871365016,36.04454586722634,37.35335403795038,0.9649614283795154,105.0,4.7727272727272725,0.0,32.0,,,,,True
1RMO,True,CRO,158.0,678.3215115858643,95.0703237324084,30.947142431737703,29.901298558830696,0.2577731046503192,0.943095143697816,46.26397657574867,50.866772665173904,2.108802556137607,True,488.0,507.0,green fluorescent,keyword,trans,-178.02296338468267,1.977036615317331,1.0349765369169273,0.943095143697816,19.0,green,1.8,0.185,224.0,25.12221563909896,15.942711092207563,17.530807223555218,21.46272754669189,25.02550114368795,0.857634275671851,104.0,4.727272727272728,0.0,64.0,,,,,True
1RMP,True,CRO,157.0,704.5192858578462,98.50427804271013,31.96696696441485,30.827458015930173,0.2646171463799454,0.9124153133627452,46.25778910207557,50.89956125438677,2.122814531157891,True,488.0,507.0,green fluorescent,keyword,trans,-178.92883869588712,1.0711613041128771,1.0369640905161832,0.9124153133627452,19.0,green,3.0,0.225,224.0,30.202109680005005,8.838340263032809,29.50784758922765,33.14090919494629,30.08336781359267,1.101635608097446,89.0,4.045454545454546,0.0,12.0,,,,,True
1RRX,True,MFC,166.0,709.6064350364737,99.49740009094798,31.875745221302683,31.130273670947933,0.2150038365778785,0.9007493223212444,47.330745098361966,50.83255999203292,2.179733572429041,True,488.0,507.0,green fluorescent,keyword,,,,1.0239468357469166,0.9007493223212444,19.0,green,2.1,0.225,226.0,22.82614033504853,15.393975460714314,19.89804441240099,,23.009113075335826,,,,0.0,61.0,,,,,True
1S6Z,True,CR0,172.0,769.341756976541,101.07335502749449,33.04818487780204,30.54828976050257,0.3815309760865141,0.9463587569922312,48.59306165926701,51.22654988619629,2.1811326875409645,False,488.0,507.0,green fluorescent,keyword,intermediate,-69.61634598888543,69.61634598888543,1.0818342086217774,0.946358756992231,19.0,green,1.5,0.189,227.0,15.7680019008477,12.455461607634902,11.155177013008997,,14.269145886830602,,,,0.0,294.0,,,,,True
1UIS,True,NRQ,176.0,749.7650272711459,101.8988124734323,33.576191291498546,29.21519850470035,0.4928460742008319,0.9073958682144604,48.07061718479863,57.32043336259165,2.0850785483590792,True,558.0,583.0,red fluorescent,keyword,trans,173.20257339247274,6.797426607527257,1.149271372778678,0.9073958682144604,25.0,red,2.0,0.2135,225.0,38.03828292526018,9.719019843565578,36.73182218763563,31.326522163722824,37.7174788387361,0.8305571615128814,138.0,6.0,0.0,285.0,,,,,True
1W7S,True,GYS,177.0,750.3533070172559,100.31657398237274,34.28321438193184,30.345750544759312,0.4653078237139339,0.9369799151787592,46.97924772968695,89.23781554489575,2.1978030474947383,True,488.0,507.0,green fluorescent,keyword,cis,0.0576490949926326,0.0576490949926326,1.1297533844603664,0.9369799151787592,19.0,green,1.85,0.176,228.0,17.60578493424121,7.478988927837085,14.846299528550473,10.339047659011117,16.089646218955153,0.6425901177883403,108.0,5.142857142857143,0.0,908.0,,,,,True
1W7T,True,GYS,172.0,750.9140648254622,100.28134562291412,33.858545532399056,30.68788772447633,0.42251537093034,0.9383390645839658,47.07839011214727,89.17038393817171,2.193456007544531,True,488.0,507.0,green fluorescent,keyword,cis,-0.0674433611686014,0.0674433611686014,1.1033195192966587,0.9383390645839662,19.0,green,1.85,0.18,228.0,18.71220883620944,7.601161474474358,15.72052864881339,16.21428566887265,17.145945638930606,0.945662957898188,100.0,4.761904761904762,0.0,909.0,,,,,True
1W7U,True,GYS,176.0,743.367315938829,100.041895155591,34.34086583734237,30.648598774989093,0.4510833445246557,0.9333606898185782,47.050149023910095,89.10821433260568,2.189104018423077,True,488.0,507.0,green fluorescent,keyword,cis,0.0384942867566914,0.0384942867566914,1.1204709908423731,0.9333606898185782,19.0,green,1.85,0.179,228.0,20.70648556947708,7.209096963608045,17.869515376994265,20.05999973842076,19.33693332513173,1.0373930240711575,97.0,4.619047619047619,0.0,917.0,,,,,True
1XA9,True,CH6,161.0,717.9750259013764,98.2987834289952,33.28068935299557,27.99235784714372,0.5408810449067526,0.9337334476865884,48.29755522101348,54.11176230966173,1.94519392614597,True,514.0,527.0,yellow fluorescent,keyword,cis,0.8177281763817043,0.8177281763817043,1.1889205451977125,0.9337334476865884,13.0,yellow,2.5,0.176,225.0,40.67242329280574,13.923380773760288,35.07258917604174,32.10826085961384,39.99509836489595,0.802804897907078,135.0,5.869565217391305,0.0,117.0,,,,,True
1XAE,True,CH7,151.0,576.4677006423011,87.71276803825793,31.535746728114955,26.202462026467025,0.5564497070293928,0.9415843023518724,47.56934038338662,56.33243074929015,1.948742650054276,True,514.0,527.0,yellow fluorescent,keyword,cis,0.0396890868683412,0.0396890868683412,1.203541357917466,0.9415843023518724,13.0,yellow,2.7,0.205,223.0,54.8150027917356,14.171548389240684,50.59436933843939,70.80608699632728,54.79402449135178,1.2922227862182802,86.0,3.739130434782609,0.0,83.0,,,,,True
1XMZ,True,CRK,152.0,656.9064574770575,96.98123281161966,31.901265333146867,26.360633832461367,0.5632018111690802,0.8776836215692984,47.978013394614,47.03449493744516,1.9203639512793669,True,458.0,489.0,anemonia,keyword,trans,163.28102534172427,16.718974658275727,1.2101858223857491,0.8776836215692984,31.0,cyan,1.38,0.1393,166.0,23.35711219163119,10.058824225236862,20.18745450106534,17.301304236702297,21.47916297940605,0.8054924790733495,98.0,4.260869565217392,0.0,463.0,,,,,False
1XQM,True,CH6,207.0,787.0633661569835,103.396080496963,35.65495194457941,29.0905030264859,0.5782077715985019,0.9251484183728168,48.17540903486975,80.66255243497899,1.777314955006917,True,488.0,507.0,gfp,keyword,twisted,148.82223459083187,31.17776540916813,1.225656081371876,0.9251484183728168,19.0,green,2.1,0.2137,228.0,44.06327963569308,9.692982778618234,43.35409698822425,39.6473911119544,43.91855689018004,0.902748039082754,116.0,5.043478260869565,0.0,130.0,0.79,25000.0,19.75,,True
1XSS,True,DYG,184.0,819.4817889853484,108.22307853593772,34.83749105482564,29.968448172568355,0.5098968559731489,0.8792439796026906,48.02003728226532,49.57325827217607,1.735993112133016,True,,,,,,,,1.1624723060139688,0.8792439796026907,,,1.6,0.197,225.0,15.968346013089096,9.924709374368495,12.29616073838302,,14.329347832678684,,,,0.0,583.0,,,,,True
1YFP,True,CRO,158.0,689.9291666073927,97.03592353004323,32.08937112696214,30.004111370593563,0.3546025740042771,0.9207660162461792,47.055443224350014,83.46932093746145,2.141864504401486,True,514.0,527.0,YFP,manual,cis,2.344923435830542,2.344923435830542,1.069499133989094,0.9207660162461794,13.0,yellow,2.5,0.196,225.0,35.65078990119624,13.329523006714334,31.16424111383301,23.89315770801745,35.538455551411325,0.6723184037486568,120.0,6.315789473684211,0.0,102.0,,,,,True
1YHG,False,,161.0,777.6366896429757,102.42070341795927,32.29914523900656,31.112919094899617,0.2685212512202276,0.9315605710380348,46.99753505352396,78.8011406761735,2.1408786682046985,False,488.0,507.0,gfp,keyword,,,,1.0381264818157612,0.9315605710380352,19.0,green,2.5,0.213,226.0,17.947913523042523,8.14492594051802,17.119999956240697,,17.902535222349034,,,,0.0,129.0,0.79,25000.0,19.75,,True
1YHH,False,,184.0,796.8006559340911,102.74744791782908,33.1832251193869,31.917313052573977,0.273574406577489,0.9484565933521688,47.430943224626105,51.50583046437737,2.2264719592532853,False,488.0,507.0,gfp,keyword,,,,1.0396622380063043,0.9484565933521688,19.0,green,1.5,0.217,229.0,17.52279491723313,6.628559877853809,14.871877716097767,,16.288873483020645,,,,0.0,241.0,0.79,25000.0,19.75,,True
1YHI,False,,161.0,847.1664785579206,107.14793487369263,35.35337162944342,33.56591753115995,0.3139474827413829,0.9272802647682769,49.61799309967843,52.570785157151626,2.230615007389016,False,488.0,507.0,gfp,keyword,,,,1.05325205535121,0.927280264768277,19.0,green,1.9,0.225,227.0,21.813862667643548,7.400640201744751,19.397268698604098,,21.14305102871966,,,,0.0,125.0,0.79,25000.0,19.75,,True
1YJ2,False,,184.0,859.9544035520867,106.40689602434496,34.2937237300074,32.292904778607294,0.3365757050132203,0.9544336429560936,46.08084272091556,51.30858802323425,2.12393268492032,False,488.0,507.0,gfp,keyword,,,,1.061958469364006,0.9544336429560938,19.0,green,1.5,0.171,224.0,17.756042320735816,14.1917487890712,10.323946202282414,10.260000024523054,13.838417504906788,0.7414142564267259,85.0,6.071428571428571,0.0,420.0,0.79,25000.0,19.75,,True
1YJF,False,,189.0,924.4786615438526,111.39748835439728,34.353411731688304,32.979824754493144,0.2799451532480531,0.9361726675451164,45.993523126019504,50.994370005384575,2.152200402300372,False,488.0,507.0,gfp,keyword,,,,1.0416493109778584,0.936172667545116,19.0,green,1.35,0.145,226.0,19.223668743220166,12.49616390454495,12.69106666353014,15.12923079270583,15.5818015416287,0.970955171793597,79.0,6.076923076923077,0.0,427.0,0.79,25000.0,19.75,,True
1YZW,True,CRU,180.0,832.6475033214124,105.55287695063608,32.78508339520448,30.21251212184,0.3883017984445568,0.9391412105928398,46.75913606728707,26.99202298249188,1.879157526509385,True,558.0,583.0,red fluorescent,keyword,twisted,131.87046999685674,48.12953000314326,1.085149201198163,0.9391412105928402,25.0,red,2.1,0.2233,221.0,54.08855691733071,5.973029328892861,53.50304541154341,56.81708319981893,54.04329897540852,1.0513252202770331,122.0,5.083333333333333,0.0,440.0,,,,,True
1Z1P,True,CR0,162.0,721.0156312413438,97.9379159531412,32.218940586564386,30.06464997262047,0.3595238528148606,0.944610627768013,48.34613710281104,51.15642670840768,2.195527702859412,False,488.0,507.0,green fluorescent,keyword,cis,-19.568554121486592,19.568554121486592,1.0716552700898163,0.944610627768013,19.0,green,2.0,0.173,227.0,19.45235621026979,10.3685974981255,16.764026498372576,,18.77981747541807,,,,0.0,156.0,,,,,True
1Z1Q,True,CR0,183.0,830.999774291566,106.27635243060276,32.5964112090692,31.09190275964089,0.3003014323333521,0.9245650857158696,47.89796469506104,51.21437809849337,2.1973769653336013,False,488.0,507.0,green fluorescent,keyword,cis,-7.620861504467924,7.620861504467924,1.0483890761224577,0.92456508571587,19.0,green,1.5,0.175,227.0,16.987107481020633,9.17942077801715,12.93132740417413,,14.96504096161922,,,,0.0,289.0,,,,,True
1ZGO,True,CRQ,175.0,727.0102801959127,100.06253598669834,33.51017847357487,27.665178811770023,0.5642918288094023,0.9124464904722944,46.65197021342831,20.56903598462031,1.9222604729344188,True,558.0,583.0,dsred,keyword,cis,-3.30918968133645,3.30918968133645,1.2112764100161215,0.9124464904722944,25.0,red,1.4,0.143,218.0,19.97668210726801,8.424149319355212,16.672706415893835,16.603333282470704,19.52469294749515,0.8503761532700963,195.0,6.5,0.0,535.0,0.79,75000.0,59.25,,True
1ZGP,True,CRQ,167.0,753.4291795516938,103.37807771839356,34.61646819992717,28.747960490464973,0.5570623991808052,0.885921813782145,46.47367474286777,89.56833272880051,1.9067896877100985,True,558.0,583.0,dsred,keyword,cis,-0.4848002027829199,0.4848002027829199,1.2041364886183368,0.8859218137821452,25.0,red,1.9,0.226,218.0,31.17624866898548,13.811166399461206,27.03211994434832,31.7008334795634,31.205311445795665,1.0158794131770954,130.0,5.416666666666667,0.0,331.0,0.79,75000.0,59.25,,True
1ZGQ,True,NRQ,172.0,803.0677023255032,105.10372550679187,34.76254688721433,29.36833844254722,0.5350395576378978,0.9135362878996294,46.572989665262895,13.49398096805468,1.9267402516563976,True,558.0,583.0,dsred,keyword,cis,-0.3161487939431147,0.3161487939431147,1.1836742809001506,0.9135362878996294,25.0,red,1.9,0.194,218.0,20.898604752172183,11.624386369283323,17.48691243729833,16.33043488212254,20.03709438684096,0.8150101290558022,134.0,5.826086956521739,0.0,1564.0,0.79,75000.0,59.25,,True
1ZUX,True,,176.0,790.788225723365,104.30280847830564,32.48683474592436,29.92871296035985,0.3889552177235584,0.9134358518153548,45.88077741683924,66.84560675883282,1.9538928812076943,True,506.0,516.0,eosfp,keyword,unknown,,,1.0854738320673096,0.9134358518153548,10.0,green,1.85,0.211,220.0,26.81338321012956,6.781542925670352,26.172511470916607,20.87039993286133,26.21646859087263,0.7960797565285908,160.0,6.4,0.0,632.0,,,,,True
2A46,True,CR7,174.0,733.8835644734284,102.8488570812464,33.317357688467425,28.384995007073325,0.5236098553133406,0.871842600292328,47.38098963756603,87.07283735547931,2.1432690701068555,True,439.0,476.0,cyan fluorescent,keyword,cis,1.6583219489085324,1.6583219489085324,1.1737665509599349,0.8718426002923282,37.0,cyan,1.65,0.165,218.0,21.35384040791937,13.704662194940758,15.930599036853984,14.340833266576132,20.488440781377545,0.6999475177052454,146.0,6.083333333333333,0.0,146.0,,,,,True
2A47,True,CR7,200.0,698.4243711726925,96.98129955158382,30.94275355785783,27.367810714986312,0.4666048137829028,0.9331538468094008,46.99427204568976,87.33319668867644,2.1321506122136906,True,,,,,cis,24.026342430796184,24.026342430796184,1.1306258246266634,0.9331538468094008,,,1.72,0.169,218.0,28.77066272748848,12.812442272810864,24.052396295257427,27.17479174335797,28.06860104466445,0.9681562575960164,256.0,5.333333333333333,0.0,132.0,,,,,True
2A48,True,CR7,171.0,699.0249665288612,97.66903137882667,32.707856089858694,28.03521444941424,0.5150833718022768,0.9208497829087792,46.82646156243932,83.68345697875803,2.0904596827773614,True,,,,,cis,-0.6088945793918056,0.6088945793918056,1.1666704440187394,0.9208497829087792,,,2.0,0.18,213.0,40.41125068864273,14.16908495307364,36.92726419556816,31.7370834350586,40.44765359107787,0.7846458475914981,137.0,5.708333333333333,0.0,72.0,,,,,True
2A50,True,NRQ,148.0,699.5212651166182,104.17797964928056,33.79080495549305,26.177282667916536,0.6323454149363879,0.809951331714891,47.49014707456399,47.41604852764024,1.7912732934140303,True,,,,,trans,152.97909356647952,27.02090643352048,1.2908446374729268,0.8099513317148912,,,1.3,0.15303,168.0,18.778011162484887,9.98281727584756,15.503508785314729,12.495217323303224,16.67850075092062,0.7491810870718408,84.0,3.652173913043478,0.0,659.0,,,,,False
2A52,True,NRQ,142.0,623.3220498324736,96.33442795545828,29.71911892370464,28.80262027546351,0.2464271740551322,0.8440327697976499,47.93474232106704,43.86781894672411,1.9214870859384088,True,,,,,trans,-169.85327899824173,10.146721001758266,1.0318199746924372,0.8440327697976499,,,1.7,0.18082,168.0,18.78402964735246,10.978874932489768,14.76488234576057,21.96391308825949,15.900251281763657,1.3813563508553086,66.0,2.869565217391304,0.0,463.0,,,,,False
2A53,True,NRQ,141.0,711.1883563241739,103.81987358389192,33.3175701670404,26.29090445451445,0.6142643763872379,0.8291507735820526,47.62184797642277,46.44145725935508,1.8217215152718824,True,,,,,twisted,149.67805279390808,30.32194720609192,1.2672660320485625,0.8291507735820529,,,1.45,0.17263,168.0,20.02804412871881,8.855429174988544,16.604411747876334,19.335652185522992,18.005312017310427,1.0738859824774805,83.0,3.608695652173913,0.0,577.0,,,,,False
2A54,True,NRQ,161.0,713.1531062293093,103.97842794276995,30.21478663617092,25.13837963407733,0.5547916544507326,0.8289076507513018,47.63820650688372,46.92877044029074,1.8187145514978984,True,,,,,twisted,149.93361188017687,30.06638811982313,1.2019385129824378,0.8289076507513021,,,1.45,0.17586,168.0,20.2552808947331,8.960025610613554,17.06288231681375,16.865652105082635,18.55239226807457,0.9090823361958272,177.0,3.847826086956522,0.0,574.0,,,,,False
2A56,True,NRQ,144.0,704.8154500471348,101.93245405335972,33.89408645558229,25.39476366979481,0.6622999807399514,0.8524331281198158,47.87505290348418,44.16436759942448,1.9173861882976584,True,,,,,trans,-161.43192571868445,18.568074281315543,1.3346880048305705,0.8524331281198161,,,1.9,0.18642,168.0,28.214348102121225,8.724650000888161,25.69167664807713,32.00347842340884,26.36052868229385,1.214068155048245,87.0,3.782608695652174,0.0,566.0,,,,,False
2AH8,True,GYS,165.0,669.418064003099,95.31540603274024,31.77436712566363,29.69749807729045,0.3556033497475297,0.92593625020725,46.48722853174304,60.00274605942695,2.1653377706967163,True,488.0,507.0,gfp,keyword,cis,-0.6880513925600715,0.6880513925600715,1.0699341420266426,0.92593625020725,19.0,green,2.24,0.196,234.0,40.26200215559267,12.111452430394268,37.43806861091581,30.05904742649623,40.133285640373735,0.7489804770994651,118.0,5.619047619047619,1.0,163.0,0.79,25000.0,19.75,,True
2AHA,True,GYS,165.0,707.8049541501105,96.56274430147788,33.33290473669528,29.477370239508723,0.4668576535004404,0.9539031048617018,48.71157662786528,77.45915325097604,2.2312276400838367,True,488.0,507.0,gfp,keyword,cis,0.1912929232583396,0.1912929232583396,1.130796419960793,0.9539031048617018,19.0,green,1.98,0.199,226.0,37.698619911469606,14.24477798289356,33.00226656595866,28.67904781159901,37.35014668764643,0.7678429766672002,101.0,4.809523809523809,0.0,191.0,0.79,25000.0,19.75,,True
2ARL,True,CRQ,163.0,719.7123493996918,99.78082810953292,33.442239298254954,27.24950029748507,0.5797100520578068,0.9083947400844402,46.49096642146388,57.7362544880735,1.988358190989244,True,,,,,twisted,131.9041242534037,48.095875746596334,1.227260644531578,0.9083947400844404,,,2.0,0.2367,219.0,37.9633246748306,7.773058240722411,37.143669618379086,36.09000039100647,37.34993014818576,0.9662668778179632,121.0,5.041666666666667,0.0,154.0,,,,,True
2AWJ,False,,187.0,968.5660227415492,115.05282799897714,35.74124754381791,32.495354414814905,0.4163955664441801,0.9194846802970182,47.00495040931554,51.91573494496489,2.175322149873967,False,488.0,507.0,gfp,keyword,,,,1.0998879128249537,0.9194846802970182,19.0,green,1.6,0.185,227.0,20.637967233188817,13.129156259308214,13.955682817534727,,17.850306597840426,,,,0.0,340.0,0.79,25000.0,19.75,,True
2AWK,True,CRO,180.0,893.4353856048388,109.40427239010076,34.1648903130279,31.916708599968818,0.3567598281216903,0.9380034786471072,46.89847854767078,51.6913378013149,2.1434331795625603,True,488.0,507.0,gfp,keyword,cis,7.833253642111976,7.833253642111976,1.0704390211796864,0.9380034786471076,19.0,green,1.15,0.141,225.0,20.79837599309903,15.370930569352089,12.746071485536438,11.78090914812955,16.00276250507241,0.7361797154957055,98.0,4.454545454545454,0.0,462.0,0.79,25000.0,19.75,,True
2AWL,True,CRO,174.0,862.3513716628253,107.53452216345514,33.91753842695085,31.65019525913222,0.359483853916297,0.9371266818009872,46.97727778377913,51.33345947934552,2.1380697048588817,True,488.0,507.0,gfp,keyword,cis,3.1113131031487065,3.1113131031487065,1.0716375728255394,0.9371266818009872,19.0,green,1.85,0.212,225.0,16.924351324411955,7.620107617313326,14.10267858845847,10.38863637230613,15.229677781471093,0.6821310681270798,105.0,4.7727272727272725,0.0,320.0,0.79,25000.0,19.75,,True
2AWM,True,CRO,179.0,846.9629732871897,106.4140137040589,33.681901560096875,31.59259608322869,0.3467177999238089,0.9398891591947296,46.79372292166117,51.59219554938053,2.1448203498202547,True,488.0,507.0,gfp,keyword,cis,10.542776818131426,10.542776818131426,1.0661327569081072,0.9398891591947296,19.0,green,1.7,0.164,225.0,17.08445288798108,13.138788087258778,11.20767858092274,10.279999928040938,15.239316374635964,0.6745709371288321,109.0,4.954545454545454,0.0,308.0,0.79,25000.0,19.75,,True
2B3P,True,CRO,190.0,841.7112057818503,106.14448855621212,34.94546502948602,31.852881740062443,0.4112943421526326,0.938810796573976,50.09832961787112,51.97819528121598,2.215592821276066,True,485.0,510.0,superfolder,keyword,cis,-0.3999887071026674,0.3999887071026674,1.0970895919138748,0.9388107965739758,25.0,green,1.4,0.206,229.0,16.29877600372526,9.09080043101578,12.222807010014852,10.272727294401689,13.530768816184784,0.7592123872602125,114.0,5.181818181818182,0.0,328.0,,,,,True
2B3Q,True,CRO,172.0,739.6620382250313,99.01922170677656,32.239588112109345,30.773382222305173,0.2981418700744949,0.94799091875967,46.683512499853,72.26221950996128,2.15999016580655,True,488.0,507.0,green fluorescent,keyword,cis,-0.1842302379689687,0.1842302379689687,1.047645263013743,0.94799091875967,19.0,green,2.3,0.206,227.0,23.64040793149463,8.376953499429995,22.037123878445247,15.244545503096148,23.07516812957456,0.6606472125140357,95.0,4.318181818181818,0.0,455.0,,,,,True
2BTJ,True,RC7,120.0,683.1393942827651,98.58390542514748,31.75553006978739,24.503047841610144,0.6360896735182511,0.8832978160716964,47.49326225567426,60.106404413484455,2.354291554071505,True,508.0,518.0,Kaede,manual,trans,-175.55160064899778,4.448399351002223,1.295982862012021,0.8832978160716966,10.0,green,2.0,0.1981,159.0,25.93975855407101,6.835506347145014,24.424240534818622,21.59000031153361,24.684492659328704,0.8746382034055851,92.0,3.8333333333333335,0.0,696.0,,,,,False
2C9I,True,CRQ,181.0,841.6881019312864,108.25102617004232,34.53171204485551,30.455042220029448,0.4713538753371632,0.902603489439957,48.94183557522217,32.863460344363,1.8566030988025604,True,458.0,489.0,anemonia,keyword,trans,179.847788575795,0.1522114242050065,1.133858616756241,0.9026034894399568,31.0,cyan,1.82,0.245,226.0,21.401933575480303,16.652843324237153,19.391777784559466,17.220000108083088,19.59516790527882,0.8787880864978005,110.0,4.583333333333333,0.0,1563.0,,,,,True
2C9J,True,CRQ,171.0,726.6558944965656,101.60383772991938,32.10479992832347,29.146873817071537,0.4192592692753175,0.8845419621555238,45.12233529443507,74.966062541617,1.811957121779761,True,,,,,trans,-166.71408703961816,13.285912960381836,1.1014834774328168,0.8845419621555238,,,1.35,0.228,219.0,18.94746040457295,6.7278325616994215,17.068538826894542,17.018333236376446,17.681624432313278,0.9624869763252824,172.0,7.166666666666667,0.0,1543.0,,,,,True
2DD7,True,CR2,193.0,852.1543538171977,106.60218446093374,34.485952045594736,32.19277770636326,0.3585667176199812,0.9423146060555452,46.56101376784831,45.24386715085008,2.0181252141681725,True,488.0,507.0,gfp,keyword,cis,1.0918051278723344,1.0918051278723344,1.0712325714838271,0.9423146060555452,19.0,green,1.9,0.204,215.0,21.409419261856584,10.500713096618972,18.601869173139058,12.205789515846654,19.936662765122577,0.6122283182318558,114.0,6.0,0.0,436.0,0.79,25000.0,19.75,,True
2DD9,True,CR2,184.0,786.2155725188743,102.3871661755022,34.031750039091634,31.025420051405323,0.4109430366140036,0.9424546459919648,46.72079408019359,61.58901538366368,2.0255506048582994,True,488.0,507.0,gfp,keyword,cis,2.871829316002208,2.871829316002208,1.0968989294167553,0.9424546459919648,19.0,green,2.3,0.185,215.0,21.39407270315304,11.10239839976219,18.28023359708697,12.544210534346732,20.57521739129314,0.6096757227777867,101.0,5.315789473684211,0.0,489.0,0.79,25000.0,19.75,,True
2DDC,True,,173.0,790.825822005438,104.08675699166731,33.76300560562385,30.16288525988098,0.449320054624691,0.9172754082073356,48.63714640428247,48.6543994371608,1.7432800942682316,True,,,,,unknown,,,1.1193559672665438,0.9172754082073356,,,1.55,0.19,225.0,19.96930767481144,9.025326014953942,16.438303542988642,21.71719997406006,18.37385519961048,1.1819620726368008,127.0,5.08,0.0,559.0,,,,,True
2DDD,True,,175.0,773.362430749647,103.2510511852214,33.33864587065383,29.657907457121578,0.4567493262216709,0.911599274652666,48.277000273378206,48.90609694166718,1.7413418762065964,True,,,,,unknown,,,1.1241064771293707,0.911599274652666,,,1.55,0.175,225.0,13.99396665868305,8.774753600328367,10.575714303978852,8.28879991531372,11.939001114146343,0.6942624291652378,143.0,5.72,0.0,600.0,,,,,True
2DUE,True,C12,164.0,747.2372321011,100.39184200603869,32.64475381372083,28.250923356813548,0.501073553968194,0.9316901873171086,47.09872998234295,53.80567443650968,2.2386419849025474,True,488.0,507.0,green fluorescent,keyword,,,,1.1555287379960124,0.9316901873171084,19.0,green,1.24,0.148,221.0,20.57175567902396,9.876591965437004,16.450630557429683,13.626363624225965,19.03050826958831,0.7160273089501011,111.0,5.045454545454546,0.0,249.0,,,,,True
2DUF,True,C12,186.0,762.2934634174466,102.08658760591516,34.57772517099582,30.25983921093492,0.4838965346289063,0.9191675537460062,46.61502976305623,52.29666668556698,2.180334283228994,True,488.0,507.0,green fluorescent,keyword,,,,1.142693618758574,0.9191675537460062,19.0,green,1.5,0.17,226.0,28.89184734945339,15.375327482172372,22.947999937269422,18.23409115184437,27.12305569689825,0.6722727466850127,102.0,4.636363636363637,0.0,294.0,,,,,True
2DUG,True,C12,189.0,756.3186298308585,101.93232678885931,34.103626912008146,29.907375569373624,0.4805709254467202,0.9147255005669714,45.83984526362434,50.54201336924107,2.0409957312919915,True,488.0,507.0,green fluorescent,keyword,,,,1.1403082437942718,0.9147255005669714,19.0,green,1.4,0.177,224.0,30.284013751452623,16.017517192331244,24.224913087098496,21.050909129056063,28.710337444150944,0.7332170570967876,121.0,5.5,0.0,233.0,,,,,True
2DUH,True,C12,182.0,722.7698982742869,99.43321575055,34.780626344453985,29.55888031857421,0.526998448950197,0.9186433821562168,46.964016849663246,50.79472742543362,2.165430297474389,True,488.0,507.0,green fluorescent,keyword,,,,1.1766557450621205,0.9186433821562164,19.0,green,1.2,0.152,226.0,21.99140410670662,10.2737661610612,17.281790379353485,15.040909160267224,19.82336513927928,0.758746512238944,105.0,4.7727272727272725,0.0,296.0,,,,,True
2DUI,True,GYS,182.0,794.2535785614245,102.58242715647616,33.033782642411275,31.82573172153391,0.2679607346437895,0.9484689179013298,46.77561592498127,51.53432234880961,2.19455135933011,True,488.0,507.0,green fluorescent,keyword,cis,9.472147781757323,9.472147781757323,1.0379583078072632,0.9484689179013298,19.0,green,1.36,0.151,226.0,23.7760145653824,12.545844805477614,18.802711147732204,14.19619051615397,21.97411602574426,0.6460414835127889,99.0,4.714285714285714,0.0,268.0,,,,,True
2EMD,True,CSH,171.0,761.6290205871495,101.86110073390292,33.13700865793063,30.045289343301327,0.421778499141792,0.9224367943769524,46.33627241353929,58.83154163036167,2.107568450628063,False,381.0,445.0,BFP,literature_fpbase,,,,1.1029019650735568,0.9224367943769524,64.0,blue,2.0,0.191,223.0,22.36967138480444,17.02109075557103,16.51572070680223,,21.201018115783707,,,,0.0,130.0,0.38,14000.0,5.32,,True
2EMN,True,CSH,168.0,714.6534158700644,97.728034302727,32.955797244384776,29.267790968595097,0.4596650979227239,0.9403012445783452,46.37295511815473,21.32560088891871,2.0698293896310656,False,381.0,445.0,BFP,literature_fpbase,,,,1.1260090411246608,0.9403012445783456,64.0,blue,2.3,0.198,222.0,35.07558917354893,15.654292902100233,32.875837062818434,,34.72818597915115,,,,0.0,89.0,0.38,14000.0,5.32,,True
2EMO,True,CSH,160.0,674.159478328318,95.98583538424414,33.01916848466084,28.96479800040144,0.480103935059112,0.919513714039671,46.59897855300169,21.48673277698861,2.101549377607287,False,381.0,445.0,BFP,literature_fpbase,,,,1.1399757900677645,0.919513714039671,64.0,blue,2.6,0.203,222.0,30.0,0.0,30.0,,30.0,,,,0.0,61.0,0.38,14000.0,5.32,,True
2FL1,True,XYG,175.0,764.2185432520345,102.60325708932317,34.49789913644557,29.42130913628809,0.5221666016267297,0.9122316592047064,47.85931311829293,89.10281513216124,1.8867218668699373,True,558.0,583.0,red fluorescent,keyword,,,,1.1725480663229917,0.9122316592047064,25.0,red,2.4,0.203,226.0,21.9066479641564,7.185312891095536,20.88804450988769,17.482999992370605,21.37569290492064,0.8178916150290526,116.0,5.8,0.0,412.0,,,,,True
2FWQ,True,XXY,178.0,803.590731903913,102.64800204153433,33.62080031399839,32.82141039518182,0.21676707798127,0.9583933288702076,53.97158703153967,53.24332966383468,2.2999288581899977,True,381.0,445.0,BFP (Y66H),literature_fpbase,,,,1.024355745508545,0.9583933288702076,64.0,blue,1.4,0.136,233.0,20.048262045652898,11.807019162706306,14.632456939795922,,17.68033062797898,,,,0.0,355.0,0.38,14000.0,5.32,,True
2FZU,True,C12,222.0,881.8518649613854,112.12473891291827,32.44162232310618,31.15179818918211,0.2791700201354444,0.8814600061726207,54.90250695555413,54.18232053605361,2.275232106926416,True,488.0,507.0,gfp,keyword,,,,1.04140448413575,0.8814600061726209,19.0,green,1.25,0.142,234.0,16.928714920135967,12.243758148293344,11.399786319488134,13.52272740277377,14.12746132888794,0.9571944376957802,239.0,5.431818181818182,0.0,356.0,0.79,25000.0,19.75,,True
2G16,False,,122.0,616.3587252554019,95.5787119811898,36.06884208944375,23.816904308726805,0.7509861441784473,0.8478539835038011,46.98596260850266,45.428257072910334,2.5994050664668364,False,488.0,507.0,gfp,keyword,,,,1.514421925784355,0.8478539835038015,19.0,green,2.0,0.202,164.0,22.141820667529927,7.377940336522094,20.012944724662173,,21.375322675741163,,,,0.0,173.0,0.79,25000.0,19.75,,False
2G2S,False,,136.0,659.009484339739,98.7308644289055,35.73559712756341,25.321940173708263,0.705618943901115,0.8495631177470766,46.87784667261222,45.35589714539528,2.6027870142704685,False,488.0,507.0,gfp,keyword,,,,1.411250357690507,0.8495631177470766,19.0,green,1.2,,165.0,18.6801821634398,10.446349791767345,13.66648486744274,,16.2744922199631,,,,0.0,325.0,0.79,25000.0,19.75,,False
2G3D,False,,132.0,694.0762804123352,98.5630485924092,36.646483882897016,24.53418416462382,0.7428277169708017,0.8978190397789394,46.763190677544486,45.41666131897596,2.585671267013951,False,488.0,507.0,gfp,keyword,,,,1.493690747448537,0.8978190397789391,19.0,green,1.35,0.142,165.0,19.10753399745201,11.044307060350931,13.45590361629624,,16.387618695593023,,,,0.0,368.0,0.79,25000.0,19.75,,False
2G3O,True,CR2,160.0,652.1021289266307,94.95948937596908,31.66029205220243,28.2067701877366,0.4541613392090489,0.9087590331612944,47.35829925735568,31.66468782897452,2.170118022683712,True,488.0,507.0,gfp,keyword,cis,4.166200944705634,4.166200944705634,1.122435920223412,0.9087590331612944,19.0,green,2.1,0.23042,216.0,39.179993873418766,2.1122641166666125,39.23148839196494,35.50526327835886,39.21216266964002,0.9054655714220214,119.0,6.2631578947368425,0.0,214.0,0.79,25000.0,19.75,,True
2G5Z,False,,132.0,606.5578960047391,94.48480979638344,35.1925601809817,23.94723152015052,0.732782534748688,0.8538039080975335,46.71555695336974,45.95096981471177,2.569871312038275,False,488.0,507.0,gfp,keyword,,,,1.4695878373819011,0.8538039080975335,19.0,green,1.8,0.16,164.0,17.68287813290716,13.651428030003146,10.724878045116984,,15.220707848309036,,,,0.0,320.0,0.79,25000.0,19.75,,False
2G6E,False,,180.0,852.4212558825517,107.01690535521767,33.40560963678008,31.791180070790897,0.3071165745406616,0.9353181422123216,47.138284260814245,51.62723536230604,2.244421908338281,False,488.0,507.0,gfp,keyword,,,,1.050782310137411,0.935318142212322,19.0,green,1.3,0.131,229.0,18.047829589073967,11.452173245283207,12.558420988551358,13.942857129233223,15.1864574174173,0.9181112320008352,80.0,5.714285714285714,0.0,383.0,0.79,25000.0,19.75,,True
2G6X,True,CR2,165.0,633.8009442780091,93.12153660953766,31.32393813493539,28.862345929082988,0.3885800159679249,0.9184647192035384,46.835710155293896,10.110762895917803,2.150956394353015,True,488.0,507.0,green fluorescent,keyword,cis,-0.5947512231298882,0.5947512231298882,1.0852873225170512,0.9184647192035384,19.0,green,2.0,0.192,216.0,32.914342987510835,8.719139107991266,31.76110606039724,24.676841936613386,32.91597999945467,0.7496918498863535,105.0,5.526315789473684,0.0,270.0,,,,,True
2G6Y,True,CR2,174.0,786.5174158537518,105.41239670526872,33.34031006784908,29.59660009606264,0.4603987888809914,0.8894772242937238,46.89104960260202,25.5024667545724,2.113825802955819,True,488.0,507.0,green fluorescent,keyword,cis,-1.9821865360375257,1.9821865360375257,1.1264912172220918,0.8894772242937239,19.0,green,1.6,0.162,216.0,27.73092342475415,8.945079055684186,24.11072076333536,19.77421057851691,25.95293608044469,0.7619257612018937,103.0,5.421052631578948,0.0,886.0,,,,,True
2GW3,True,,171.0,742.5816577968878,102.95364392140966,34.07770482511928,27.85001195434945,0.5762829763652015,0.8803809500627566,48.88493134260556,56.22494603421976,2.0823594944904027,True,508.0,518.0,kaede,keyword,unknown,,,1.2236154469512612,0.8803809500627566,10.0,green,1.4,0.197,219.0,14.315377223582209,5.092317096341109,12.498715634739726,10.163600006103517,13.36202171065343,0.7606334001089191,157.0,6.28,0.0,402.0,,,,,True
2GW4,True,RC7,121.0,653.4198842792074,98.44668700874328,31.57179495731404,25.28769507460093,0.5987199728827887,0.8472274127586593,48.54529170167151,48.63628973051037,2.538722728470776,True,508.0,518.0,kaede,keyword,cis,0.4881934647864982,0.4881934647864982,1.248504257275108,0.8472274127586593,10.0,green,1.6,0.198,157.0,17.407834373520735,6.314938383633352,15.051025580137203,14.648749987284342,15.908045533687766,0.9208390783307308,92.0,3.8333333333333335,0.0,437.0,,,,,False
2GX0,True,GYC,161.0,708.8675235150642,99.03635048825154,32.74781535866539,28.150448587221018,0.5109456420284935,0.9082087621855196,45.966473827534784,66.67844998956119,1.9513066282216904,True,488.0,507.0,gfp,keyword,cis,0.4691401447406217,0.4691401447406217,1.1633141566891891,0.9082087621855196,19.0,green,1.9,0.178,218.0,22.025847679759043,10.22959332150922,19.097188945190148,14.835238093421571,21.425979320651017,0.6923948665965021,123.0,5.857142857142857,0.0,610.0,0.79,25000.0,19.75,,True
2GX2,True,GYS,171.0,771.8373393007976,103.36787407649068,33.89184291482248,28.94024166294877,0.5204372596872784,0.9077462842847804,46.1257976879953,39.26126931764784,1.941385928410545,True,488.0,507.0,gfp,keyword,cis,0.6616749202317639,0.6616749202317639,1.171097439666963,0.9077462842847804,19.0,green,1.8,0.182,218.0,20.937423472015222,10.683217005773306,17.27668203186879,15.56142856961205,19.946341185375303,0.7801645637657958,123.0,5.857142857142857,0.0,2032.0,0.79,25000.0,19.75,,True
2H5O,True,CRO,179.0,690.6555548177803,96.66816437717868,34.698808146379534,28.861946743989325,0.5550979917259857,0.9287619813406772,50.19411349392141,26.199584794057305,2.073140780193384,True,548.0,562.0,morange,keyword,cis,-3.221718637619805,3.221718637619805,1.2022338082099666,0.9287619813406772,14.0,orange,1.08,0.145,215.0,22.00616950296028,10.9035326048628,17.553878481142988,15.161363731731068,20.550880541777385,0.7377476454553809,112.0,5.090909090909091,0.0,550.0,0.69,71000.0,48.99,,True
2H5P,True,CRO,195.0,864.9891634989893,113.260712721154,40.343082928699445,29.08148893193536,0.693086524662975,0.8473482762471082,46.242677809260606,68.06254862500097,1.69503011807575,True,574.0,596.0,mstrawberry,keyword,cis,6.222191140939254,6.222191140939254,1.387242689778423,0.8473482762471084,22.0,red,1.21,0.1375,223.0,21.63557072616205,10.891594571517494,16.317142814397812,18.12045457146385,20.00941637469462,0.9055963568422868,112.0,5.090909090909091,0.0,246.0,0.29,90000.0,26.1,,True
2H5Q,True,CH6,185.0,872.9590503235281,108.3389834920048,35.232910095957465,30.30038203190368,0.5102902373329754,0.9346181766082524,46.988153230011456,71.69898343609047,2.060291102637632,True,587.0,610.0,mCherry,manual,cis,13.115215146231726,13.115215146231726,1.1627876526065006,0.9346181766082524,23.0,red,1.36,0.1467,218.0,18.8542385712821,10.766321074238546,12.816513735219973,18.591738908187203,15.813767455344976,1.175667908402389,129.0,5.608695652173913,0.0,378.0,0.22,72000.0,15.84,,True
2H5R,True,CRO,211.0,936.1941682577968,119.117280493904,39.78785572430524,27.88783402254923,0.7132465631135478,0.8291369241472332,46.185425350129776,72.32834831033333,1.7061311397301473,True,574.0,596.0,mstrawberry,keyword,cis,21.382135102671185,21.382135102671185,1.4267101450809705,0.8291369241472331,22.0,red,1.6,0.166,223.0,24.331264251991826,15.43972757177022,17.21241071820259,15.201136393980546,22.44595156865077,0.6772328786101132,226.0,5.136363636363637,0.0,284.0,0.29,90000.0,26.1,,True
2H6V,True,CRO,189.0,869.8394431826227,109.56550422258049,34.94479673611568,31.41333165383531,0.4380684779137211,0.910544714278414,53.334699716553295,53.861421963537325,2.317759510411963,True,488.0,507.0,gfp,keyword,cis,-7.585484202814409,7.585484202814409,1.1124193104124058,0.9105447142784138,19.0,green,1.47,0.15882,234.0,12.317444147344409,6.177131276903081,10.151158819894423,8.036818157542836,10.969822491414448,0.7326297361541508,125.0,5.681818181818182,0.0,262.0,0.79,25000.0,19.75,,True
2H8Q,True,CRQ,174.0,725.7528839163474,101.32726675426083,34.029222796994816,28.86653317161208,0.5295374122365472,0.8882720118835105,46.15664887489563,45.410018040758,1.905219076441781,True,558.0,583.0,dsred,keyword,cis,-1.528155735778927,1.528155735778927,1.178846888010086,0.8882720118835105,25.0,red,2.0,0.23,217.0,46.4521499567777,15.255620896298849,41.350462948834455,44.94541645050049,45.5810823226428,0.9860541733598428,132.0,5.5,0.0,580.0,0.79,75000.0,59.25,,True
2H9W,True,CRO,195.0,742.3751340767093,99.57364616191974,30.46298134732137,29.85845254836181,0.1982311594592438,0.9409021483201478,54.9476265942753,53.57576910211652,2.2228419707957907,True,488.0,507.0,green fluorescent,keyword,cis,10.732424845051671,10.732424845051671,1.0202464879243291,0.9409021483201478,19.0,green,1.82,0.16632,238.0,24.306814010873087,11.205190840255128,22.92747899864902,15.734772703864358,23.959873998947344,0.6567134996016946,253.0,5.75,0.0,109.0,,,,,True
2HCG,False,,188.0,843.7393529686539,105.777517683701,34.38226618569626,31.8899347017848,0.3737955272292026,0.947613910785774,54.0026533390194,53.38306927227184,2.327444706889602,False,488.0,507.0,gfp,keyword,,,,1.0781541733220286,0.9476139107857736,19.0,green,1.35,0.127,234.0,17.33066780589915,11.789123546679493,11.386794880924064,,14.408105795471757,,,,0.0,399.0,0.79,25000.0,19.75,,True
2HFC,False,,191.0,805.9337613145068,103.51974108507078,33.87381658560392,31.92269556986477,0.3344871267752836,0.9450675664346864,51.4865304253824,52.73196269083924,2.3166129559147555,False,488.0,507.0,gfp,keyword,,,,1.0611201836470543,0.9450675664346864,19.0,green,1.2,0.1544,232.0,20.5425111895282,9.246081746944627,15.9094827339567,,18.597686570336315,,,,0.0,357.0,0.79,25000.0,19.75,,True
2HGD,True,X9Q,176.0,770.7905876927331,101.05208385698582,33.386908771026526,30.475048682853338,0.4084417746429884,0.9485401514260756,47.157610173567335,51.691767481304126,2.1558813476955088,True,488.0,507.0,gfp,keyword,,,,1.0955489888950214,0.9485401514260756,19.0,green,1.6,0.207,226.0,15.825871952401355,7.453484033211715,12.92817779329088,,14.175092539891592,,,,0.0,291.0,0.79,25000.0,19.75,,True
2HGY,False,,164.0,759.102577727108,100.52186504673988,33.80252924984684,31.313024814977616,0.3766601066380324,0.9440375187138804,46.77543398372156,51.0320328476488,2.1431173147583715,False,488.0,507.0,gfp,keyword,,,,1.0795037991244605,0.9440375187138808,19.0,green,2.05,0.22,226.0,28.97599168794345,7.452810509230208,27.60244439866808,26.920833587646484,28.58445757329297,0.9417997007156492,67.0,5.583333333333333,0.0,130.0,0.79,25000.0,19.75,,True
2HJO,True,CRO,182.0,819.0068230397552,104.6549290537515,32.87428116025301,31.424022470655498,0.2937421238101851,0.939675726936344,46.41838848378829,50.01863190253896,2.1216871105747384,True,488.0,507.0,gfp,keyword,cis,7.178624832616172,7.178624832616172,1.0461512745846526,0.939675726936344,19.0,green,1.25,0.128,224.0,15.337177918620018,10.67966256082959,10.36129464847701,8.321363579143178,13.182816822883762,0.6312280365375559,127.0,5.7727272727272725,0.0,285.0,0.79,25000.0,19.75,,True
2HPW,True,GYS,176.0,809.4056344641874,104.1171692793864,33.8321906192732,30.53074661817215,0.4308635705382697,0.9382776753311588,46.550268419535016,56.27982713690909,1.9837639259559112,True,488.0,507.0,green fluorescent,keyword,trans,-178.55000147489883,1.4499985251011651,1.1081350561907322,0.9382776753311584,19.0,green,1.55,0.18169,229.0,14.306396687643604,6.771275021059445,11.88842106702035,9.868095170883905,13.390393121165957,0.7369533576490434,108.0,5.142857142857143,0.0,235.0,,,,,True
2HQK,True,PIA,218.0,888.1398434464627,108.79051575747276,36.82134641531144,31.757731885463,0.5060885080361489,0.942994470942225,46.76219180715092,65.92397413345117,2.0079041601823344,True,439.0,476.0,cyan fluorescent,keyword,cis,16.808430336409163,16.808430336409163,1.15944509350072,0.9429944709422248,37.0,cyan,1.19,0.137,214.0,23.32620240718873,9.73197611499514,18.5303017640936,14.675999927520753,20.768798876075103,0.7066369131450816,111.0,5.55,0.0,336.0,,,,,True
2HQZ,True,CRO,207.0,959.476724082412,113.61707800899715,34.33919865645095,31.92898124144929,0.3680361467864618,0.9340219355704412,48.133738753047496,51.97781620220883,2.178170168754588,True,488.0,507.0,gfp,keyword,cis,7.141352257601464,7.141352257601464,1.0754868248621972,0.9340219355704418,19.0,green,1.2,0.13,227.0,17.577523509750332,9.9469311953319,12.893362842829882,10.774583419164022,15.292959353335828,0.7045453512445111,144.0,6.0,0.0,334.0,0.79,25000.0,19.75,,True
2HRS,True,CRO,185.0,805.2364809333801,104.219346144044,31.77315430770445,31.38554209888429,0.1557237920606489,0.9316153119417344,46.51943128095459,51.4722073224202,2.154729161452668,True,488.0,507.0,gfp,keyword,cis,1.2848953175960771,1.2848953175960771,1.0123500243391983,0.9316153119417344,19.0,green,1.4,0.13,226.0,17.28918572837676,10.979857854105624,11.993377787272136,9.972727233713323,14.66746433322961,0.6799216965620833,131.0,5.954545454545454,0.0,337.0,0.79,25000.0,19.75,,True
2IB5,True,CRQ,203.0,844.8853010434383,109.44274301130288,37.993323055488254,28.91939372016843,0.6485519174286106,0.8864080258931382,48.733445409880986,38.86770147767912,1.8387757762223065,True,,,,,twisted,-34.60802889854734,34.60802889854734,1.313766236703353,0.8864080258931382,,,1.8,0.195,226.0,16.379701631689237,8.197764277635159,13.00822224299113,21.195416688919067,14.93097787797104,1.4195598481322844,135.0,5.625,0.0,1328.0,,,,,True
2IB6,True,QLG,204.0,903.1599905590764,111.93034149814076,38.954052856260894,29.39627489876232,0.6561394042848783,0.9058971572089328,48.91331117521926,38.50377063671894,1.841180736594512,True,,,,,,,,1.3251356843822748,0.9058971572089326,,,2.0,0.198,226.0,13.803950672960786,7.927969511515963,11.414533350202772,,12.455250286944947,,,,0.0,1340.0,,,,,True
2ICR,True,XYG,179.0,725.1447377395392,99.61857868702616,35.29167519141001,28.301998363995672,0.5973972666938295,0.9182350822750928,47.91245558331805,38.533263123193095,1.8782394720332167,True,558.0,583.0,red fluorescent,keyword,,,,1.2469676076409586,0.9182350822750932,25.0,red,1.51,0.178,227.0,24.3120713816509,8.974176471459687,20.699786271804417,19.450000190734865,23.83341805234737,0.8160810232093092,131.0,6.55,1.0,427.0,,,,,True
2IE2,True,GYC,160.0,709.0260713177737,99.13212600675072,32.82806882133977,28.152293846863422,0.5143709906023376,0.9066574370341816,46.93024226552267,64.20366282754463,2.0636281601350084,True,488.0,507.0,green fluorescent,keyword,cis,7.388269058941596,7.388269058941596,1.1660885965424554,0.9066574370341816,19.0,green,1.7,0.19808,215.0,18.697457243744125,5.187286517085054,17.2749532984796,15.079999969119118,17.98733448884469,0.8383676846878768,119.0,5.666666666666667,0.0,739.0,,,,,True
2IOV,True,GYC,194.0,795.8471237538176,102.52193854537136,32.41290882228384,30.934185349148404,0.2985993272096164,0.9514936539902764,49.9278407884398,42.254271358111886,2.0467564580665547,True,503.0,518.0,dronpa,keyword,cis,20.34470899840857,20.34470899840857,1.0478022439073589,0.9514936539902766,15.0,green,1.8,0.18523,221.0,31.350064082023422,7.406613844918397,29.44688891940647,28.49476178487141,30.03868695520628,0.9486021085862651,116.0,5.523809523809524,0.0,883.0,,,,,True
2JAD,True,PIA,220.0,883.2685204698098,111.0615136984241,41.947472463123454,29.12655061617225,0.7196300303731722,0.899861020709876,86.17076170995642,80.37132881021982,8.034800383803027,True,514.0,527.0,yellow fluorescent,keyword,cis,8.754856902561526,8.754856902561526,1.4401798900221472,0.899861020709876,13.0,yellow,2.7,0.214,347.0,50.316689147434815,21.251221805925898,46.3993352630924,49.79999923706055,50.38935968041027,0.9883038711528052,125.0,6.25,1.0,55.0,,,,,False
2O24,True,CRO,181.0,775.805026888422,101.52878919215698,33.2368273967279,30.55758867646843,0.3933484806811228,0.9457667454001968,52.51134698344927,54.01288423310177,2.314130927709275,True,488.0,507.0,gfp,keyword,cis,7.471613347152722,7.471613347152722,1.0876783423137923,0.9457667454001968,19.0,green,1.45,0.17732,237.0,16.087198494634176,7.769643721431161,14.57169490345454,9.66454542766918,15.18028586399246,0.6366510824801671,127.0,5.7727272727272725,0.0,213.0,0.79,25000.0,19.75,,True
2O29,True,CRO,181.0,756.5432856400319,100.14313455369668,34.11537241290048,30.06820887676496,0.4724297444796028,0.9479846020736832,52.85066826299084,53.63604865987499,2.3294424123729383,True,488.0,507.0,gfp,keyword,cis,7.656155205039079,7.656155205039079,1.1345994220248663,0.9479846020736832,19.0,green,1.8,0.17753,234.0,18.32270310418518,8.994460730434746,17.025793996491657,13.7990910356695,17.611476118565886,0.7835283620049658,122.0,5.545454545454546,0.0,178.0,0.79,25000.0,19.75,,True
2O2B,True,CRO,180.0,741.9987911833849,100.11763535921276,33.74947466730468,30.0833218662918,0.4532733644563677,0.930233326646947,53.06155150963802,53.80422230450714,2.3347755777815715,True,488.0,507.0,gfp,keyword,cis,7.07766355893372,7.07766355893372,1.1218666215555402,0.930233326646947,19.0,green,1.94,0.1816,234.0,24.74541358578981,8.275487441179177,23.62896990469085,20.930454514243387,24.345332596946683,0.8597317137030372,127.0,5.7727272727272725,0.0,147.0,0.79,25000.0,19.75,,True
2OGR,True,CH7,172.0,743.9976669850804,99.95235966825724,34.83647836698414,28.134867420640497,0.5896941885177084,0.935826491249952,47.74884922130673,12.30223388531155,1.9041704744432308,True,514.0,527.0,yellow fluorescent,keyword,cis,-2.366641398916028,2.366641398916028,1.2381959312673767,0.935826491249952,13.0,yellow,1.8,0.184,224.0,30.876069049746764,6.472689991484111,29.192511152258906,31.800869817319125,30.26824064070737,1.0506348946674666,90.0,3.9130434782608696,0.0,497.0,,,,,True
2OJK,True,NYG,173.0,739.6376417146377,101.41084557253792,34.118838524555706,27.432806971159124,0.5945793286207188,0.903774453904266,47.74132218577732,36.018118850799105,1.854886625830872,True,488.0,507.0,green fluorescent,keyword,trans,-172.1647752009719,7.835224799028111,1.2437239310007828,0.9037744539042656,19.0,green,2.2,0.182,226.0,41.65739237578189,8.200611297335545,40.54380526584862,35.944783086362094,41.34260573843805,0.8694368060342804,134.0,5.826086956521739,0.0,253.0,,,,,True
2OKW,True,CRO,172.0,783.9394889583455,102.7940340990882,33.68799203773275,30.129060119491463,0.4473558119367321,0.932301934530526,46.169852562455,67.05301812395945,2.10866227927385,True,488.0,507.0,gfp,keyword,cis,-0.4891414146881639,0.4891414146881639,1.1181228987604197,0.932301934530526,19.0,green,1.9,0.2323,221.0,19.40884146948413,8.826368890882371,17.02309093475342,13.366818167946557,18.232794288158416,0.7331195622948399,107.0,4.863636363636363,0.0,1158.0,0.79,25000.0,19.75,,True
2OKY,True,CRO,165.0,737.025630435214,100.32253226527364,32.7450744909336,29.781581028470697,0.4157082119664619,0.9202280845967789,46.430159838193546,81.2152910074286,2.097748111168656,True,488.0,507.0,gfp,keyword,cis,-0.2408721338223065,0.2408721338223065,1.099507593624054,0.9202280845967792,19.0,green,2.4,0.2251,221.0,36.96589701841194,10.574750773635214,36.13809093128551,26.121363813226875,36.82116571535383,0.7094116469630045,104.0,4.727272727272728,0.0,114.0,0.79,25000.0,19.75,,True
2OTB,True,PIA,179.0,790.3046015243539,104.31408752579787,33.118592606212225,29.92481938270447,0.4284498742113254,0.9126798191767111,46.53636296617762,19.0825801819248,2.008510648604785,True,439.0,476.0,cyan fluorescent,keyword,cis,18.834654063615183,18.834654063615183,1.1067265664217725,0.9126798191767111,37.0,cyan,1.79,0.183,214.0,18.63395374342721,10.63404234436136,13.023715609804206,12.576000022888184,17.275228485792255,0.7279787953734518,116.0,5.8,0.0,410.0,,,,,True
2OTE,True,PIA,180.0,716.7358856917255,97.1039884980458,32.454096089586535,29.495127402341904,0.4171753130490001,0.9552012365086636,46.64946152340059,15.913347450252877,2.003769596087853,True,439.0,476.0,cyan fluorescent,keyword,intermediate,-67.02906828020748,67.02906828020748,1.1003205935299567,0.9552012365086636,37.0,cyan,1.47,0.19,214.0,20.664999984447483,8.1629402021751,16.82425436220671,21.037000036239625,18.68666855973097,1.1257758422265556,103.0,5.15,0.0,450.0,,,,,True
2P4M,True,CRQ,166.0,695.8341612278398,98.33525187045252,34.807713179259736,26.657588507131795,0.6430157982481773,0.9042679557866196,46.60398249180479,33.06929756294157,1.981335106668452,True,554.0,585.0,rtms,keyword,twisted,147.4324806506899,32.56751934931009,1.3057337564479063,0.9042679557866192,31.0,red,1.8,0.226,219.0,30.728178948854147,3.305647241514193,30.48422015478852,29.15833322207133,30.60938229038443,0.9525946308047866,133.0,5.541666666666667,0.0,1258.0,,,,,True
2POX,True,GYC,192.0,772.5780723919755,102.3307473368154,34.086562149920155,29.37374803170447,0.5073504484667275,0.9271285393935847,49.74566126388848,45.81979949680024,2.181182283583297,True,503.0,518.0,dronpa,keyword,twisted,140.63235413374582,39.36764586625418,1.1604430634159768,0.9271285393935844,15.0,green,1.946,0.17407,220.0,4.208033680644532,5.139664476925791,2.443958334128062,5.611428544634864,3.0436647575017006,1.843642119522005,114.0,5.428571428571429,0.0,913.0,,,,,True
2PXS,True,XYG,188.0,742.3290255879751,102.2016714747648,33.00246006068024,26.34205427541152,0.6024129795053208,0.8930798873505374,47.78972572870519,35.49584887369819,1.8744491904798903,True,488.0,507.0,green fluorescent,keyword,,,,1.252843066665676,0.8930798873505378,19.0,green,2.2,0.176,227.0,46.82214319370592,8.534627701435246,45.74973452407702,36.95599956512452,46.632555787052425,0.792493547509686,116.0,5.8,0.0,238.0,,,,,True
2PXW,True,DYG,194.0,742.4153053212655,101.04172313369448,34.40186151620901,26.023918559387315,0.6540303304991438,0.9138087088668916,47.68730796711107,35.82301425646462,1.8744327728548509,True,488.0,507.0,green fluorescent,keyword,,,,1.3219324152780063,0.9138087088668916,19.0,green,2.4,0.166,227.0,33.585256531444834,7.791991145098716,32.61371672469958,27.529999923706058,33.383593749787124,0.8246565702316457,114.0,5.7,0.0,293.0,,,,,True
2Q57,True,CRF,178.0,738.5688284701422,99.02214816439016,33.91180870777581,29.25530938274524,0.5057365598448315,0.9465338525616054,48.869395276189735,53.09279825473797,2.249111130761764,True,488.0,507.0,gfp,keyword,trans,179.9358026589118,0.064197341088203,1.1591676664262855,0.9465338525616054,19.0,green,2.0,0.18806,227.0,13.335799793340842,7.587376195842577,11.686592912251973,11.162499984105429,12.770645886169952,0.8740748184235478,126.0,5.25,0.0,149.0,0.79,25000.0,19.75,,True
2Q6P,True,CRO,173.0,721.7928940477186,98.71601343197224,33.00294993011612,29.46358343625625,0.450540368200373,0.9307804425974278,45.66153929872971,52.92791440192417,2.065067440502959,True,485.0,510.0,superfolder,keyword,cis,0.0442270636192913,0.0442270636192913,1.1201268169405532,0.9307804425974274,25.0,green,2.1,0.227,224.0,15.621684880040924,8.006708696473025,13.984349792848253,7.764545462348244,15.179166678251796,0.5115264643264658,108.0,4.909090909090909,0.0,117.0,,,,,True
2QLE,True,CRO,188.0,802.6852045598096,104.30200614715253,34.6892564263147,31.436760525523187,0.4227655301973029,0.9271922619667836,49.97281184386174,47.10260953973119,2.135335130633555,True,488.0,507.0,gfp,keyword,cis,17.690554185033843,17.690554185033843,1.1034615477682836,0.9271922619667836,19.0,green,1.59,0.176,227.0,31.718806432671247,17.003768117864002,25.748813558433017,20.16333334786551,30.12437956586572,0.6693360540016838,105.0,5.0,0.0,859.0,0.79,25000.0,19.75,,True
2QLG,True,NRQ,182.0,785.5472101408798,103.72607670131865,33.555954544012444,30.416931809181538,0.4223043997079172,0.917500377016309,46.303947801114106,29.268337152026533,1.9470440253737733,True,590.0,649.0,mplum,keyword,cis,-1.8314545895340777,1.8314545895340777,1.1031998478519576,0.917500377016309,59.0,red,1.8,0.173,217.0,28.984011253372568,15.318127668990018,24.53574064484349,26.79260875867761,28.184412618466528,0.9506179575700292,115.0,5.0,0.0,488.0,,,,,True
2QLH,True,NRQ,182.0,779.3237768095095,104.62270402123154,33.873159152964,29.853806863676883,0.472480571740248,0.8946968531598409,46.30891102090097,29.235561320828428,1.9492586438786657,True,590.0,649.0,mplum,keyword,cis,-3.616875286575101,3.616875286575101,1.1346344976250735,0.8946968531598409,59.0,red,1.9,0.182,217.0,33.965098614270175,19.652526117174048,28.541843247303763,25.91608710910963,32.81599286634282,0.7897395399451722,113.0,4.913043478260869,0.0,471.0,,,,,True
2QLI,True,NRQ,181.0,760.639728344575,101.5849240909868,33.12348260389622,30.41194508070197,0.3962595992309658,0.926254536752364,46.55563332636807,29.538177218850105,1.987228661648148,True,590.0,649.0,mplum,keyword,cis,3.9909939630108258,3.9909939630108258,1.089160279488827,0.9262545367523636,59.0,red,1.34,0.1834,216.0,30.586187809493943,12.027619374222992,26.6096313933623,22.865217208862305,29.516018610478003,0.7746714592714512,132.0,5.739130434782608,0.0,480.0,,,,,True
2QRF,True,CZO,184.0,804.6140230232234,104.48963674958084,32.44727990100519,30.935761647958035,0.3016580648763706,0.9260853681526292,46.51195465490374,51.84042729823078,2.166762816490325,True,488.0,507.0,green fluorescent,keyword,,,,1.0488599010506965,0.9260853681526292,19.0,green,1.5,0.144,226.0,19.58980472383805,11.952517486812845,13.513761064647571,,16.953877866071444,,,,0.0,300.0,,,,,True
2QT2,True,CJO,201.0,815.5126726124855,105.29951213735863,34.046842966862215,31.736621143580685,0.3620831902080814,0.92424659659232,47.15877168864105,51.84208868961565,2.202403700796705,True,488.0,507.0,gfp,keyword,,,,1.072793565919629,0.92424659659232,19.0,green,1.31,0.133,227.0,17.8156320514101,13.41092056514183,11.03043669696458,,13.741863115011254,,,,0.0,431.0,0.79,25000.0,19.75,,True
2QU1,True,CRO,183.0,853.6575271080574,106.65159014271303,33.72975432482075,32.04949955099064,0.3116871246351689,0.9431024390388828,54.2366391795356,51.38893591830308,2.3368432735154543,True,488.0,507.0,gfp,keyword,cis,1.946228294617698,1.946228294617698,1.0524268646116248,0.9431024390388832,19.0,green,1.7,0.168,232.0,12.340946365640091,8.99483564822607,8.702979598726545,7.075000004334883,9.552893323374205,0.7406133162843591,114.0,5.181818181818182,0.0,377.0,0.79,25000.0,19.75,,True
2QZ0,True,CRO,188.0,906.0545236213318,109.76664843383472,35.07431154214318,31.62859882610477,0.4322378250958589,0.9449816804734528,47.13975334425598,51.44919755294868,2.138715407206547,True,488.0,507.0,green fluorescent,keyword,cis,-11.043552186955644,11.043552186955644,1.108942945433121,0.9449816804734528,19.0,green,1.2,0.13,225.0,17.93490738250312,13.072546900401354,11.23415179337774,12.951818119395863,14.379536578403645,0.9007117891996572,103.0,4.681818181818182,0.0,399.0,,,,,True
2RH7,True,CRO,176.0,752.6716435185044,103.72412009562416,34.56252471749257,29.866161153435147,0.503286211710136,0.8791356668130339,47.09357629283897,25.06408817795034,1.9436951083444665,True,488.0,507.0,green fluorescent,keyword,cis,-3.0400093853771404,3.0400093853771404,1.1572469772707048,0.8791356668130342,19.0,green,1.5,0.291,213.0,26.611239953706253,11.113638767576568,23.2720370248512,21.54857126871745,26.491501145273727,0.8134145041668154,113.0,5.380952380952381,0.0,537.0,,,,,True
2V4E,True,NRQ,165.0,732.6176933656717,99.80409147841202,33.37785360439637,29.191007895113525,0.4849134153634802,0.9242523763852576,46.388123212490285,62.70736230249906,1.9268924527077915,True,558.0,583.0,dsred,keyword,cis,-14.873186292818438,14.873186292818438,1.1434292959094334,0.9242523763852576,25.0,red,2.4,0.22,218.0,38.18143778253,5.344948939935381,38.010322526852654,41.05086948560632,38.208137794616285,1.074401210189066,119.0,5.173913043478261,0.0,491.0,0.79,75000.0,59.25,,True
2VAD,True,CRQ,198.0,675.4257029643935,95.57765541134889,31.349469191134943,27.269079885326708,0.4933306981777803,0.9291261898239148,47.24389895818014,45.84967325704012,2.023222571320059,True,554.0,581.0,tdTomato,manual,trans,-168.89289838240558,11.107101617594424,1.1496342862673508,0.9291261898239148,27.0,red,1.59,0.176,218.0,18.144041996510303,5.57099769849944,16.067772670225665,17.95854167143504,17.35716161177813,1.03464737340746,262.0,5.458333333333333,0.0,139.0,0.69,138000.0,95.21999999999998,,True
2VAE,True,CRQ,200.0,795.7028417751393,105.7662318996454,32.633087955612886,28.851568210225267,0.4672597680579953,0.8938542487526414,46.50759643927422,31.165634382490097,1.9009683672650897,True,558.0,583.0,dsred,keyword,cis,-4.24695039520613,4.24695039520613,1.1310680832956392,0.8938542487526411,25.0,red,1.64,0.162,217.0,9.392626252295935,5.512547694539328,6.86681613686908,10.225833356380464,8.229194429715475,1.242628721889856,288.0,6.0,1.0,1790.0,0.79,75000.0,59.25,,True
2VVH,True,5SQ,191.0,890.7865336889237,111.65856346351472,33.40657141771854,31.58988873675203,0.3252763476639262,0.8978410023159984,50.47561616903722,89.80351118491046,1.9838651332577195,True,,,,,,,,1.0575083595926995,0.8978410023159984,,,1.8,0.18486,223.0,22.98888109194652,8.975204415875655,20.07877192162631,17.47800006866455,20.566479728461506,0.8498294457498785,144.0,5.76,1.0,1187.0,,,,,True
2VVI,True,7R0,188.0,841.264471664138,109.26679318248564,34.345061644299825,30.231290794667977,0.474561501278442,0.8854540270113486,50.10258283884778,88.72524246498354,1.9959109709980425,True,,,,,,,,1.1360765862619868,0.8854540270113482,,,2.0,0.19319,223.0,26.37835686265188,7.945666866886246,24.188391320601752,,24.777450430760823,,,,0.0,1007.0,,,,,True
2VVJ,True,RC7,127.0,752.4866000088005,100.90153863732225,32.98585708514517,26.316144089984025,0.6029210885981418,0.9287804322349764,47.4953919130178,38.97845388788003,2.295458402349116,True,,,,,trans,-155.3296019462287,24.670398053771265,1.253445678529312,0.928780432234976,,,2.0,0.18626,160.0,32.23109101060025,8.345572399492829,29.599277128656222,33.2820831934611,29.98643125223093,1.1099047737127763,78.0,3.25,1.0,967.0,,,,,False
2VZX,True,5SQ,200.0,876.8376933659415,110.22394991094556,35.78994750547567,29.941939834605044,0.5478112622733868,0.9069370309540242,55.14431977907985,31.39395599732328,2.03493295197876,True,490.0,507.0,dendra,keyword,,,,1.19531158312301,0.9069370309540242,17.0,green,2.0,0.21229,227.0,20.654831675255657,8.019246898910227,19.64960350339108,11.661599979400634,20.28770991422098,0.5748110569752507,142.0,5.68,0.0,1280.0,,,,,True
2WHS,True,CRQ,183.0,797.3840209002932,104.78671469657344,36.29604557233023,29.12865129411014,0.5966122905473799,0.9125673859249986,65.2306385776608,66.81008781205126,2.1742271648840785,True,440.0,620.0,keima,keyword,trans,-179.35191843738096,0.6480815626190406,1.2460599430386037,0.9125673859249984,180.0,red,2.1,0.19011,227.0,23.69900000316341,9.856557275831523,21.05128319073567,23.33833336830139,21.94683623007385,1.0634030856949108,119.0,4.958333333333333,0.0,761.0,,,,,True
2WHT,True,CRQ,215.0,872.2939447234797,107.88951739517982,35.460999798422485,28.303749103258102,0.6024381490905809,0.9417035786984314,46.45003625629423,71.85444336805266,1.974868281881448,True,440.0,620.0,keima,keyword,trans,-163.20028791314263,16.79971208685737,1.2528728851097857,0.9417035786984314,180.0,red,1.9,0.18261,217.0,16.89727488016065,8.511561524121698,13.6744907785345,9.850833266973495,14.634210836491617,0.6731373066192013,250.0,5.208333333333333,0.0,1303.0,,,,,True
2WHU,True,CRQ,173.0,736.5498538760755,99.98080640164744,35.682305990884934,27.81274247452665,0.6264585469895805,0.9259312489149892,46.67447452459653,65.39327893430905,2.0286612370881967,True,440.0,620.0,keima,keyword,twisted,142.64160195888724,37.35839804111277,1.2829481315467512,0.9259312489149892,180.0,red,2.65,0.2351,216.0,38.13686145486338,12.124347930364472,37.2096744138141,42.47625033060709,37.921345825987714,1.120114526671094,124.0,5.166666666666667,0.0,147.0,,,,,True
2WIQ,True,CRQ,195.0,762.8767040135662,101.19121179430084,34.90233433262858,30.69657244218557,0.4759005067664386,0.9362215285507456,49.01063168749323,72.3305944621754,1.8118978355252569,True,,,,,trans,-168.23329583535167,11.766704164648331,1.1370107981392452,0.9362215285507453,,,2.0,0.17061,229.0,21.70423247148852,9.966528202477306,19.88850001891454,26.182083288828533,20.80185285597944,1.2586418849368295,127.0,5.291666666666667,0.0,269.0,,,,,True
2WIS,True,CRQ,188.0,777.394207486201,101.85931470978124,32.59003153740885,30.35648153236719,0.3638303279586447,0.941563607790494,50.73622849957482,70.56019370286735,1.936288114424888,True,,,,,cis,21.298575601236447,21.298575601236447,1.073577367741389,0.941563607790494,,,2.35,0.222,230.0,45.25095434272026,10.774294951854545,45.01979163487752,47.93125009536743,45.12879550533581,1.0620990336358584,134.0,5.583333333333333,0.0,77.0,,,,,True
2WSN,True,CRF,181.0,785.8924485541606,103.06801893979708,33.893212341297684,29.999816771673043,0.4653484500814592,0.9296620922470692,46.951629283383895,50.5774484279996,2.0869805292451606,True,439.0,476.0,cyan fluorescent,keyword,cis,6.858654423265994,6.858654423265994,1.129780644970503,0.9296620922470692,37.0,cyan,1.37,0.14023,225.0,13.465349905618208,7.439990351497748,10.608446183907558,7.381666700045268,11.92234407789742,0.6191455851144225,127.0,5.291666666666667,0.0,224.0,,,,,True
2WSO,True,CRF,186.0,779.1961563515478,102.2972349332883,33.992497155487264,29.459408213275367,0.4989262846084303,0.9356832941497728,46.66410704835021,50.92411553569424,2.1778533480721096,True,433.0,475.0,cerulean,keyword,cis,6.387025267898958,6.387025267898958,1.153875763878011,0.9356832941497728,42.0,cyan,1.15,0.14529,225.0,13.014687644282407,7.894350749112541,9.815662659794452,7.009166618188222,11.164707443815596,0.627796711509066,131.0,5.458333333333333,0.0,257.0,,,,,True
2WUR,True,GYS,196.0,855.6842289504907,108.07683063655028,33.56808340899039,32.23445231018026,0.2790696619278732,0.920572910149418,46.93369740807839,45.471997802960416,2.1017460151178247,True,488.0,507.0,gfp,keyword,cis,1.297343316145989,1.297343316145989,1.0413728480936202,0.920572910149418,19.0,green,0.9,,228.0,11.08328534556101,9.504474338927498,6.594853549821607,4.273809512456258,8.676350862516951,0.4925814527533357,117.0,5.571428571428571,0.0,318.0,0.79,25000.0,19.75,,True
2Y0G,True,CRO,180.0,774.9209977975147,101.83742144580218,32.12447205503375,30.90138889214517,0.273307398464674,0.9389717027579856,46.51765268937375,49.631685482762535,2.0977862767679087,True,485.0,510.0,Superfolder GFP,manual,trans,-175.04306242935925,4.956937570640747,1.0395802003320138,0.9389717027579856,25.0,green,1.5,0.13562,226.0,16.65428503885685,9.797592546028683,12.753817401980958,9.77863632548939,14.468597415427835,0.6758524026014057,130.0,5.909090909090909,0.0,264.0,,,,,True
2YDZ,True,CRF,168.0,708.0245070621478,97.76065054005306,32.07087922035278,28.51290784775246,0.457792388080018,0.9309577861961738,47.03525818963922,50.76318386834071,2.1579108961288105,True,439.0,476.0,cfp,keyword,cis,8.578174615782524,8.578174615782524,1.1247845849886118,0.9309577861961738,37.0,cyan,1.59,0.1419,226.0,23.411407443469184,9.678353388190857,20.11240001254611,15.576666792233786,22.907781462532533,0.6799727340559207,125.0,5.208333333333333,0.0,125.0,,,,,True
2YE0,True,SWG,168.0,685.0298826154064,96.72351123594927,32.63611688147563,28.499006561740828,0.4872989413231759,0.9201428870742,47.06780832898633,50.87280805109158,2.160782492636625,True,434.0,474.0,mturquoise,keyword,unknown,,,1.1451668257548586,0.9201428870742002,40.0,cyan,1.47,0.1415,226.0,23.567146422750618,9.91284260856436,19.892755499945743,14.328260753465736,22.718692508496737,0.6306815741313898,122.0,5.304347826086956,0.0,166.0,0.84,30000.0,25.2,,True
2YE1,True,SWG,158.0,653.886189219378,94.80245588500918,31.69898594867147,27.93387381101624,0.472700875691893,0.9142665964067644,46.93815030957586,50.61888240259492,2.1646536168720885,True,434.0,474.0,mturquoise,keyword,unknown,,,1.1347866093735408,0.9142665964067644,40.0,cyan,1.63,0.1458,226.0,20.38587607049046,9.897908433350311,17.457422222561306,11.041304339533268,19.69610431853198,0.5605831570025018,117.0,5.086956521739131,0.0,143.0,0.84,30000.0,25.2,,True
2YFP,True,CR2,153.0,641.6889380199955,93.51949078275526,31.6135818237797,30.076247806756243,0.3080471532329052,0.9219983626852324,47.62847677261789,50.86845951938395,2.1841924933980152,True,488.0,507.0,gfp,keyword,cis,-2.3535244255316057,2.3535244255316057,1.0511145548108602,0.9219983626852324,19.0,green,2.6,0.161,226.0,25.15119302373424,13.03359755740856,20.079022226333617,18.84578935723556,25.05782986473706,0.7520918395154613,125.0,6.578947368421052,0.0,30.0,0.79,25000.0,19.75,,True
2Z1O,True,GYC,173.0,764.8474485951642,103.79838391979456,33.562965551988185,29.91102411799955,0.4536276030345458,0.8920793833588161,49.56860977435839,66.19408768012052,2.0555030137787464,True,488.0,507.0,gfp,keyword,cis,16.918582711912503,16.918582711912503,1.122093493675832,0.8920793833588158,19.0,green,1.75,0.168,216.0,20.21848162046023,9.365178152123317,16.311023255281672,13.758095287141346,17.630864759966585,0.7803414905876359,124.0,5.904761904761905,0.0,1122.0,0.79,25000.0,19.75,,True
2Z6X,True,GYC,155.0,819.318755973403,107.59881917116849,33.38847803176879,28.716384978717432,0.510178230627822,0.8892988903932978,46.34211232245776,69.95209685866276,1.9650689261610044,True,488.0,507.0,gfp,keyword,cis,2.6619834161885003,2.6619834161885003,1.1626978136876904,0.8892988903932977,19.0,green,2.3,0.219,217.0,27.88388083688815,7.783572599595951,27.427222243061777,34.234762100946334,27.60346443215983,1.2402342533881583,122.0,5.809523809523809,0.0,1081.0,0.79,25000.0,19.75,,True
2Z6Y,True,GYC,162.0,749.0858641130308,102.80443103348362,33.385788501715915,29.21568411806045,0.4839540181283031,0.8906719965953971,46.87284781601159,89.45979316201021,2.047572896501221,True,488.0,507.0,gfp,keyword,cis,1.694067463853368,1.694067463853368,1.1427351270230088,0.8906719965953971,19.0,green,2.0,0.208,215.0,27.85942769922399,7.377237411401168,25.95023366446807,27.98095248994373,27.10825658636955,1.0321929925959528,115.0,5.476190476190476,0.0,596.0,0.79,25000.0,19.75,,True
2Z6Z,True,GYC,173.0,767.8339964386599,103.4028188137897,34.305979841266165,28.67481562979187,0.5489506943887815,0.9024277569920304,49.8998619801187,62.06853585481407,2.0083587681900994,True,488.0,507.0,gfp,keyword,cis,14.64611761765216,14.64611761765216,1.1963801366389175,0.9024277569920304,19.0,green,1.8,0.195,218.0,22.28756511760857,7.321354379493805,20.0558985828804,16.44714287349156,21.040650915440327,0.7816841284801747,122.0,5.809523809523809,0.0,1254.0,0.79,25000.0,19.75,,True
2ZMU,True,CFY,178.0,812.6791837660617,104.56400706627258,35.01143003669721,28.817129699030065,0.5679286815762311,0.9340380407816736,47.7016321981598,7.5764312375732334,2.2066492860856863,True,488.0,507.0,gfp,keyword,cis,-29.40509352862975,29.40509352862975,1.2149520234097304,0.9340380407816736,19.0,green,1.65,0.205,214.0,27.82542827681606,10.266417205436866,23.94962441977201,18.76531237363816,25.67575685003233,0.7308572239269561,144.0,4.5,0.0,263.0,0.79,25000.0,19.75,,True
2ZMW,True,CFY,174.0,726.5751409194999,99.38959754276868,33.48867170694971,28.51243479608048,0.5245082482802124,0.9242905967762848,49.47070658611058,82.072393043931,2.192428804219153,True,488.0,507.0,gfp,keyword,twisted,-30.48726308827389,30.48726308827389,1.1745286555307897,0.9242905967762848,19.0,green,2.0,0.197,214.0,24.06763889570521,11.162905595256523,21.155586927709447,19.673749953508377,23.024404063412344,0.8544737965562188,147.0,4.59375,0.0,722.0,0.79,25000.0,19.75,,True
3A8S,True,CRQ,170.0,674.9033676797211,97.95252039997648,33.73227004467551,28.85885379734912,0.5177588842989373,0.8839347931154116,47.53275083066846,22.383365422377235,1.922490327815588,True,,,,,trans,-156.35924172719012,23.64075827280988,1.1688707486980667,0.8839347931154116,,,2.9,0.24467,221.0,50.277715707726216,8.035257523891872,49.8087272123857,68.19541676839192,50.07335250388642,1.3619103446908007,130.0,5.416666666666667,0.0,28.0,,,,,True
3ADF,True,CRQ,165.0,662.2160880159735,95.63265378463588,31.94243858334024,29.095620779667406,0.4126787693763509,0.9099073567193152,46.17697341357811,84.61489346376936,1.9758719525270927,True,488.0,507.0,green fluorescent,keyword,trans,-152.6226235276104,27.377376472389585,1.0978435148447578,0.9099073567193158,19.0,green,2.2,0.205,211.0,23.59390843693335,5.8603107337320335,22.703666677929107,20.50291653474172,23.481734050388702,0.8731432052992834,146.0,6.083333333333333,0.0,115.0,,,,,True
3AI4,True,CR2,229.0,999.1698944338908,116.41587914035507,41.73485144473389,31.276198311529004,0.6621148131619826,0.9264559176823072,49.04919613846179,57.81223573636165,1.3081211637775505,True,488.0,507.0,green fluorescent,keyword,cis,8.669037087119346,8.669037087119346,1.3343965602542438,0.926455917682307,19.0,green,1.6,0.18942,257.0,20.529822914335018,9.716013344379256,17.485507786273956,12.4584211048327,19.62394247882315,0.6348582155842027,101.0,5.315789473684211,0.0,296.0,,,,,False
3AI5,True,CR2,269.0,1127.3707873904948,125.2632575234426,42.67069482202904,32.87636362787647,0.6374798438682329,0.9028783475940922,77.12906264871759,13.480210332897592,5.234626104263039,True,488.0,507.0,green fluorescent,keyword,cis,14.071228774456632,14.071228774456632,1.2979140669270302,0.9028783475940922,19.0,green,1.4,0.1787,300.0,21.070118182957017,9.579941751072598,17.702207357987113,11.18894742664538,19.6722667544338,0.5687675734736354,108.0,5.684210526315789,0.0,299.0,,,,,False
3CB9,True,CRO,174.0,776.9017085701156,101.4335203395963,33.42513992799848,31.54888738903043,0.3303256557343003,0.9488836073248416,46.99936820323036,51.1066123235379,2.2429569274277124,True,488.0,507.0,green fluorescent,keyword,cis,2.280294001594415,2.280294001594415,1.059471274401278,0.9488836073248416,19.0,green,1.31,0.15212,229.0,11.22671309243559,5.429494358421057,9.0905932228444,6.164285682496571,9.750965971585556,0.6321717971798262,105.0,5.0,1.0,309.0,,,,,True
3CBE,True,CRO,179.0,773.5028969728918,101.82956119773164,32.58432402250344,31.081606600741697,0.3001812009496505,0.9373980893264714,47.17225599555603,51.17641318832296,2.1891968770760566,True,488.0,507.0,green fluorescent,keyword,cis,3.0514337634232422,3.0514337634232422,1.0483474821962997,0.9373980893264714,19.0,green,1.488,0.16495,228.0,15.368767445168931,5.948851026447952,13.609358962784466,9.287619159335184,14.310952634013171,0.6489867863346207,116.0,5.523809523809524,1.0,239.0,,,,,True
3CD1,True,CRO,180.0,775.4428624375433,101.96640257291274,34.7488173972866,29.57819378676632,0.5248414422584333,0.9372284687242672,47.59286966602785,52.561801684572266,2.1659918235542013,True,488.0,507.0,green fluorescent,keyword,cis,1.9270311443071204,1.9270311443071204,1.1748120134649225,0.9372284687242672,19.0,green,1.312,0.16362,227.0,15.3366666692862,5.9740311896951575,13.237021255493165,9.482380821591333,13.973348046821975,0.678604783178499,106.0,5.047619047619048,1.0,263.0,,,,,True
3CD9,True,CRO,176.0,714.7874737615984,97.66317622474796,33.04753104329066,29.835612384690663,0.43004150350795,0.9417271869478688,47.46685190670392,51.85303705868625,2.1909988509239664,True,488.0,507.0,green fluorescent,keyword,cis,4.715957907172478,4.715957907172478,1.1076538539644023,0.9417271869478688,19.0,green,1.502,0.16715,227.0,19.44981491908293,6.616881680401721,17.670476186843146,12.921904790969124,18.20427294545525,0.7098281172605199,111.0,5.285714285714286,0.0,244.0,,,,,True
3CFA,True,NRQ,142.0,633.9359410865433,97.58413233563093,32.79130146447839,26.27855395666069,0.5981449229028557,0.8365594874826154,48.79605287779335,41.67062808240931,1.9384845560283428,True,558.0,583.0,red fluorescent,keyword,trans,-162.26848148165587,17.73151851834413,1.2478350794552353,0.8365594874826154,25.0,red,1.75,0.20387,167.0,27.01495884369264,11.210632306200738,24.76306360718832,30.821739196777344,25.059239375422376,1.2299550970013369,94.0,4.086956521739131,0.0,1004.0,,,,,False
3CFF,True,NRQ,144.0,607.1699103036738,95.58656270896056,32.41616237594451,25.9198334395332,0.6005383028117274,0.8350767948381674,48.72079426371146,41.18404758911932,1.954963176892452,True,558.0,583.0,red fluorescent,keyword,trans,-164.06561093927638,15.934389060723618,1.2506315849430978,0.8350767948381674,25.0,red,1.8,0.19611,167.0,32.61323530289828,10.73450471369864,30.205317954796588,37.40043532330057,30.50665917271532,1.2259761093981387,80.0,3.4782608695652173,1.0,917.0,,,,,False
3CFH,True,NRQ,170.0,766.790454858603,104.99392517622384,31.3882649709542,25.75992389766836,0.5713788087596247,0.8740941587595972,48.40129556136111,40.29702638410556,1.9201062039201988,True,558.0,583.0,red fluorescent,keyword,trans,152.3289245326116,27.67107546738839,1.2184921467798,0.8740941587595975,25.0,red,1.75,0.20212,167.0,36.226121426219535,11.976825051141445,33.42727270993319,36.88934765691342,33.79181886232598,1.091665050857645,154.0,3.347826086956522,0.0,908.0,,,,,False
3CGL,True,CRQ,180.0,779.9750999848926,104.5559614785208,33.83457863743546,29.29869094546813,0.5001491267275829,0.8965881659372182,53.92995845235852,70.1421976032464,2.0577805534643985,True,439.0,476.0,cyan fluorescent,keyword,cis,-2.6323094782144443,2.6323094782144443,1.1548153704344573,0.8965881659372182,37.0,cyan,2.09,0.18476,224.0,17.999363495069378,4.916505954473121,16.939058308109573,18.15833365917205,17.75060825528843,1.0229696581671872,135.0,5.625,3.0,567.0,,,,,True
3DPW,True,CR2,168.0,737.6265595685634,98.93253646108812,32.5112705124338,30.7173922853962,0.3275816274986765,0.9470395632127816,53.00979505343367,52.5704254771521,2.3351876977120107,True,516.0,529.0,citrine,keyword,cis,-9.254605405383312,9.254605405383312,1.058399430862185,0.947039563212782,13.0,yellow,1.59,0.2173,231.0,27.472569174446136,7.4450724725518365,25.82613046065621,27.207368649934462,26.77771163911262,1.0160453221922918,112.0,5.894736842105263,0.0,174.0,,,,,True
3DPX,True,CR2,176.0,797.0005524857862,102.67014715761314,32.69756076071457,31.19093412444784,0.3000535667454603,0.950123625957379,53.01187960461786,46.93331260308801,2.3740149991754875,True,516.0,529.0,citrine,keyword,cis,-6.040495021802568,6.040495021802568,1.0483033509113735,0.950123625957379,13.0,yellow,1.5,0.19677,231.0,16.292136942200802,9.171265681082492,12.331434788911238,8.687894720780221,14.511703979506771,0.5986819144773864,110.0,5.789473684210527,0.0,326.0,,,,,True
3DPZ,True,CR2,170.0,704.4637467767018,97.08912868228715,31.764788169047968,30.226778557277584,0.307397171868995,0.9391334406544986,53.12616635668911,51.9810207776828,2.3615982415081875,True,516.0,529.0,citrine,keyword,cis,-0.6160233304340397,0.6160233304340397,1.0508823528400808,0.9391334406544986,13.0,yellow,1.7,0.22011,231.0,23.565605837179216,9.949761136290192,21.0540869464045,16.24894734432823,22.76935008182869,0.7136324614419216,117.0,6.157894736842105,0.0,205.0,,,,,True
3DQ1,True,CR2,170.0,693.831618915869,96.70806543209132,32.30919939666302,29.61182229735894,0.4000034095805905,0.9322632403482652,52.71038154151843,47.51034925194235,2.362404743371421,True,516.0,529.0,citrine,keyword,cis,1.4053606459605683,1.4053606459605683,1.0910912226953575,0.9322632403482652,13.0,yellow,1.7,0.22362,231.0,21.79064704296636,7.153640833936396,19.82817389446756,15.86684226989746,21.143593642830133,0.7504326150951147,116.0,6.105263157894737,0.0,190.0,,,,,True
3DQ2,True,CR2,172.0,740.2034645638255,100.33028208913674,32.44058564266803,30.00787186134872,0.3799423282371617,0.9240530629032728,52.711915364555786,39.80442168642717,2.354958900143009,True,516.0,529.0,citrine,keyword,cis,-8.620101228084826,8.620101228084826,1.0810691871972682,0.9240530629032728,13.0,yellow,1.6,0.22123,231.0,19.43152688997669,10.301199826953225,16.73160866032476,11.89052626961156,18.65123427832211,0.6375195385021589,113.0,5.947368421052632,0.0,213.0,,,,,True
3DQ3,True,CR2,179.0,780.5190639401451,103.26676851245564,33.55251586037238,31.037854745914657,0.379838105309956,0.9197551007689106,52.848005222968,52.88061337741871,2.3583119244774564,True,516.0,529.0,citrine,keyword,cis,-5.255467961717567,5.255467961717567,1.0810191662743287,0.9197551007689106,13.0,yellow,1.7,0.18532,231.0,21.732420411449247,10.177417134131446,18.446434750764265,14.482631633156224,20.22196067922562,0.7161833544674275,114.0,6.0,0.0,286.0,,,,,True
3DQ4,True,CR2,173.0,743.3378421384658,100.01308997022564,32.72859136626331,30.26802558760312,0.3804072539316082,0.9338613812440256,53.229414091198194,52.71435212900469,2.368499311705294,True,516.0,529.0,citrine,keyword,cis,-3.994240793770453,3.994240793770453,1.081292576271244,0.9338613812440258,13.0,yellow,1.47,0.19618,231.0,23.75921322158373,10.27208634456508,20.341782681838325,17.334736824035645,22.21589841691605,0.7802852038086517,110.0,5.789473684210527,0.0,298.0,,,,,True
3DQ5,True,CR2,170.0,737.4649357132806,100.07036785832236,32.96028297920868,29.810483551336137,0.4266082347222959,0.9254229109253868,53.33063880896515,51.8686157998901,2.367730112330554,True,516.0,529.0,citrine,keyword,cis,-2.531565614959999,2.531565614959999,1.1056607962245335,0.9254229109253868,13.0,yellow,1.5,0.21047,231.0,26.19030786168409,9.220355931295432,23.60834792593251,17.2800000341315,25.20789734878415,0.6854994605476273,127.0,6.684210526315789,0.0,229.0,,,,,True
3DQ6,True,CR2,177.0,739.3395268768934,98.87636463682576,33.63704310901958,29.97885374964054,0.4535217360226774,0.9503176784844032,52.66075212822151,49.73314764825792,2.3206082530358287,True,516.0,529.0,citrine,keyword,cis,-4.55791510085202,4.55791510085202,1.1220256581498853,0.9503176784844032,13.0,yellow,1.6,0.19638,231.0,20.825994176846123,9.864068453407109,17.987478314275325,13.49473692241468,19.90585472907999,0.6779280320327334,116.0,6.105263157894737,0.0,212.0,,,,,True
3DQ7,True,CR2,186.0,792.1432131847757,102.65498802987852,33.794083439525444,30.77915865992973,0.4128800176347041,0.9446119954821488,52.94807704436535,49.37778852118405,2.32362156525404,True,516.0,529.0,citrine,keyword,cis,-8.06598516018726,8.06598516018726,1.0979534500246342,0.9446119954821484,13.0,yellow,1.23,0.21029,231.0,20.50121525419921,9.827396647259484,17.00999995936518,11.691052637602152,19.210595301238,0.6085731573788732,114.0,6.0,0.0,273.0,,,,,True
3DQ8,True,CR2,172.0,739.1651221516472,99.30019068065646,33.231624499827454,29.484223633784804,0.461319863012968,0.9420005696820156,53.25814012447823,52.07969141633349,2.367139971310442,True,516.0,529.0,citrine,keyword,cis,-6.48206621954806,6.48206621954806,1.1270985091073809,0.9420005696820156,13.0,yellow,1.51,0.22145,231.0,26.58590532742164,7.9343226705349075,24.33556519383969,20.56736845719187,25.7668049977426,0.7982118256025049,124.0,6.526315789473684,0.0,221.0,,,,,True
3DQ9,True,CR2,172.0,741.864690126176,100.01072759361016,33.008595428601645,30.06775365997549,0.4126121936842691,0.9320546793805652,53.34949676279695,52.06902584266791,2.3575774477376825,True,516.0,529.0,citrine,keyword,cis,-6.3793843028368,6.3793843028368,1.097807165838958,0.9320546793805652,13.0,yellow,1.4,0.21119,231.0,24.84182803992342,8.88363213938596,21.787869557090428,16.974210437975433,23.592113586542453,0.719486635892511,122.0,6.421052631578948,0.0,267.0,,,,,True
3DQA,True,CR2,175.0,745.3806632478332,100.22501653330804,33.753899303329675,30.092388270429407,0.452974806306123,0.9324718134850158,53.48700337926536,52.58521940407126,2.377061659007586,True,516.0,529.0,citrine,keyword,cis,0.5988244581721135,0.5988244581721135,1.1216756543214714,0.9324718134850158,13.0,yellow,1.44,0.20281,231.0,26.22467719927202,9.29548005840135,22.775130487524944,20.435263282374333,24.61766249179059,0.8301057539150605,118.0,6.2105263157894735,0.0,303.0,,,,,True
3DQC,True,CR2,174.0,747.3254864927912,100.43707340483172,33.20458029168454,29.76725708756184,0.4430832906630526,0.9309611516311028,53.46539462079525,52.15404007191681,2.377217540437349,True,516.0,529.0,citrine,keyword,cis,-2.6456591664784663,2.6456591664784663,1.115473293156022,0.9309611516311028,13.0,yellow,1.49,0.2186,231.0,27.424224680453268,8.367756886213714,24.96434778959855,22.52210526717337,26.43058437678672,0.8521228644098363,116.0,6.105263157894737,0.0,233.0,,,,,True
3DQD,True,CR2,172.0,731.7037964318537,98.81305374526237,32.57466095080424,30.191920025723125,0.375424615088304,0.9417085863773076,53.1163235390287,52.195228062598645,2.366153573318827,True,516.0,529.0,citrine,keyword,cis,-4.95896047460678,4.95896047460678,1.078919821033278,0.9417085863773073,13.0,yellow,1.4,0.21271,231.0,27.52321329749591,8.51334094461775,24.80639135111933,20.87894750896253,26.35340252943471,0.7922676203060443,121.0,6.368421052631579,0.0,260.0,,,,,True
3DQE,True,CR2,170.0,739.427044868738,100.38740900524114,33.41351650959469,29.95228662723425,0.4432211844670228,0.9220335087139964,53.27130273304088,52.2666784940322,2.35799359175236,True,516.0,529.0,citrine,keyword,cis,-7.666548314572154,7.666548314572154,1.1155581183312162,0.9220335087139964,13.0,yellow,1.43,0.2037,231.0,23.195282134603943,8.433781660550386,19.66152172503264,16.590526480423776,21.560054587901192,0.7695029904856477,114.0,6.0,0.0,312.0,,,,,True
3DQF,True,CR2,173.0,810.6973399251704,104.4449120491951,33.48086036487423,30.87790507378385,0.3865810817762949,0.9338863657642318,53.08163637292273,52.24384229760004,2.338003571462834,True,516.0,529.0,citrine,keyword,cis,-10.13487468901243,10.13487468901243,1.0842983124946632,0.9338863657642318,13.0,yellow,1.46,0.19594,231.0,21.33650808400425,8.184937681368293,17.86017387638921,14.841579085902165,19.736613874680224,0.7519820360341639,118.0,6.2105263157894735,0.0,315.0,,,,,True
3DQH,True,CR2,180.0,821.0357882437515,104.86841462574884,34.00279582201287,31.033820066318068,0.4086652081993689,0.938172172625632,52.95683833478002,52.2635491410026,2.335443045049503,True,516.0,529.0,citrine,keyword,cis,-12.388570339524955,12.388570339524955,1.095669039433438,0.9381721726256316,13.0,yellow,1.45,0.18182,231.0,19.653660287402115,9.303788991079,14.987695702262547,13.61157879076506,17.170595323238654,0.7927260840131252,113.0,5.947368421052632,0.0,393.0,,,,,True
3DQI,True,CR2,174.0,740.3227686441465,100.06694943298687,33.11726496031673,29.88100658319944,0.4311530355564649,0.9290725944037156,53.25271381900696,52.111440955433,2.3625858783673825,True,516.0,529.0,citrine,keyword,cis,-3.903650399578408,3.903650399578408,1.1083048647677376,0.9290725944037156,13.0,yellow,1.42,0.20897,231.0,27.31653771535405,8.236746624036247,24.488173936760944,21.96684204904657,25.98961221943912,0.8452162296063928,123.0,6.473684210526316,0.0,270.0,,,,,True
3DQJ,True,CR2,167.0,719.6346978116414,97.9943541834544,32.478505247271386,30.14686088652457,0.3720576683939713,0.941715782333078,53.31064844536786,52.29424822919002,2.367863050961168,True,516.0,529.0,citrine,keyword,cis,-4.822509175493589,4.822509175493589,1.077342857338392,0.941715782333078,13.0,yellow,1.51,0.22102,231.0,25.07801624739375,7.881645989917912,22.36556520462036,19.76789464448628,24.02026760688836,0.8229672944533466,115.0,6.052631578947368,0.0,242.0,,,,,True
3DQK,True,CR2,172.0,743.1474988084307,100.10687495286729,33.212781323284375,29.966998915493345,0.4311650107886263,0.9318737454536,53.39541864281522,52.2512803874728,2.362647799496425,True,516.0,529.0,citrine,keyword,cis,-10.679956843708585,10.679956843708585,1.1083118939251844,0.9318737454535996,13.0,yellow,1.4,0.21307,231.0,23.81112735406408,8.224628876457269,20.77726085082345,17.813157784311397,22.54868923543517,0.789986397804361,117.0,6.157894736842105,0.0,270.0,,,,,True
3DQL,True,CR2,171.0,750.6538927853907,100.61869737447128,33.82556000272944,29.53124448961297,0.4876392020945383,0.9317346014160428,53.35348591830052,52.32630650511287,2.3639155372249907,True,516.0,529.0,citrine,keyword,cis,-4.291039752603811,4.291039752603811,1.145416002181246,0.9317346014160426,13.0,yellow,1.47,0.21338,231.0,24.25380952244713,8.294808705040454,21.43500001326851,18.258420994407253,23.147236491213203,0.7887948525232475,118.0,6.2105263157894735,0.0,250.0,,,,,True
3DQM,True,CR2,173.0,762.3296141809202,101.22210909529466,32.90506469047182,30.597781715162142,0.3678614496423573,0.9349790737515749,53.27917711957947,52.38937431588619,2.362513780597721,True,516.0,529.0,citrine,keyword,cis,-8.224700037027848,8.224700037027848,1.0754068708898052,0.9349790737515749,13.0,yellow,1.44,0.2034,231.0,23.74476966662649,8.034811621706538,20.42195653500764,19.6557896262721,22.182075375484548,0.8861113891983038,117.0,6.157894736842105,0.0,299.0,,,,,True
3DQN,True,CR2,172.0,737.3434536042423,99.6390416001046,33.67880052957663,29.563727330316222,0.4790013937766627,0.9332985900827344,53.39447503661421,52.72731477473457,2.3618329125242017,True,516.0,529.0,citrine,keyword,cis,-5.2357361027132585,5.2357361027132585,1.1391933146075457,0.9332985900827342,13.0,yellow,1.44,0.19779,231.0,22.429491678579897,8.133835136357987,18.829391288757325,17.926315859744424,20.812938279756622,0.8613063479451228,115.0,6.052631578947368,0.0,314.0,,,,,True
3DQO,True,CR2,171.0,736.6532934532815,99.7899335441052,33.389833906014054,29.877398388123584,0.4464566944143401,0.9296073140958052,53.271287895783416,52.480757503264456,2.346306709974319,True,516.0,529.0,citrine,keyword,cis,-6.969184500762021,6.969184500762021,1.1175616254220675,0.9296073140958052,13.0,yellow,1.5,0.21558,231.0,16.31806591452022,7.126289847164815,13.387695644212808,12.963157804388748,15.283413447687888,0.848184723181054,118.0,6.2105263157894735,0.0,244.0,,,,,True
3DQU,True,CR2,176.0,761.6878988956393,101.42754071984288,33.524369587657205,30.500326866940387,0.415056390810655,0.9304116272885928,53.14337162872376,52.51715022141353,2.3630804751759333,True,516.0,529.0,citrine,keyword,cis,-3.6823191740992622,3.6823191740992622,1.099147879100096,0.9304116272885924,13.0,yellow,1.42,0.20394,231.0,24.27938967512247,9.740453342831168,21.21634783952133,16.261579011615954,22.918967792338066,0.7095249296982863,114.0,6.0,0.0,280.0,,,,,True
3E5T,True,NRQ,220.0,899.1076460755614,109.92907582095104,35.76490460732383,31.528070283467187,0.4721157988627559,0.9349672555693576,48.00178779188461,53.83727755969368,2.029206785309698,True,559.0,611.0,eqFP611,manual_v2,trans,174.9638372510977,5.0361627489023135,1.1343829256203597,0.9349672555693576,52.0,red,1.1,0.116,229.0,21.013737196250755,13.47060895443038,14.48339555334689,11.8504348008529,17.173275095001696,0.6900509504038624,132.0,5.739130434782608,1.0,458.0,,,,,True
3E5V,True,NRQ,200.0,791.400936168922,105.18537643916471,33.69743277609087,27.45730069761901,0.5797157695505216,0.8988675300104866,48.50768568426256,88.15791920002475,1.879218114635484,True,559.0,611.0,eqFP611 mutant,manual_v2,cis,-14.24574668876419,14.24574668876419,1.2272667713113177,0.8988675300104868,52.0,red,2.1,0.226,229.0,48.96113826430513,11.483512515829508,43.97350868425871,44.19913051439368,48.98352745910916,0.9023264106753148,250.0,5.434782608695652,0.0,75.0,,,,,True
3E5W,True,NRQ,191.0,782.854898756232,103.91638950183452,34.65462602760061,29.218723564979943,0.5376930921270131,0.9110097801951672,48.54830111053164,27.149099538007626,1.8665246620086764,True,559.0,611.0,eqFP611,manual_v2,cis,-1.9246231691690283,1.9246231691690283,1.1860417499255804,0.9110097801951672,52.0,red,1.71,0.183,227.0,23.277419377097143,11.134136553304096,16.414159357020285,21.57913033858589,21.26818996994189,1.014619973259758,117.0,5.086956521739131,0.0,1117.0,,,,,True
3ED8,True,CRO,163.0,677.5990587204909,96.52376411793232,31.94613892204627,30.90268639762381,0.2534933399506399,0.9139325785915904,47.25042856127253,48.89026965258114,2.1755432522103444,True,485.0,510.0,superfolder,keyword,cis,-3.5907212338858674,3.5907212338858674,1.0337657545689196,0.9139325785915908,25.0,green,2.7,0.17434,231.0,32.0796364775444,4.629782259488567,31.961465482054084,30.31526304546156,32.09722597273671,0.9444823384803176,111.0,5.842105263157895,0.0,188.0,,,,,True
3EVP,True,CRO,187.0,909.5112582536372,110.84600404115588,34.76710909310616,31.57677441255477,0.4184561808380165,0.9302032663220584,46.33525971184483,49.94270322872596,2.175398913402515,True,488.0,507.0,gfp,keyword,cis,12.52869026942288,12.52869026942288,1.1010342170757923,0.9302032663220584,19.0,green,1.453,0.1321,224.0,17.109627972264718,11.272857088847942,11.420299157118183,8.427272753282027,13.472991267666544,0.6254938183999572,112.0,5.090909090909091,0.0,377.0,0.79,25000.0,19.75,,True
3EVR,True,CRO,330.0,1703.583694786037,152.1658638113285,51.66606891264075,40.10357068756917,0.6304779954922612,0.9245680195413306,71.62121864945206,69.87832965093641,2.5436509727496106,True,488.0,507.0,gcamp,keyword,cis,16.553655369302607,16.553655369302607,1.2883159286525974,0.9245680195413308,19.0,green,2.0,0.1628,398.0,29.99238904534954,20.62199189317445,25.09390665916612,14.490454630418258,29.29048204692415,0.4947154712989753,110.0,5.0,0.0,450.0,,,,,False
3G9A,True,GYS,180.0,806.1134454120756,103.72495716738612,33.79020851786614,29.96337903137637,0.4622543409681874,0.9415415728862886,48.22027855237759,38.41638163801901,2.204951332465489,True,488.0,507.0,green fluorescent,keyword,cis,8.780273057937126,8.780273057937126,1.1277168867530754,0.9415415728862886,19.0,green,1.614,0.1606,227.0,15.896152144773298,9.77695343125952,11.004482735847605,8.358571438562302,12.984421280145776,0.6437384661373572,113.0,5.380952380952381,0.0,685.0,,,,,True
3GB3,True,CRQ,197.0,765.4033091512624,103.53631826852802,34.27201507116151,31.05179774397532,0.4231932324011762,0.8972526807490976,49.85301467719796,69.98950754619419,1.80145131875848,True,,,,,trans,-164.26029035719444,15.739709642805565,1.103704698637327,0.8972526807490976,,,1.75,0.186,230.0,34.39628443489502,9.977999931894177,32.94282055716229,30.81458346048991,33.683220839592785,0.9148348255422488,135.0,5.625,0.0,230.0,,,,,True
3GEX,True,CRF,171.0,730.1251299673827,98.74803669733994,32.739401132448215,29.14260620595864,0.4556897961281488,0.94091462944415,65.53068025192488,55.08209152453643,2.700915409405784,True,435.0,477.0,cypet,keyword,cis,13.24646732627746,13.24646732627746,1.1234204964741334,0.94091462944415,42.0,cyan,1.6,0.19324,234.0,20.19860086271965,5.613313447156903,18.70827001660182,14.53375001748403,19.44277749033729,0.7475140845852422,119.0,4.958333333333333,0.0,180.0,,,,,True
3GJ1,True,CRO,185.0,756.0872073643189,100.51259028849746,33.12583528070072,31.26026554868584,0.3308529171163579,0.9404610717080704,48.40710126960202,67.78261553425855,2.172739136887014,True,488.0,507.0,gfp,keyword,cis,-2.8431911691332803,2.8431911691332803,1.0596786271411989,0.9404610717080704,19.0,green,1.8,0.209,227.0,20.039917946595413,7.38827997635731,18.78739134747049,12.742381005060103,19.57686507107179,0.6508897598670781,125.0,5.9523809523809526,0.0,616.0,0.79,25000.0,19.75,,True
3GJ2,True,CRO,179.0,739.5791923733948,100.85046882813542,33.819414427399444,30.07206067428824,0.4575280451997067,0.9137738072170136,49.44299109753696,70.69655979810942,2.276561666524109,True,488.0,507.0,gfp,keyword,cis,-2.4976306614834023,2.4976306614834023,1.1246124698170488,0.9137738072170136,19.0,green,1.9,0.205,229.0,21.10087884762791,7.142797233261613,19.350765974978184,13.865714254833405,20.68876299260416,0.6702050895836611,123.0,5.857142857142857,0.0,491.0,0.79,25000.0,19.75,,True
3GL4,True,CRQ,174.0,678.18496587312,97.1849801075223,32.643223317533696,29.503430930588937,0.4279236668222055,0.9023182094467206,50.33903014346095,69.61065766176407,1.8068393123803947,True,,,,,cis,21.013993937266346,21.013993937266346,1.1064212631517865,0.9023182094467206,,,2.15,0.229,230.0,53.18779740124015,12.739090481200437,52.91654998246239,43.28791650136312,53.23027401909199,0.81321986968989,143.0,5.958333333333333,0.0,128.0,,,,,True
3H1O,True,NRQ,183.0,848.2176319952124,110.16546756093842,34.31023190806762,30.144790171946884,0.4775680446775041,0.8782662539097055,47.46834777439607,32.460551055426066,1.861345465128837,True,,,,,twisted,137.50435826826362,42.495641731736384,1.1381811487942337,0.8782662539097055,,,2.0,0.175,224.0,37.295454075178654,18.818878451762508,32.156177825927735,61.39173905745797,36.48377788918359,1.6827133210801308,120.0,5.217391304347826,0.0,221.0,,,,,True
3H1R,True,NRQ,173.0,727.9360898736979,101.18631935457,33.012479222082824,29.22058032916053,0.4653297399420524,0.8934279154319373,47.5170824889311,33.14393035396999,1.8605796614951544,True,559.0,611.0,FP611,manual_v2,twisted,146.75384323291937,33.246156767080635,1.129768089825998,0.8934279154319372,52.0,red,2.41,0.228,224.0,35.78732886815907,10.422872377389403,34.55049330878151,53.96826072361159,35.55161216428342,1.5180256938623524,115.0,5.0,0.0,0.0,,,,,True
3I19,True,CRF,188.0,736.3227634420532,100.4468018108632,33.440751702317364,30.12892040461318,0.4338934133716638,0.9170771314780968,65.1679261191983,53.27200222804774,2.5522464073491795,True,435.0,477.0,cypet,keyword,cis,10.463888320017418,10.463888320017418,1.109922003617398,0.9170771314780968,42.0,cyan,1.36,0.16759,234.0,15.048895399456525,5.320040555143463,13.54590551871953,9.78041672706604,14.073608295637586,0.6949473455288427,117.0,4.875,0.0,218.0,,,,,True
3IP2,True,NRQ,192.0,858.6087858616943,113.56772300669635,35.474029125584806,29.889388975412523,0.5385852512433497,0.8365566489732169,51.026418339347536,37.97355016390837,1.8670637338169065,True,558.0,583.0,red fluorescent,keyword,trans,-171.34927638214938,8.650723617850616,1.1868435702973483,0.8365566489732171,25.0,red,1.6,0.1713,229.0,35.686254240540165,19.56262247613449,31.565256326626507,22.071739279705547,35.3902769005907,0.6236667585761995,117.0,5.086956521739131,0.0,212.0,,,,,True
3IR8,True,CRQ,178.0,708.1160755215247,98.78446478143772,35.552006474389145,27.59021500649324,0.6306686041355846,0.9118785825216822,47.99552856644439,35.98051014373961,2.0400266462847525,True,558.0,583.0,red fluorescent,keyword,cis,9.806674915259258,9.806674915259258,1.2885730127881256,0.9118785825216824,25.0,red,1.63,0.193,215.0,16.525234289697437,5.819208532313134,14.34454541423104,18.71458351612091,15.74527530066003,1.1885840773667775,114.0,4.75,1.0,306.0,,,,,True
3K1K,True,GYS,167.0,756.6963860798902,99.83839417035182,31.91251331192152,31.09237473719352,0.2252525585851371,0.9539735854174994,47.419839039868336,89.34453878069992,2.1175569147228326,True,488.0,507.0,green fluorescent,keyword,cis,11.15250304510552,11.15250304510552,1.0263774826355392,0.9539735854174994,19.0,green,2.15,0.2125,225.0,42.21431273614867,10.186230219507728,40.59995578664594,29.54761877514067,41.86402274153449,0.7057997975389411,115.0,5.476190476190476,0.0,407.0,,,,,True
3KCS,True,NRQ,173.0,775.3077960060185,101.97114810811192,34.53466582236177,29.8769397603973,0.5015494700106722,0.9369780062306272,46.47954910259325,72.99960688062558,2.0440507630828826,True,587.0,610.0,mcherry,keyword,intermediate,81.88578628544535,81.88578628544535,1.1558970262455863,0.9369780062306275,23.0,red,1.5,0.173,215.0,17.770296827255954,8.132206749871557,13.11866358568042,19.35608718706214,15.725656449829245,1.2308603617798302,102.0,4.434782608695652,0.0,303.0,0.22,72000.0,15.84,,True
3KCT,True,NRQ,179.0,813.9270468791689,105.60170790923765,34.9618324126013,29.042706418532298,0.5567240615401162,0.917177643436864,46.3847471884089,73.74428519292931,2.0355213068127687,True,587.0,610.0,mcherry,keyword,twisted,129.948981839104,50.05101816089601,1.2038076585828097,0.9171776434368638,23.0,red,1.65,0.177,215.0,27.89344081206045,9.29781410016614,23.27023257765659,42.65521754389224,26.20148687946553,1.6279693492250522,98.0,4.260869565217392,0.0,247.0,0.22,72000.0,15.84,,True
3LA1,True,CRF,190.0,801.1353506607936,103.50046442663331,33.92598127507583,32.12873655646483,0.3211612287504733,0.9397907424162396,53.48265562579681,53.02405150058111,2.4541570918516906,True,435.0,477.0,cypet,keyword,cis,3.1789959396732166,3.1789959396732166,1.0559388544723014,0.9397907424162398,42.0,cyan,1.29,0.12707,236.0,13.157786970345873,7.701191319351532,9.935820363461971,7.411249975363414,11.807419525545608,0.627677365010112,116.0,4.833333333333333,0.0,286.0,,,,,True
3LF3,True,NRQ,231.0,844.3514286128751,106.07167380332706,33.25089592754811,31.12037686808424,0.3521968021959336,0.9430490077796554,47.07127445605032,71.3953947219383,2.004085698754553,True,480.0,500.0,fluorescent timer,keyword,cis,-5.658721853227847,5.658721853227847,1.0684605802974334,0.9430490077796554,20.0,green,1.15,0.149,220.0,15.535611770697916,9.202972938531476,10.784814801235749,15.46512814057179,12.518474047690905,1.2353844471502828,248.0,6.358974358974359,0.0,394.0,,,,,True
3LF4,True,0YG,140.0,674.9436323840972,99.6540765201905,33.53217862371801,26.82023918689996,0.6002187806689642,0.8540577353940696,45.24782144998123,78.27695404780677,2.201744155849044,True,480.0,500.0,fluorescent timer,keyword,,,,1.2502565092743998,0.8540577353940696,20.0,green,1.808,0.213,160.0,27.99965948294872,11.248247352910129,23.441437150189977,,25.983034745928624,,,,0.0,278.0,,,,,False
3LVA,True,GYS,226.0,989.4842174875896,120.28160896605948,40.3160569261592,31.973142731782296,0.6091406003355202,0.8594493308049339,47.05876062887437,80.41497281958172,1.7559728052287396,True,488.0,507.0,gfp,keyword,cis,-10.379241965616234,10.379241965616234,1.2609350686719885,0.8594493308049337,19.0,green,1.5,0.144,235.0,26.199466361025923,9.233733296912751,23.245374997456867,18.45571431659517,25.433690292378422,0.7256404440108204,105.0,5.0,0.0,419.0,0.79,25000.0,19.75,,True
3LVC,True,GYS,185.0,815.3292144517558,104.6028467015468,34.30183428134081,30.857299625114702,0.4367526878644259,0.9363880453981382,47.20792604403634,35.26141781461399,2.174197127695696,True,488.0,507.0,gfp,keyword,twisted,-40.48958199244096,40.48958199244096,1.1116278708141591,0.9363880453981382,19.0,green,1.14,0.139,227.0,15.844522348516128,8.982786191683449,12.280954335240407,8.877142860775901,14.984017180833089,0.5924407823111122,110.0,5.238095238095238,0.0,486.0,0.79,25000.0,19.75,,True
3LVD,True,GYS,177.0,771.7797729791664,102.4978262228064,33.077254085541284,30.439840166389555,0.3912956398025339,0.9231535548116074,47.24669586260232,34.2223260913463,2.167791494026599,True,488.0,507.0,gfp,keyword,cis,-9.329011873008772,9.329011873008772,1.086643487769159,0.9231535548116078,19.0,green,1.751,0.16,227.0,22.266978673167188,9.64380759546932,18.30508266007605,15.78809524717785,21.309185440006235,0.7409056198617994,113.0,5.380952380952381,0.0,317.0,0.79,25000.0,19.75,,True
3MGF,True,CFY,172.0,719.5517208848112,100.07442336548868,33.77214247374275,28.28066491603625,0.5465963296251629,0.9028709660803512,47.62873599662767,88.82657407590628,2.191809338974829,True,488.0,507.0,gfp,keyword,cis,-28.29418392557965,28.29418392557965,1.1941778092562672,0.9028709660803508,19.0,green,1.8,0.166,213.0,17.09171874821186,8.185602785578311,13.9851886821243,11.035937458276749,15.932040686524608,0.6926882547827659,149.0,4.65625,0.0,851.0,0.79,25000.0,19.75,,True
3NED,True,NRQ,257.0,819.7815231276554,105.08261277756624,31.68297203384622,28.06105644573106,0.4642912508919883,0.9329239974943192,50.25737358435093,70.2927438558059,2.057171810807111,True,,,,,cis,-6.765264887785896,6.765264887785896,1.129072673907335,0.9329239974943192,,,0.95,0.13343,231.0,12.344157434849052,11.487766619554764,7.265970141140382,14.94543482946313,8.988590725600488,1.6627116848136048,377.0,8.195652173913043,1.0,414.0,,,,,True
3NEZ,True,NRQ,195.0,711.8089432770855,100.42830399387232,32.08233647461722,28.285305718456183,0.4719089076104815,0.8868722114132768,45.97333560719943,76.45256668401682,2.041511118442316,True,578.0,602.0,mRojoA,manual_v2,cis,5.227232714459479,5.227232714459479,1.1342404000846091,0.8868722114132771,24.0,red,1.7,0.182,217.0,29.79003081152729,9.0396399099988,27.22309411053165,37.17282610354216,30.11752846680904,1.2342588517682784,277.0,6.021739130434782,0.0,489.0,,,,,True
3NF0,True,CH6,173.0,667.269392719256,97.09053219625233,33.61989281003579,27.868420792151444,0.5593575085328448,0.889523252434475,46.53781827830207,30.02591898558404,1.9123536085993675,True,590.0,649.0,mplum,keyword,cis,0.9238758658428986,0.9238758658428986,1.206379545535789,0.8895232524344749,59.0,red,1.75,0.2077,218.0,28.463426344154417,17.32521564912338,24.877321351851737,24.4691304953202,28.22349098123409,0.8669774590106455,119.0,5.173913043478261,0.0,107.0,,,,,True
3OGO,True,CRO,183.0,804.2762367653942,105.1823102334878,33.01981020592321,32.48750878397763,0.1788336140242278,0.9135444642230144,45.35831442527117,43.67099256426671,1.888361844614732,True,488.0,507.0,gfp,keyword,cis,12.134016397891791,12.134016397891791,1.0163848027094062,0.9135444642230148,19.0,green,2.8,0.2018,232.0,30.279120647200187,15.38232884967454,26.68056264274564,20.44818184592507,30.48327137224665,0.6708001118456735,108.0,4.909090909090909,0.0,312.0,0.79,25000.0,19.75,,True
3P28,True,GYS,199.0,800.776063911448,103.70379888473327,34.56018917382758,32.16206219984698,0.3660119980436556,0.9356891974546528,54.4486429965308,46.40440051766465,2.513349695440108,True,488.0,507.0,green fluorescent,keyword,cis,-0.4597692154503102,0.4597692154503102,1.074563843545829,0.9356891974546528,19.0,green,1.8,0.18662,235.0,25.63755259378613,7.860168584247292,23.19315351589092,21.99285697937012,24.11070414085609,0.9121615383311334,104.0,4.9523809523809526,1.0,262.0,,,,,True
3P8U,True,,180.0,778.3007173363319,103.99981118288363,33.08111204138234,30.60273669919368,0.3797677579800964,0.9042576532190084,50.36317126274875,88.06938962984455,1.977585774973082,True,506.0,516.0,eosfp,keyword,unknown,,,1.0809854153420848,0.9042576532190084,10.0,green,2.25,0.23175,223.0,38.64380070510496,7.957711284948495,38.75162990082728,25.41119995117188,38.79705848757005,0.6549774890617858,159.0,6.36,1.0,382.0,,,,,True
3PIB,True,NRQ,193.0,765.932030671765,104.67773978461076,35.255451112761826,28.439413251868448,0.5910060539047143,0.8783981700009955,56.04771468420225,85.25502187763365,1.9705757334142795,True,558.0,583.0,red fluorescent,keyword,cis,-7.264461272084946,7.264461272084946,1.2396687231388492,0.8783981700009953,25.0,red,1.154,0.1546,236.0,15.457624472674304,5.835863003623436,13.230078424191944,13.210434789242951,15.009650797255128,0.8801293892632596,139.0,6.043478260869565,0.0,721.0,,,,,True
3PJ5,True,NRQ,211.0,731.6773032356431,101.4410466318852,33.75229222979538,27.34650996444959,0.5861370334685501,0.8935153225674469,48.78758614591023,84.65824996307026,1.9981651051413645,True,558.0,583.0,red fluorescent,keyword,trans,-157.98371404748937,22.01628595251063,1.2342449648482856,0.893515322567447,25.0,red,1.6,0.1871,224.0,24.99383534438385,7.690954382445472,23.57061728724727,20.431521892547607,24.53052968351264,0.8329017822342404,275.0,5.978260869565218,1.0,287.0,,,,,True
3PJ7,True,NRQ,163.0,699.404231692674,98.3089936846506,34.0054975372555,28.168996545963463,0.5601873254242119,0.9093930242636442,47.55128046697083,80.11109837210971,1.861901029969084,True,558.0,583.0,red fluorescent,keyword,trans,-175.66189759203203,4.338102407967966,1.2071959141948343,0.9093930242636442,25.0,red,1.85,0.1958,224.0,38.04669850242112,8.971936587392959,37.39754457984652,36.04869552280592,38.12142614581808,0.945628198297625,115.0,5.0,0.0,462.0,,,,,True
3PJB,True,NRQ,215.0,795.2608763158026,104.6024322048669,34.46183613779628,28.500081198366217,0.5621958293010609,0.9133472296034698,48.92892748781233,89.40689819888739,1.9334061663328483,True,558.0,583.0,red fluorescent,keyword,cis,-13.808409402717132,13.808409402717132,1.2091837878613418,0.9133472296034698,25.0,red,1.75,0.1765,223.0,27.288368545176063,9.98129681717358,24.43774474935329,24.53630434948465,26.847468490078025,0.9139150068675002,237.0,5.152173913043479,0.0,335.0,,,,,True
3RWA,True,NRQ,193.0,800.2114532352673,107.2168350005791,36.114171092623536,30.19821802494165,0.548443692723359,0.8747594871919103,50.279945506930886,53.18223665693807,2.1183828381206777,True,588.0,633.0,mkate,keyword,trans,-164.6004793092787,15.399520690721287,1.1959040451590792,0.8747594871919103,45.0,red,1.67,0.182,233.0,17.908630590457435,7.979717836453676,15.602456894414178,16.912608810093094,17.02772576483336,0.9932394404085358,107.0,4.652173913043479,0.0,1440.0,0.33,31500.0,10.395,,True
3RWT,True,NRQ,174.0,698.7688991237638,99.64378956550712,35.47097270717119,28.237929061190783,0.605184092738234,0.8843882407703444,50.54801820980208,51.004492545049615,2.050199734595552,True,558.0,583.0,red fluorescent,keyword,trans,-172.27619852142735,7.723801478572653,1.256146391978909,0.8843882407703447,25.0,red,3.0,0.2171,235.0,87.66556333369964,22.331073483707748,86.18722242371649,67.90086978414784,87.9143152423527,0.772352825554815,100.0,4.3478260869565215,0.0,2.0,,,,,True
3S05,True,,169.0,743.8611066021856,100.77353897605929,33.15741984683007,29.33500919498087,0.4661241943603577,0.9204680002707922,47.06340761921261,63.54257544656232,1.930403719161884,True,505.0,516.0,mEos2,manual,unknown,,,1.1303020096718837,0.9204680002707922,11.0,green,2.204,0.1514,222.0,17.167527164687655,12.557703574332823,12.661945642389323,8.876800041198731,16.733908631138657,0.5304678205712606,153.0,6.12,0.0,525.0,,,,,True
3SRY,True,CR2,190.0,782.6110122985485,102.34893184669384,33.7412672851713,31.1171917224692,0.3866429459577513,0.9388348221777758,53.0274028654066,53.71501530162418,2.203836934696593,True,514.0,527.0,yfp,keyword,cis,-15.03114204851215,15.03114204851215,1.0843288040291663,0.9388348221777758,13.0,yellow,1.159,0.1308,232.0,16.750409402706065,10.299008215741075,12.116842103873187,9.40526314785606,14.597875196211971,0.6442898724258614,123.0,6.473684210526316,0.0,338.0,,,,,True
3SS0,True,CR2,189.0,775.8118978142776,102.29244001312274,33.58020022665092,30.917052709234383,0.3902877670631101,0.9317067105441614,53.45138666527967,54.7182505617511,2.286664735752639,True,514.0,527.0,yfp,keyword,cis,-6.287878921674602,6.287878921674602,1.0861384667698646,0.9317067105441614,13.0,yellow,1.492,0.1572,232.0,19.090798582409285,12.73965320385084,14.23206614265757,9.921578909221449,17.322789012489693,0.5727472003537082,121.0,6.368421052631579,0.0,331.0,,,,,True
3SSH,True,CR2,181.0,768.8431857039033,100.97087698069907,33.45838771879395,31.06647688448772,0.3713052025944383,0.9476661689974402,52.65002355125739,52.7699592242093,2.2342181437898856,True,514.0,527.0,yfp,keyword,cis,-12.356041691294816,12.356041691294816,1.0769933083561392,0.9476661689974404,13.0,yellow,1.277,0.1295,232.0,18.090706950279426,11.834129066653595,13.252291659514109,9.683684173383211,16.15125531488556,0.5995623240788219,118.0,6.2105263157894735,0.0,326.0,,,,,True
3SSK,True,CR2,188.0,841.7255821034531,105.69020829262308,33.93087286891739,32.35623869526014,0.3010990268591171,0.9469147532685304,52.82082163242802,52.990579782674274,2.2624207603760045,True,514.0,527.0,yfp,keyword,cis,-10.826981777111722,10.826981777111722,1.0486655506682214,0.9469147532685304,13.0,yellow,1.361,0.1294,232.0,24.154133483367016,14.379349718108095,18.40037974023618,14.644210564462762,22.61914793803633,0.6474253851020213,121.0,6.368421052631579,0.0,270.0,,,,,True
3SSL,True,CR2,186.0,805.5648623200977,103.1888277317218,33.50296640447021,32.19169372469033,0.2770309425577534,0.9507033433421304,53.19533688634933,53.53958342368273,2.24990726483504,True,514.0,527.0,yfp,keyword,cis,-8.514120953693046,8.514120953693046,1.0407332615361633,0.9507033433421302,13.0,yellow,1.449,0.1341,232.0,21.06208982804191,13.01836134908342,16.48991666038831,11.45631574329577,19.6821823962186,0.5820653173855758,120.0,6.315789473684211,0.0,261.0,,,,,True
3SSP,True,CR2,191.0,752.8417482843935,99.79983481847968,32.858853638070855,30.98582760283353,0.3327988835190858,0.9498475648262388,52.9970747318671,52.42904937409293,2.209573880481124,True,514.0,527.0,yfp,keyword,cis,-4.819433922564312,4.819433922564312,1.0604478298674211,0.9498475648262388,13.0,yellow,1.628,0.1458,229.0,16.12540682817682,12.331681045307258,10.5029706895102,11.599523839496433,14.033659283921796,0.826550196553929,158.0,7.523809523809524,0.0,325.0,,,,,True
3SST,True,CR2,181.0,798.6921470167139,104.62828301578018,34.31291156782761,30.910485956643058,0.4341486523541377,0.9168347833697742,53.19361050774474,52.59509403692373,2.221683261591004,True,514.0,527.0,yfp,keyword,cis,-13.192340330649122,13.192340330649122,1.110073507610233,0.9168347833697742,13.0,yellow,1.403,0.1609,229.0,22.830116426994703,11.654640483271656,17.913546981974545,16.942105443854082,21.28014507221958,0.7961461440397489,117.0,6.157894736842105,0.0,266.0,,,,,True
3SSV,True,CR2,172.0,763.133159688524,101.04655951444462,33.01703329414617,30.460386302620904,0.385839750322871,0.9392195565345398,53.37197880700234,53.224277747703184,2.2572520576776083,True,514.0,527.0,yfp,keyword,cis,-10.21174685099337,10.21174685099337,1.0839335051803096,0.9392195565345398,13.0,yellow,1.861,0.1694,229.0,28.90216179455028,11.591966250028392,25.95502188736695,20.40736840900622,28.38536401048148,0.7189398170645502,113.0,5.947368421052632,0.0,193.0,,,,,True
3SSY,True,CR2,180.0,725.8600689169438,99.27687324592117,34.33146809372754,29.338741809673465,0.5193314746020484,0.9254790427020936,52.996034934793926,52.669972899222806,2.217033800930116,True,514.0,527.0,yfp,keyword,cis,-12.499619760654284,12.499619760654284,1.170175200983155,0.9254790427020936,13.0,yellow,1.769,0.1561,228.0,23.17148845868463,13.569318782327308,18.63341872712486,15.651578903198242,22.10685054439877,0.707996775558963,113.0,5.947368421052632,1.0,234.0,,,,,True
3ST0,True,CR2,197.0,894.8646249430045,109.10197626297236,34.15259169958824,33.4189546074004,0.2061573879786903,0.9447175197609862,54.01116051734836,55.32599268535291,2.311953300926445,True,514.0,527.0,yfp,keyword,cis,2.1190203782764434,2.1190203782764434,1.0219527241592825,0.9447175197609864,13.0,yellow,1.19,0.1405,227.0,20.313660442751488,11.159190397373042,14.98895838658015,11.443158049332467,17.254405968228617,0.6632020870729085,109.0,5.7368421052631575,0.0,400.0,,,,,True
3SV5,True,CR2,182.0,763.0309671720737,101.1355633931596,32.66219247519608,31.977917261156684,0.2036203189445058,0.9374416211158216,53.18576829965447,49.04551574912951,2.208856727580705,True,514.0,527.0,yfp,keyword,cis,0.2204396768985229,0.2204396768985229,1.0213983671435218,0.937441621115822,13.0,yellow,1.53,0.16,229.0,19.70620563854681,10.676143700526977,15.22652542591095,12.255789505807977,18.04046626464092,0.679349930651691,114.0,6.0,0.0,244.0,,,,,True
3SVB,True,CR2,193.0,836.1097584942528,105.82942650812042,33.881729737788504,31.900876838916805,0.3369116881262682,0.9381240523973996,53.96304876483036,54.29911131354856,2.2407352180469693,True,514.0,527.0,yfp,keyword,cis,-4.327963034769691,4.327963034769691,1.0620939953742965,0.9381240523973996,13.0,yellow,1.3,0.136,227.0,19.85949302457704,11.609781467678538,15.00227846073199,12.18428575424921,17.895826256881325,0.6808451076442528,161.0,7.666666666666667,0.0,314.0,,,,,True
3SVC,True,CR2,199.0,770.9169112715888,101.055426019656,34.414111227899554,31.33426470717446,0.4134952206361949,0.9486328555169544,52.93269260700672,48.83128491388552,2.1750785118520044,True,514.0,527.0,yfp,keyword,cis,-12.853603337777177,12.853603337777177,1.0982900524236625,0.9486328555169544,13.0,yellow,1.31,0.134,230.0,19.467533677307635,12.06024842372866,13.96861926681327,10.762105289258455,17.305687929745655,0.621882547111008,116.0,6.105263157894737,0.0,303.0,,,,,True
3SVD,True,CR2,185.0,808.4815033391498,104.2925702041371,33.135950655356766,32.11430326944092,0.2464008390052543,0.9340566390182934,53.0291077930203,49.75621726898935,2.192956718409073,True,514.0,527.0,yfp,keyword,cis,5.135927906650683,5.135927906650683,1.0318128460500655,0.9340566390182934,13.0,yellow,1.78,0.1665,230.0,27.90470443954764,10.275698092504934,24.60264958275689,20.83157900760048,27.215024216815745,0.7654440738924264,116.0,6.105263157894737,0.0,179.0,,,,,True
3SVE,True,CR2,179.0,755.4518694257475,101.17837991879448,33.84553109957239,30.22167319188105,0.4501965198130595,0.9273447592421828,52.91759156221243,52.47672933966079,2.196311974876532,True,514.0,527.0,yfp,keyword,cis,-15.559671399974558,15.559671399974558,1.119909241446793,0.9273447592421828,13.0,yellow,1.492,0.153,229.0,20.90765117822692,13.028092888135149,15.951525417424865,12.838421068693462,19.56436034967141,0.6562147107921718,119.0,6.2631578947368425,0.0,252.0,,,,,True
3TMR,True,,189.0,789.17519676497,104.46572002216352,32.28945695275345,30.90517981914051,0.2896615780920739,0.9087317192106378,49.47638141757746,89.70464659665907,2.0081305727708765,True,488.0,516.0,IrisFP,manual_v2,unknown,,,1.0447911043298836,0.9087317192106378,28.0,green,2.0,0.1566,222.0,25.683086287853257,9.91542662925689,22.621600040859647,19.543999938964845,24.566954569942283,0.7955401994709173,152.0,6.08,0.0,889.0,,,,,True
3TMT,True,,228.0,1329.9108963792785,136.45843672828764,38.50241848221013,37.82181508595945,0.1871932876744364,0.897494146979801,49.158018427843416,89.94210040044426,2.006551882278839,True,,,,,unknown,,,1.0179949956051513,0.897494146979801,,,2.0,0.295,222.0,22.53404864401374,7.232893001864714,20.35217776828342,20.069600143432616,21.33112729377982,0.9408597992514413,127.0,5.08,0.0,2685.0,,,,,True
3U0K,True,CRK,172.0,1000.041878644165,120.39768328526664,50.813109981268845,27.682342889702923,0.8385741894909942,0.866945488373091,74.58117711728731,71.26145899102595,3.947213793624231,True,570.0,597.0,rcamp,keyword,cis,5.556136095201421,5.556136095201421,1.8355783751298715,0.866945488373091,27.0,red,2.1,0.18931,219.0,44.19417971179528,22.02801882429734,44.819417072518526,21.63521733491317,45.36815471266607,0.476881139908319,38.0,1.6521739130434785,0.0,138.0,,,,,True
3U0L,True,NRQ,246.0,860.5603087596775,109.7075924335065,35.14074807045047,30.73474243349208,0.4848121025499991,0.8984994313474761,49.92170633959431,10.488299820911386,2.197851706706174,True,558.0,605.0,mruby,keyword,cis,12.994090455008608,12.994090455008608,1.1433558666220385,0.8984994313474761,47.0,red,1.25,0.12563,217.0,16.32223034035789,8.690575682916334,12.28027238177882,13.849354805484897,14.76943809581721,0.9377035683847116,178.0,5.741935483870968,2.0,230.0,0.35,112000.0,39.2,,True
3U0M,True,NRQ,210.0,778.972729777693,103.45715972730278,35.48526799925521,29.439567471383057,0.558316746671843,0.9145575000748922,49.07113458408912,6.871800754843376,2.14714396202311,True,558.0,605.0,mruby,keyword,cis,-2.736967526691998,2.736967526691998,1.205359692656793,0.9145575000748922,47.0,red,1.65,0.17232,217.0,20.928947636362377,7.784020773047189,17.989025406918284,24.13782600734545,20.21693549564603,1.193940892403986,133.0,5.782608695652174,1.0,146.0,0.35,112000.0,39.2,,True
3U0N,True,NRQ,212.0,814.1716542696151,107.2710137593305,33.904711993034304,31.38401733630472,0.3783721554188218,0.8891214185603848,48.53658978937566,35.41367566861847,1.923797141951858,True,558.0,605.0,mruby,keyword,cis,-2.44271398204227,2.44271398204227,1.0803177818097136,0.8891214185603848,47.0,red,1.6,0.15429,222.0,14.08055907473381,8.807983191493024,10.13190873727759,17.33000001599712,12.631812201693188,1.37193300052974,159.0,5.129032258064516,1.0,195.0,0.35,112000.0,39.2,,True
3U8P,True,CRO,320.0,1454.941802527901,141.66319381434494,50.946969261364366,37.57250673088631,0.6753660614095324,0.9110483551829592,59.88032939780972,85.40050497288354,1.6206603455236526,True,488.0,507.0,gfp,keyword,cis,-0.6206266479392115,0.6206266479392115,1.3559640730460936,0.9110483551829592,19.0,green,2.75,0.20099,337.0,59.25520924284053,16.97984634909984,59.62272997213754,41.04681795293634,59.69301090665615,0.6876318907270829,111.0,5.045454545454546,0.0,344.0,0.79,25000.0,19.75,,False
3UFZ,True,CRO,173.0,751.758019792059,99.59912466604176,32.204584097810795,30.66429796672978,0.3055630782755174,0.9523068114549624,50.22640506747896,49.88194556477573,2.200466661595726,True,488.0,507.0,green fluorescent,keyword,cis,1.5835848817159877,1.5835848817159877,1.0502306014881606,0.9523068114549624,19.0,green,1.85,0.1846,227.0,30.786264873451355,9.154360562967424,28.6688209183872,21.77181807431308,30.455355741997728,0.714876498529613,110.0,5.0,1.0,126.0,,,,,True
3UG0,True,CRO,166.0,706.1297365131687,97.40689889292346,32.68921390848357,28.98633571729017,0.4622977184547679,0.9352224654993876,50.25221688629974,50.20901718663328,2.152985368693698,True,488.0,507.0,green fluorescent,keyword,cis,2.8078173260160506,2.8078173260160506,1.127745646338618,0.9352224654993876,19.0,green,2.093,0.1803,227.0,33.69536899423854,11.12061894957037,31.39780167875619,24.131818294525143,33.697356266529205,0.7161338742319888,106.0,4.818181818181818,1.0,74.0,,,,,True
3V3D,True,CR2,180.0,769.0391048822995,102.11215603803386,34.91867187193955,30.095740722844727,0.5071105380935969,0.9268370697808004,48.97975339783741,50.99328303114595,2.213972897127173,True,514.0,527.0,yfp,keyword,cis,3.973595754348248,3.973595754348248,1.1602529472030536,0.9268370697808004,13.0,yellow,1.95,0.1845,230.0,46.12520175705735,13.797450108649258,43.14921394914519,32.202631398251185,45.00815964696677,0.7154842955330971,118.0,6.2105263157894735,0.0,229.0,,,,,True
3VHT,True,CR2,304.0,1380.1705659233494,141.14191845103076,53.98827080845324,33.01527276238176,0.7912237432652447,0.8706239155383609,57.31986575573005,81.16711349665368,1.056446044031071,True,488.0,507.0,gfp,keyword,cis,11.442899940386804,11.442899940386804,1.635251394014485,0.8706239155383609,19.0,green,2.4,0.19114,260.0,32.25477592061325,10.962888394483548,32.224555910324035,20.503157816435163,32.8013665300279,0.625070232902206,106.0,5.578947368421052,0.0,133.0,0.79,25000.0,19.75,,False
3VIC,True,QFG,185.0,709.2634316351156,98.57608771436264,34.5734565993252,28.40802924137192,0.5699611340264167,0.9172216077485776,46.99623180180039,29.97555195825684,2.003252480402648,True,554.0,585.0,rtms,keyword,,,,1.2170311536068923,0.9172216077485774,31.0,red,2.2,0.15964,219.0,31.78535515225293,7.698932547419168,30.193665189440978,,31.217223196418136,,,,1.0,1443.0,,,,,True
3VK1,True,QFG,178.0,749.6655028104265,101.41424192866636,36.5842670763974,27.46990189513377,0.6604539688552108,0.9159662951077664,46.39496261558111,58.99897830756357,1.9387591677146376,True,554.0,585.0,rtms,keyword,,,,1.33179460254564,0.9159662951077664,31.0,red,2.2,0.2052,217.0,52.72679416167325,14.124696714826532,51.60060195569639,,52.24287231255931,,,,0.0,135.0,,,,,True
3W1C,True,CR2,175.0,836.7420188505348,105.38812503868026,34.036734741410584,30.88052199820508,0.4205477599146484,0.9467124457828632,49.19495909205558,51.905578312432674,2.2276674559616763,True,514.0,527.0,yfp,keyword,cis,-5.110514210440006,5.110514210440006,1.1022072341713964,0.9467124457828632,13.0,yellow,1.3,0.196,229.0,14.756788579509474,9.290856967400885,10.587675458506531,8.922105312347412,11.874076122088256,0.7513936428073286,114.0,6.0,0.0,410.0,,,,,True
3W1D,True,CR2,181.0,897.4024548108737,109.23001322139564,34.404212228929104,32.087939157287614,0.3607185309188138,0.9451769996435718,49.54658267366534,51.95031852427403,2.2387304182994807,True,514.0,527.0,yfp,keyword,cis,-7.823396059142541,7.823396059142541,1.0721851615427112,0.9451769996435722,13.0,yellow,1.5,0.191,227.0,15.893336413585486,9.176272347889396,12.142743378613902,12.624736986662212,13.44353039013362,0.9390938704559084,102.0,5.368421052631579,0.0,355.0,,,,,True
3WCK,True,CRQ,175.0,670.4398105130105,95.18759083461543,31.76839830229432,29.29348753746312,0.3869631054353222,0.9298416350260608,51.036142425842925,73.58712149058154,2.2470025181836,True,,,,,cis,-4.602453491833392,4.602453491833392,1.0844867229163502,0.9298416350260608,,,2.3,0.181,221.0,25.062121551998413,10.23940778312632,23.88263640403748,21.46833332379659,25.195110469086227,0.8520833179174864,128.0,5.333333333333333,0.0,508.0,,,,,True
3ZTF,True,SWG,186.0,877.2503725533579,108.97957757150871,33.855346839708126,32.431584822609445,0.2869494470713739,0.9282034644200354,53.75779564282818,52.97734665136633,2.384620999992229,True,434.0,474.0,mturquoise,keyword,unknown,,,1.0439004761835171,0.9282034644200354,40.0,cyan,1.31,0.13205,237.0,23.14924299783796,15.213340225144105,19.32105933609656,11.680434683094854,22.176215224879307,0.5267100163237356,128.0,5.565217391304348,0.0,212.0,0.84,30000.0,25.2,,True
3ZUF,True,GYC,173.0,691.2821692314149,96.41204243509172,34.51601558790924,27.622665348543897,0.5996192003776417,0.9345502381040208,46.95436667127005,67.74700204060427,1.9716803826713905,True,503.0,522.0,padron,keyword,cis,-0.5763792913204827,0.5763792913204827,1.2495541307250684,0.934550238104021,19.0,yellow,2.2,0.1868,215.0,31.102852497983672,11.229505245711197,28.005275148864182,31.854285648890905,30.77518665153771,1.035063930223126,126.0,6.0,0.0,509.0,,,,,True
3ZUJ,True,GYC,172.0,704.6537924749092,96.94112847184904,33.806517455640375,28.097182096380227,0.5560971181507505,0.9422573108851456,47.63675154965944,59.18519490497483,2.0133540669759213,True,503.0,522.0,padron,keyword,trans,-176.19226378627732,3.807736213722677,1.203199571390317,0.9422573108851456,19.0,yellow,2.345,0.1886,214.0,21.89636651333714,10.095911567903416,19.67552035750307,21.93809536525181,21.30818234915641,1.0295620248491228,125.0,5.9523809523809526,0.0,534.0,,,,,True
3ZUL,True,GYC,173.0,676.5980531530486,95.76725539539729,32.91049647142106,27.841619843203635,0.5332147226514906,0.927057188086757,46.482807094817886,68.36543567949323,1.9944538030788952,True,503.0,522.0,padron,keyword,trans,-178.67450010623844,1.3254998937615596,1.1820611249188786,0.927057188086757,19.0,yellow,2.3,0.2042,216.0,22.41297443665421,10.142265460488554,19.969773775851564,31.993809654599143,22.061766404100293,1.450192567021874,130.0,6.190476190476191,0.0,512.0,,,,,True
4ANJ,True,CR2,286.0,1304.497450537658,135.37792180304777,50.43481044360689,34.29489579610735,0.7332263676840873,0.8944527689419345,157.3383910787032,35.32643582839831,8.114707369977994,True,488.0,507.0,gfp,keyword,trans,165.32741833861184,14.672581661388165,1.4706214809182043,0.8944527689419345,19.0,green,2.6,0.23874,996.0,21.20338005570692,7.403743631895475,21.310150734024432,13.389473613939789,21.333397053669337,0.6276297009920792,114.0,6.0,0.0,91.0,0.79,25000.0,19.75,,False
4AR7,True,SWG,182.0,761.2091771555674,102.20464864667254,33.85587492735488,29.491155158844347,0.491142221713557,0.9157408341035704,46.37622298565349,50.71350062482152,2.130192020890334,True,434.0,474.0,mturquoise,keyword,unknown,,,1.1480009767335806,0.9157408341035704,40.0,cyan,1.23,0.14264,225.0,18.662363900806227,11.11790787811513,14.711026762213026,10.610869656438412,17.7027452024695,0.5993911980927238,119.0,5.173913043478261,0.0,191.0,0.84,30000.0,25.2,,True
4AS8,True,CRF,204.0,796.9114022241271,103.3265473692059,33.25795852151636,30.93358369966364,0.3672792549855751,0.937985379885863,51.28268930456733,50.92688880451245,2.316818333562404,True,433.0,475.0,cerulean,keyword,cis,6.558182383348751,6.558182383348751,1.0751408192603948,0.937985379885863,42.0,cyan,1.02,0.11631,229.0,13.129296575480836,8.284203979435073,9.494401699457413,7.311111114643238,11.504622842679815,0.6354933329513854,160.0,5.925925925925926,0.0,256.0,,,,,True
4B30,True,CRQ,200.0,793.7711917948355,103.81751775196427,32.91947330447476,31.095502718863,0.3282440259557441,0.9254733461575028,51.010508620002255,66.23370488779018,1.900432974614128,True,,,,,trans,-170.97095250383668,9.029047496163315,1.0586570541117288,0.9254733461575028,,,2.1,0.16548,229.0,45.40679195523262,18.04424795819376,43.48368417685814,41.41958332061768,45.09579248413279,0.9184799964473712,167.0,6.958333333333333,0.0,260.0,,,,,True
4B5Y,True,SWG,173.0,731.4819064350836,98.35545703004048,33.4276461706454,29.10685054139906,0.4917404059286595,0.9502032917344182,49.19769304651878,66.00911704601343,2.288988935682958,True,434.0,474.0,mturquoise,keyword,unknown,,,1.148446003221847,0.9502032917344182,40.0,cyan,1.45,0.14539,230.0,22.16958291444039,9.585943066995362,18.76908293561644,13.21521754886793,21.30266411823225,0.6203551572480298,120.0,5.217391304347826,0.0,172.0,0.84,30000.0,25.2,,True
4BDU,True,CR2,266.0,1201.7521319350874,132.82768047051047,50.10487574186556,31.22114417617537,0.7821295220407076,0.8559484065034242,74.25040812898067,3.4769489713527126,2.3479560738342133,True,488.0,507.0,gfp,keyword,cis,0.6455032389974246,0.6455032389974246,1.6048379091788771,0.8559484065034242,19.0,green,2.998,0.2149,296.0,121.47257750831726,42.69985107915027,119.79820329051908,87.25631452861585,121.91343841422706,0.7157235138602506,87.0,4.578947368421052,0.0,84.0,0.79,25000.0,19.75,,False
4DKM,True,CR2,184.0,805.5854633029977,103.7498793275217,32.1071194418102,31.077507699318684,0.2512124235321407,0.9404728969568906,48.68619681276349,42.540522394546535,2.213908325404381,True,488.0,507.0,gfp,keyword,trans,-174.0398449060567,5.960155093943314,1.0331304476682373,0.9404728969568906,19.0,green,1.95,0.2932,214.0,39.94944668300808,8.934855262801355,39.59906106151885,40.83999975104081,40.151209973740855,1.0171548946532476,89.0,4.684210526315789,0.0,581.0,0.79,25000.0,19.75,,True
4DKN,True,CR2,188.0,798.1640144024717,103.69007966128294,34.50333112192622,30.379340507940665,0.4740915013736487,0.9328838856729764,49.73558669038937,22.12008298291724,2.1966635716999083,True,488.0,507.0,gfp,keyword,cis,6.836110417268665,6.836110417268665,1.135749840023934,0.9328838856729764,19.0,green,1.35,0.192,215.0,14.82826709771618,6.609904119584221,12.507243062848245,9.21052639107955,13.446146158028435,0.6849937731474176,97.0,5.105263157894737,0.0,501.0,0.79,25000.0,19.75,,True
4EDO,True,NRQ,207.0,739.8501076160634,101.47111726359115,34.36514416675428,28.80173221309133,0.5455029960553356,0.9029604340470844,49.00021350597025,86.10627239715136,2.093617379560149,True,558.0,583.0,red fluorescent,keyword,cis,21.68483535340243,21.68483535340243,1.1931624081670404,0.9029604340470846,25.0,red,1.8,0.189,219.0,32.67134954722505,11.645240149676413,30.09277055583475,33.66304339533267,32.636088610217136,1.0314668463301706,124.0,5.391304347826087,1.0,280.0,,,,,True
4EDS,True,NRQ,217.0,724.5732005609017,100.82571567534649,36.5534610035729,27.20731725839729,0.6678278545183307,0.8956730445316639,49.1432238086701,85.77660823773525,2.052346259838658,True,558.0,583.0,red fluorescent,keyword,cis,13.909930064197832,13.909930064197832,1.3435158143822874,0.8956730445316637,25.0,red,1.6,0.1796,219.0,24.11276181259014,9.073085489513357,21.560080635932184,21.95565240279488,23.697566052762472,0.9264939848215116,138.0,6.0,2.0,360.0,,,,,True
4EMQ,True,GYC,166.0,682.8738758764125,96.29887151301926,32.53363292401746,28.84970562612781,0.4622194493825424,0.9253541285631902,46.77628212507835,30.918094163187902,2.116654365359225,True,503.0,518.0,dronpa,keyword,cis,16.458843215005345,16.458843215005345,1.1276937569357133,0.9253541285631902,15.0,green,1.95,0.1835,215.0,27.2158445585577,7.6097958680181135,25.35175925713998,22.14571426028297,26.520824134591976,0.8350311494052552,126.0,6.0,0.0,884.0,,,,,True
4EN1,True,SWG,189.0,740.0680471134275,100.29923972129164,33.91607964863551,30.07383334639116,0.4623200346384689,0.9244559790105308,58.499494238374766,19.40772742239908,2.3076657625455432,True,433.0,475.0,cerulean,keyword,unknown,,,1.127760444037488,0.9244559790105304,42.0,cyan,1.62,0.178,236.0,20.28506013665565,9.376860917328948,17.606693886737435,12.14869565549104,19.00217391981932,0.6393318841703642,128.0,5.565217391304348,0.0,350.0,,,,,True
4EUL,True,CRO,211.0,876.2372664222924,108.77618330897404,35.54770574869494,30.82871328011423,0.4978746050594313,0.930601934520312,46.63957273975869,50.48414479779852,2.053407484344176,True,488.0,507.0,green fluorescent,keyword,cis,-4.9665637042748285,4.9665637042748285,1.1530713405293065,0.930601934520312,19.0,green,1.35,0.12837,227.0,12.734239350980816,10.308960039728866,7.969352218303603,6.124545422467318,9.865186910267807,0.6208240632615705,120.0,5.454545454545454,0.0,389.0,,,,,True
4GES,False,,178.0,717.1912792766786,98.13718407803124,32.38012406282778,30.95660208018302,0.2932455201286794,0.9357884477039696,48.1333882064057,42.048516262465945,2.168085785170542,False,488.0,507.0,gfp,keyword,,,,1.045984439085323,0.93578844770397,19.0,green,1.23,0.16293,230.0,13.016661832873949,4.828507133423075,11.040458339452744,,12.166004323933532,,,,0.0,206.0,0.79,25000.0,19.75,,True
4GF6,False,,210.0,950.5448862738348,112.17759049132628,37.35784617416397,31.85450532864155,0.5224240703227444,0.9492274287263028,56.57473547101184,56.43808475630811,2.10047192212768,False,488.0,507.0,gfp,keyword,,,,1.1727649131180875,0.9492274287263028,19.0,green,1.1,0.16602,243.0,11.067352431722814,4.9566689434441376,9.049511267726585,,9.99331149987636,,,,0.0,297.0,0.79,25000.0,19.75,,True
4H3L,True,NRQ,173.0,710.347633611338,97.97268189440643,32.499413600632295,29.53053274562964,0.4175625705025758,0.9299740045889442,46.44612474654174,30.10528485235669,1.940225494372,True,590.0,649.0,mplum,keyword,cis,15.578071483608165,15.578071483608165,1.1005359734135522,0.9299740045889444,59.0,red,1.65,0.1904,215.0,20.481541232964428,7.304780907051162,17.389461850906166,17.94043482904849,19.51057613043137,0.9195235809088242,114.0,4.956521739130435,0.0,408.0,,,,,True
4H3M,True,NRQ,154.0,683.3677195629365,97.70320408071323,33.29382776793757,27.913987015247617,0.5450350341126553,0.8995943344859859,47.42223767827278,27.716995175766108,2.117927231887532,True,590.0,649.0,mplum,keyword,cis,1.996981565747593,1.996981565747593,1.1927292131271428,0.8995943344859862,59.0,red,2.0,0.2148,213.0,16.509801260454285,9.94790835795036,13.977431225120474,13.085217434427012,16.193876554789366,0.8080349007327117,119.0,5.173913043478261,0.0,211.0,,,,,True
4H3N,True,NRQ,164.0,654.1762387682787,94.49149627878104,32.86593703107049,27.941583044793216,0.5265107701055847,0.9207021922680786,46.50367484636662,29.90373049323832,1.9946499739928347,True,590.0,649.0,mplum,keyword,cis,3.7077685189242815,3.7077685189242815,1.1762374729586018,0.9207021922680784,59.0,red,1.75,0.22126,215.0,16.29580001115799,6.948390621719749,15.473831789515843,13.036956455396568,16.7183693167117,0.7797983289174508,128.0,5.565217391304348,0.0,103.0,,,,,True
4H47,True,CRF,190.0,734.4219387741168,99.2886586105752,34.131291647744746,29.32040522787276,0.5118956611748441,0.936173231357104,52.874986345722206,51.12976033244176,2.240310259224259,True,435.0,477.0,cypet,keyword,trans,-150.42927721538197,29.570722784618027,1.1640798066221345,0.936173231357104,42.0,cyan,1.9,0.1816,228.0,28.857664707018795,10.872092989655776,26.2499582807223,23.34041666984558,28.771368650347384,0.8112376214526649,129.0,5.375,0.0,94.0,,,,,True
4H48,True,CRF,178.0,720.771741608014,98.71899449046713,32.98002074885352,30.234719709237496,0.3994415537045792,0.9294074922470456,52.9365285068844,51.53612282960455,2.2702900026018766,True,435.0,477.0,cypet,keyword,twisted,-146.68231041689634,33.31768958310366,1.0907996193124048,0.9294074922470456,42.0,cyan,1.45,0.17838,228.0,20.50187003659824,10.112871763961609,16.73186959391055,15.72041646639506,19.82103070669007,0.79311801182413,124.0,5.166666666666667,0.0,160.0,,,,,True
4HE4,True,CRO,169.0,774.6404783731932,102.4252833363706,33.126467049595554,30.13398783486648,0.4153427229998986,0.927888309477308,48.58385999521023,69.01061906344614,2.0877487033724447,True,514.0,527.0,yfp,keyword,trans,178.36453592930326,1.6354640706967416,1.0993057816020828,0.9278883094773084,13.0,yellow,2.05,0.1958,232.0,35.85963094448322,8.607382586527782,34.50849781936842,30.87363641912287,35.54834801299982,0.8684970791844552,98.0,4.454545454545454,0.0,181.0,,,,,True
4HQ8,True,,173.0,763.7834694444637,102.34631956564796,32.81147173312248,29.47013314405744,0.43965744315078,0.9162957224444436,46.020895311582514,33.36531265053269,1.9093233501585145,True,503.0,518.0,dronpa,keyword,unknown,,,1.1133805053656098,0.916295722444444,15.0,green,1.95,0.184,218.0,24.728616292390083,8.965899696575555,22.91717493373717,18.306400032043456,23.582457150050573,0.776271951457959,147.0,5.88,0.0,1192.0,,,,,True
4HQ9,True,,162.0,641.1373572738121,94.11483390789049,32.199541708409186,27.040165125185627,0.5429444197629053,0.9095881347145364,48.19670384144454,59.1175911747495,2.0157925882012115,True,503.0,518.0,dronpa,keyword,unknown,,,1.190804181828684,0.9095881347145364,15.0,green,2.07,0.1888,218.0,33.44995225341344,10.46451553936218,31.86022830771529,32.53399971008301,33.19641537990065,0.9800455662987424,129.0,5.16,0.0,601.0,,,,,True
4HQC,True,IEY,201.0,720.8579824111113,99.79230825480518,30.96915115697904,27.46360369974307,0.462143452625736,0.9096313915804208,46.16974862395968,32.60405046424971,1.9428952118942409,True,503.0,518.0,dronpa,keyword,unknown,,,1.1276433892493418,0.9096313915804208,15.0,green,2.05,0.1785,220.0,29.033373789353803,10.631343591499538,27.099230753350582,23.985200271606445,28.67157597582798,0.8365497694241691,143.0,5.72,0.0,958.0,,,,,True
4HVF,True,CR2,198.0,816.8623967490386,104.07529779795728,34.508540045542595,31.45251097723248,0.4114299832174413,0.9476837719209998,51.44270202886831,86.72086527820873,2.195999728524922,True,488.0,507.0,gfp,keyword,cis,1.8659060185959,1.8659060185959,1.0971632780137104,0.9476837719209998,19.0,green,1.7,0.1767,225.0,18.95624075608708,6.886550628798129,17.087081583784375,15.154736769826789,18.52772776490239,0.8179490200916512,112.0,5.894736842105263,0.0,612.0,0.79,25000.0,19.75,,True
4IK1,True,CRO,322.0,1637.8310873706153,150.44229506183967,51.82926932298319,39.475429159788746,0.6479962103850749,0.9093667566690964,71.07339098765715,69.58154884824523,2.409593807923588,True,488.0,507.0,gcamp,keyword,cis,18.061227778517928,18.061227778517928,1.3129501167216835,0.9093667566690964,19.0,green,2.0,0.1733,392.0,41.8554699430493,23.81220282311714,37.84989873668816,23.820454597473145,41.62853786450077,0.5722145388581211,107.0,4.863636363636363,0.0,359.0,,,,,False
4IK3,True,CRO,345.0,1923.898991314072,168.64886263414144,51.58107401761103,43.59354706069068,0.5345352694410174,0.8500124712168664,72.12599931365779,70.76167233463498,2.5181948152282576,True,488.0,507.0,gcamp,keyword,cis,15.245185141193463,15.245185141193463,1.1832272777849473,0.8500124712168663,19.0,green,2.007,0.1849,394.0,33.87030196909819,13.032373792979053,30.929950413573764,22.59772725538774,33.74494436200359,0.6696626022839888,105.0,4.7727272727272725,0.0,240.0,,,,,False
4IK4,True,CRO,335.0,1558.588243047377,145.4906180484906,50.22652591215533,39.18675848358197,0.6255295728267473,0.9252759677426018,71.18922191595121,70.84872721882216,2.4146172387647606,True,488.0,507.0,gcamp,keyword,cis,20.6770551228095,20.6770551228095,1.2817218840185185,0.9252759677426018,19.0,green,2.01,0.1719,396.0,36.52830132972092,13.02557509910488,33.824427936800674,24.825454451821063,36.34114920631288,0.6831224381728852,110.0,5.0,0.0,262.0,,,,,False
4IK5,True,CRO,304.0,1559.843767771888,146.50820243881012,50.66946872971641,38.383289135871486,0.6528084476536336,0.9132024886501696,71.81838143351919,69.63061825607416,2.4832638964668146,True,488.0,507.0,gcamp,keyword,cis,3.42631267006652,3.42631267006652,1.3200918907796977,0.9132024886501696,19.0,green,2.5,0.17586,392.0,42.67697878374752,15.008976029174557,40.97537874452996,28.927272536537863,42.24223366925522,0.6847950504471485,108.0,4.909090909090909,0.0,306.0,,,,,False
4IK8,True,CRO,341.0,1556.2613236450204,146.62495425263683,51.19248615363732,39.54493817084896,0.6350446421120177,0.9096547868553276,70.80348916102587,71.02416265704868,2.4377524466698737,True,488.0,507.0,gcamp,keyword,cis,14.361988628085752,14.361988628085752,1.2945395421397952,0.909654786855328,19.0,green,1.55,0.179,396.0,28.28041778266269,12.330192557792245,23.451924998760223,15.685909011147238,26.886427886620407,0.5834136493436183,113.0,5.136363636363637,0.0,543.0,,,,,False
4IK9,True,CRO,363.0,1974.552277293812,169.3907919455751,51.912668489316616,44.15189342163212,0.5259697868232637,0.8647665921135912,71.84605757551583,70.88436458441011,2.5093671573935854,True,488.0,507.0,gcamp,keyword,cis,8.466266778827036,8.466266778827036,1.1757744564558612,0.8647665921135913,19.0,green,1.8,0.15945,394.0,22.98568431602145,14.15140485500696,17.881624952554702,11.167727318677036,21.34055022040164,0.5233101866324258,98.0,4.454545454545454,0.0,465.0,,,,,False
4IZN,True,,168.0,670.1157318580931,96.40354603238166,31.223150721502773,28.829726248005823,0.3839724344582519,0.9060948454760565,49.57290038649223,36.42705239587304,2.059435774377862,True,503.0,518.0,dronpa,keyword,unknown,,,1.0830193270968886,0.9060948454760565,15.0,green,2.15,0.1922,218.0,38.30031520231911,13.46233277749621,36.48733026409581,42.922000045776365,38.3003517704164,1.1206685594707717,142.0,5.68,0.0,1481.0,,,,,True
4J88,True,CQ1,197.0,818.3214590778005,104.2555594775081,35.09149509449247,30.650912570143383,0.48690126545234,0.946096329373297,47.378129215630295,88.4533049752152,2.2269607341257034,True,488.0,507.0,gfp,keyword,,,,1.1448760298469742,0.946096329373297,19.0,green,2.08,0.1654,228.0,28.467955777219206,11.137224188900449,25.297606794243183,,26.389564710810085,,,,0.0,314.0,0.79,25000.0,19.75,,True
4J89,True,CQ2,205.0,808.5211592079438,104.7746787694957,35.805757415024914,31.021330943375325,0.4993882814170953,0.9255259030336632,49.46397899757453,87.51854213127191,2.217812938001023,True,488.0,507.0,gfp,keyword,,,,1.1542302127649786,0.9255259030336632,19.0,green,2.1,0.182,229.0,34.51170461991797,13.23499012644962,31.7796103324725,,33.5969129139691,,,,0.0,283.0,0.79,25000.0,19.75,,True
4J8A,True,CRO,230.0,892.4631822514159,108.98356567794148,35.646868436187816,33.25493581335033,0.3601375327677751,0.9442307660620992,53.412032344018485,37.918476651589806,2.2678464342953486,True,488.0,507.0,gfp,keyword,cis,-8.028490124439262,8.028490124439262,1.0719271459810558,0.9442307660620992,19.0,green,1.26,0.1287,229.0,23.506913084406666,13.431095273036762,17.361653579501656,15.381363651969217,20.218219880196884,0.760767453470757,109.0,4.954545454545454,0.0,260.0,0.79,25000.0,19.75,,True
4JC2,True,CRQ,180.0,750.5402577906392,101.3253712027387,33.53991513829687,29.83052445531925,0.4571225954267915,0.9186444365127562,49.60129011279559,64.96780359967359,1.7941288195231555,True,488.0,507.0,green fluorescent,keyword,trans,-171.5297641505412,8.470235849458788,1.1243488255975391,0.9186444365127562,19.0,green,2.35,0.17534,221.0,16.345127671506642,7.864829543727742,15.744954512336037,8.795416752497355,16.433524777491886,0.53521182287953,145.0,6.041666666666667,0.0,768.0,,,,,True
4JEO,True,CR2,190.0,839.5703014892506,106.80152448551895,33.8137951168091,32.44730110115181,0.2814098265239404,0.9249367342722908,48.63480346442863,16.875851561838,2.1681486036401965,True,558.0,583.0,red fluorescent,keyword,cis,-5.993961522920283,5.993961522920283,1.042114258175044,0.924936734272291,25.0,red,2.35,0.1497,218.0,20.16828644971053,8.999689755497487,18.090090929378164,16.84210521296451,19.502997702264675,0.8635649488390604,103.0,5.421052631578948,0.0,321.0,,,,,True
4JF9,True,CR2,199.0,851.3632550798749,107.11402034850752,33.987881844380176,31.894295298284668,0.3455455709878913,0.9324641115551718,48.349312517751656,46.60816662284594,2.151186687287326,True,558.0,583.0,red fluorescent,keyword,cis,-16.481221903969484,16.481221903969484,1.065641410995781,0.9324641115551718,25.0,red,2.33,0.1584,218.0,14.87779328361038,8.05154786065939,13.096484016610065,10.435263207084256,14.168797257156852,0.736496049572116,116.0,6.105263157894737,0.0,328.0,,,,,True
4JFG,False,,161.0,714.1204727052456,98.9384838245351,31.567902112929048,29.99709386393713,0.3115177469232508,0.916749847272493,49.15326997122143,47.40016922832866,2.167898219714507,False,488.0,507.0,gfp,keyword,,,,1.0523653476605732,0.916749847272493,19.0,green,3.001,0.2588,226.0,33.02811605245369,14.110478200436162,32.26840000152588,,32.87593753121116,,,,0.0,130.0,0.79,25000.0,19.75,,True
4JGE,True,CR2,206.0,890.9287824639471,110.01285930125692,34.316230277052234,33.22112891960423,0.2506107076031724,0.9250515789048608,48.40452036580558,46.35864662681183,2.1437215580767104,True,558.0,583.0,red fluorescent,keyword,cis,-19.00893649749253,19.00893649749253,1.0329640019187236,0.9250515789048604,25.0,red,1.94,0.1557,217.0,19.6877313419361,8.987270817219143,16.54631336053945,14.640526319804945,18.18307558567071,0.8051732640512423,120.0,6.315789473684211,0.0,495.0,,,,,True
4JRB,True,CR2,270.0,1268.9286922431447,133.40148244400694,44.52571366699244,36.05928844268951,0.5866326898296347,0.8960366423461225,93.2858842926748,20.12027299631696,6.548738566258512,True,488.0,507.0,gfp,keyword,trans,-165.13769025421965,14.862309745780353,1.2347917995597435,0.8960366423461225,19.0,green,2.414,0.1976,399.0,58.42939149254277,18.88549364604572,55.94070355976047,35.502631639179434,58.26907153763612,0.6092877525300572,94.0,4.947368421052632,0.0,100.0,0.79,25000.0,19.75,,False
4KA9,True,CRO,233.0,908.3660596870482,110.57919887566234,34.957480350324666,31.84642396292025,0.4123962825557292,0.9335205535568336,49.54756122557998,28.0472138011283,2.174766109219137,True,488.0,507.0,gfp,keyword,cis,-9.796160645726363,9.796160645726363,1.09768934782212,0.9335205535568336,19.0,green,1.58,0.1734,230.0,16.950318094224453,9.99743365119896,12.851411317625354,11.85818186673251,14.371416204144502,0.8251227087357463,123.0,5.590909090909091,0.0,255.0,0.79,25000.0,19.75,,True
4KAG,True,CRO,221.0,811.0348291773364,104.68697523648667,33.56191643129506,31.787963765342948,0.3208090859913022,0.9299595647405712,47.01534569950627,29.88908250217447,2.1095121036263147,True,488.0,507.0,gfp,keyword,cis,-3.0303958126179604,3.0303958126179604,1.0558057974095898,0.9299595647405716,19.0,green,1.12,0.14426,225.0,15.95680032072988,10.58869785834636,11.043178305145382,10.076818162744695,13.114006842652412,0.768401167061354,129.0,5.863636363636363,0.0,280.0,0.79,25000.0,19.75,,True
4KEX,True,CRO,209.0,733.9348688001485,100.49405287364124,32.39642049236114,31.63223696331745,0.2159180786334054,0.91324365259265,46.17125510433785,47.50247410995646,2.047020993251893,True,488.0,507.0,gfp,keyword,cis,1.308391769801277,1.308391769801277,1.0241583777312329,0.91324365259265,19.0,green,1.6,0.1823,225.0,17.979473687393963,8.62203942366116,15.214085104110394,11.873636332425203,16.88998936109558,0.7029984494706049,122.0,5.545454545454546,0.0,208.0,0.79,25000.0,19.75,,True
4KF4,True,CH6,157.0,662.5885696107772,94.72495610213996,32.649429420141566,27.89492876586803,0.5196533120509927,0.9279508591611456,46.65907525763374,88.12159785555697,1.9914273304613936,True,,,,,cis,10.065431613452304,10.065431613452304,1.170443190379862,0.9279508591611462,,,1.994,0.2224,216.0,28.53659029261896,12.358878803674967,25.328976804156635,28.671739246534266,28.410601638744925,1.0091915550085786,113.0,4.913043478260869,0.0,804.0,,,,,True
4KF5,True,CH6,232.0,1115.7949909449826,124.653335175658,48.8735092740637,30.92631664510864,0.7743293307537579,0.9023737762171816,90.49846233495876,39.85425059566943,3.922839100055952,True,488.0,507.0,gfp,keyword,cis,24.6066893614556,24.6066893614556,1.5803210526137332,0.902373776217182,19.0,green,2.599,0.2028,258.0,67.10987033349292,16.503120200781105,64.58143970474659,56.83565239284349,67.28345251503701,0.8447196192873936,109.0,4.739130434782608,0.0,40.0,0.79,25000.0,19.75,,False
4KPI,True,NRQ,178.0,728.2076840881837,100.1303372647418,33.90394992943623,29.90276681106151,0.4712779438116803,0.9127120060232512,47.00730109342016,33.563064052079646,1.846660411098772,True,555.0,584.0,tagrfp,keyword,trans,174.9433550440831,5.056644955916909,1.1338064515453004,0.9127120060232514,29.0,red,1.58,0.2248,224.0,13.757696033548465,7.5843893905605055,10.935156941948453,17.028260687123176,12.95458310595711,1.3144584081052213,119.0,5.173913043478261,0.0,76.0,0.48,100000.0,48.0,,True
4KW4,True,CRO,193.0,770.0054748069819,100.5509437074262,34.08225651975236,31.139144176778448,0.4065089763644418,0.9570428326439168,46.66040305525829,75.69827395891663,2.2289090982514925,True,488.0,507.0,green fluorescent,keyword,trans,-172.0171640668994,7.982835933100603,1.094514875754636,0.9570428326439162,19.0,green,1.746,0.1701,228.0,24.808289652857287,10.363256141564824,21.46940927867648,15.649545452811502,23.014221613600448,0.6799945579546897,114.0,5.181818181818182,0.0,303.0,,,,,True
4KW8,True,CRO,164.0,719.1512248775236,100.38045182245828,31.644177262507487,30.611950374699983,0.2533289523218338,0.896874747626104,46.76548223761429,48.55625523474831,2.0958758612343926,True,488.0,507.0,green fluorescent,keyword,trans,-158.95320556237797,21.04679443762205,1.0337197360890995,0.896874747626104,19.0,green,2.459,0.1524,223.0,26.93235296147878,9.44280554127646,25.764753405823303,23.14363653009588,26.94720668917685,0.8588510414844354,102.0,4.636363636363637,0.0,83.0,,,,,True
4KW9,True,CRO,181.0,797.9210583406983,103.15038485127096,33.54546250214618,30.88139369196184,0.3905461895797539,0.942384394203495,46.904919225114966,77.41120527480749,2.1426565817022,True,488.0,507.0,green fluorescent,keyword,trans,-163.97725067495327,16.022749325046732,1.0862677648799828,0.9423843942034952,19.0,green,1.8,0.1755,223.0,24.835681445991707,11.715165882205676,22.3741441589218,19.375454685904764,23.79530573474437,0.8142553368252786,108.0,4.909090909090909,0.0,214.0,,,,,True
4L12,True,CRO,177.0,713.9724080578745,98.02887177780678,32.66001633633414,29.70287066899261,0.4157986428464445,0.9336482421106672,48.44588475449397,64.49933797503869,2.2373028026450057,True,488.0,507.0,gfp,keyword,cis,1.2294740399381987,1.2294740399381987,1.0995575713975871,0.9336482421106672,19.0,green,1.78,0.19604,230.0,21.560189136131427,6.639090663825449,20.515702456482185,14.187272722070867,21.321205259122348,0.6654066948678146,123.0,5.590909090909091,0.0,138.0,0.79,25000.0,19.75,,True
4L13,True,CRO,180.0,711.5138786256391,97.55226963877432,33.9932130192212,29.69414843357795,0.4867673019855867,0.9395469425017002,48.571494881239815,63.90504834537576,2.211008653142975,True,488.0,507.0,gfp,keyword,cis,-1.4761431306158803,1.4761431306158803,1.1447781738971137,0.9395469425017005,19.0,green,1.66,0.18139,230.0,19.01582981758853,6.390261045380275,17.461612870616296,13.65318181297996,18.468852133884056,0.7392544871768733,115.0,5.227272727272728,0.0,167.0,0.79,25000.0,19.75,,True
4L1I,True,CRO,172.0,717.1255442295924,97.80752741794062,31.662523524349265,30.082940502574026,0.3119092342221334,0.9420208091196054,48.63581234706157,88.3456057584064,2.258219740022424,True,488.0,507.0,gfp,keyword,cis,9.319853616312123,9.319853616312123,1.0525076005000271,0.9420208091196054,19.0,green,1.2,0.1501,228.0,19.563958423077096,7.058098658560918,16.66359682045435,13.191363594748758,18.683302464799137,0.7060509575115194,119.0,5.409090909090909,0.0,197.0,0.79,25000.0,19.75,,True
4LJB,True,,173.0,677.2738442369398,95.84289458189912,31.15242851835728,29.603387124327668,0.3114107003813623,0.92651898948196,51.1000409832598,89.11027436720516,1.996592363763955,True,,,,,unknown,,,1.0523264918140611,0.92651898948196,,,1.9019,0.3393,223.0,28.139036324728533,15.046508714448349,25.62529143517327,32.95480010986328,27.417615040651743,1.2019572111214496,122.0,4.88,0.0,313.0,,,,,True
4LJC,True,,177.0,704.2841112222094,98.88446937429312,32.687339145619674,28.971185826831213,0.4630882996319199,0.9051104517938277,50.58852956523042,89.82428509635187,2.044243911558461,True,,,,,unknown,,,1.1282706666203082,0.9051104517938277,,,1.86,0.2015,223.0,27.315386565662862,14.724122131158785,21.59439463251909,20.636799964904785,26.3244669998156,0.7839398976263923,121.0,4.84,0.0,688.0,,,,,True
4LJD,True,,173.0,774.4321641276733,103.43110215082612,31.862307716037417,30.990018422669426,0.2323880121778318,0.9096848061343904,50.61052940263877,89.9856062523509,2.033424209066432,True,,,,,unknown,,,1.0281474273900368,0.9096848061343904,,,2.5,0.1993,223.0,28.105949445897703,16.520527588093287,24.95251113737645,24.888399772644043,27.9194529252878,0.8914357970854649,129.0,5.16,0.0,423.0,,,,,True
4LQT,True,CRO,204.0,764.1432540104098,100.07838808767626,33.08092661653065,31.146562412742963,0.3369395017455442,0.9587470571476552,49.46666695160714,71.76456215422078,2.1338997683219727,True,485.0,510.0,superfolder,keyword,cis,-0.9469969766222652,0.9469969766222652,1.0621052229826904,0.9587470571476552,25.0,green,1.1,0.1343,230.0,15.39089122180311,7.3247045027209055,12.166345379917496,9.078148223735669,13.577463010904903,0.6686188882594961,156.0,5.777777777777778,0.0,257.0,,,,,True
4LQU,True,CRO,176.0,727.1208871599049,98.714253531412,32.642561236832314,30.035471662561967,0.3916078852103029,0.9376845337534098,47.77651455946283,57.19488190108341,2.198491174870613,True,485.0,510.0,superfolder,keyword,cis,1.120826473778226,1.120826473778226,1.0868003540467115,0.93768453375341,25.0,green,1.6,0.1549,229.0,23.78028788084936,11.101516862286298,19.327829762722583,15.70954552563754,23.145385889395417,0.6787333596730061,117.0,5.318181818181818,0.0,633.0,,,,,True
4LW5,True,CRO,169.0,747.6926753085104,99.73738520394078,31.6908206241378,31.421613356558257,0.130067073708289,0.9445327778987072,46.24483159576319,67.72790920267424,2.140902607997068,True,488.0,507.0,green fluorescent,keyword,cis,1.6451198005986392,1.6451198005986392,1.008567582591151,0.9445327778987072,19.0,green,2.55,0.2178,227.0,35.13317447160788,12.207549701117465,35.11345138381013,21.939545544711027,35.552840384047904,0.6170968425508702,110.0,5.0,0.0,428.0,,,,,True
4N3D,True,CRO,189.0,792.8788301009149,102.17992967396764,33.47288157294957,30.51278241535983,0.4111510173378859,0.9543012385176504,46.41820004809118,51.36227919217445,2.134679129336823,True,488.0,507.0,gfp,keyword,trans,-175.78595158863803,4.214048411361972,1.0970117741900736,0.9543012385176506,19.0,green,1.34,0.1806,226.0,17.18410303277017,7.9788195452181,13.586291666825613,10.30818189274181,15.665393211129622,0.658022543948547,121.0,5.5,0.0,549.0,0.79,25000.0,19.75,,True
4NDJ,True,CR2,202.0,907.319370675502,110.78104462453663,37.02300236872357,31.847479769049897,0.5099434660668021,0.92905010076357,73.10030401585857,53.06747308053991,3.579653657995398,True,514.0,527.0,yfp,keyword,cis,2.254605067872869,2.254605067872869,1.1625096440033964,0.9290501007635704,13.0,yellow,1.85,0.1731,280.0,31.19142369167588,13.269814048522248,25.08573468868024,21.30526301735326,29.693929693201085,0.7174955702219316,117.0,6.157894736842105,0.0,333.0,,,,,False
4NDK,True,CR2,193.0,782.6442212961057,102.73003625916547,33.928428287364234,30.41653942427095,0.4430614187565104,0.9319215705558576,72.35640720642003,86.16008607718535,5.05654266241513,True,514.0,527.0,yfp,keyword,cis,0.3095808571983303,0.3095808571983303,1.1154598428870235,0.931921570555858,13.0,yellow,2.3,0.1901,273.0,35.09388225173793,15.780833662555237,31.85169122674886,29.83052635192871,35.05020796455052,0.85107986754598,119.0,6.2631578947368425,0.0,398.0,,,,,False
4NWS,True,NRQ,171.0,761.6980150921391,102.68075303971916,34.85743293208471,29.90485649640889,0.513784844789001,0.9078510449959436,47.81087161249419,33.08863992977896,1.8600196760107328,True,588.0,633.0,mkate,keyword,twisted,-135.3004523477585,44.69954765224151,1.1656111085592586,0.9078510449959432,45.0,red,2.7,0.1786,224.0,39.08402830839287,13.789664590648549,37.65318371041473,37.23565209430197,39.15342597939788,0.9510190018593768,125.0,5.434782608695652,0.0,97.0,0.33,31500.0,10.395,,True
4OGS,True,CRO,157.0,670.3708070514721,94.64509071607525,31.602309485625245,30.12264554486523,0.3024078874744295,0.9404349786842948,46.73362649309087,79.89726214939321,2.162029912092162,True,488.0,507.0,gfp,keyword,cis,-0.1861495065202077,0.1861495065202077,1.0491213143465827,0.9404349786842946,19.0,green,2.21,0.18119,226.0,56.199166185564735,13.416387166078088,54.88238913612028,45.09047626313709,56.157472805679696,0.8029292275876185,111.0,5.285714285714286,0.0,155.0,0.79,25000.0,19.75,,True
4OHS,True,CH6,210.0,741.076485748494,102.91628394179884,34.083708069501945,27.510022000225813,0.590372196089234,0.879234466633378,48.52555999243634,78.05721811080561,1.8948498483612468,True,558.0,583.0,red fluorescent,keyword,intermediate,95.98244740397152,84.01755259602847,1.2389560455176,0.8792344666333783,25.0,red,2.19,0.1897,227.0,55.13486743858232,15.956972511364231,54.00649122606244,57.21543461343517,55.30980337657286,1.0344537698658582,272.0,5.913043478260869,0.0,355.0,,,,,True
4OJ0,True,NRQ,173.0,748.6419386259902,101.94908485232736,34.63177283010592,29.11591332087854,0.5414571423915258,0.9051433251647032,47.92145150780885,76.46519366985474,1.9181368316505505,True,604.0,659.0,mcardinal,keyword,trans,-156.02769180278972,23.97230819721028,1.1894448389249752,0.9051433251647034,55.0,red,1.7,0.1649,225.0,32.91043656069496,14.562272467303757,29.43540177174977,36.81739143703295,32.59869711263262,1.1294129734640683,114.0,4.956521739130435,0.0,631.0,0.19,87000.0,16.53,,True
4OQW,True,NRQ,186.0,894.227561792861,113.55603081417944,35.29296546950233,31.20215590547813,0.4673167757704457,0.8714400339957967,47.70209377986328,75.64946523187197,1.910806517055213,True,558.0,583.0,red fluorescent,keyword,trans,-170.53620177507125,9.463798224928752,1.1311066317473908,0.871440033995797,25.0,red,2.21,0.2225,226.0,19.22895361664369,18.43408424070428,15.796177772945828,15.526521682739258,18.47366989003753,0.8404676371916979,122.0,5.304347826086956,0.0,671.0,,,,,True
4ORN,True,GYS,184.0,760.2498418073529,100.3154301887417,33.37964747175913,31.47221837202247,0.333199003643259,0.9493595481695314,48.536873883200826,61.656032377308605,2.201320257975522,True,380.0,440.0,blue fluorescent,keyword,cis,-1.447812688608972,1.447812688608972,1.0606067572736555,0.9493595481695314,60.0,blue,1.71,0.1581,229.0,25.75847584385854,9.970643093939454,21.8448945057543,18.57428559802828,25.000827515656944,0.7429468319157035,102.0,4.857142857142857,0.0,402.0,,,,,True
4OY4,True,,285.0,1223.4821560041769,133.3080788229222,50.34872954879739,32.15730219069531,0.7694629648586766,0.8651562798837807,64.39316476435705,17.219931388229366,2.233349879694461,True,503.0,515.0,campari,keyword,unknown,,,1.5657012908055996,0.8651562798837807,12.0,green,2.03,0.19613,335.0,31.263668973437586,14.355728174716084,28.58857562633933,17.76119972229004,31.25256342605529,0.5683117727066994,151.0,6.04,0.0,104.0,,,,,False
4P1Q,True,GYS,186.0,789.6661535653463,102.78053970435212,34.00428155773228,30.67016411761168,0.4318403315497008,0.9393589987630392,47.88924677854648,51.06729297806633,2.157850159776652,True,488.0,507.0,green fluorescent,keyword,cis,-8.002000647127126,8.002000647127126,1.1087088229242978,0.9393589987630392,19.0,green,1.5,0.1362,228.0,13.06893168518927,9.043085749393112,9.781244822062892,6.014285746074858,11.479925371182244,0.5238958923175896,112.0,5.333333333333333,0.0,283.0,,,,,True
4P76,True,,169.0,703.5344400327589,99.36159050776558,32.99737780711308,28.57941785185709,0.4998503503908593,0.8954846726739563,48.47061100011746,56.65203485834925,1.7353250968299236,True,598.0,670.0,mGarnet,manual_v2,unknown,,,1.1545853725277653,0.8954846726739563,72.0,red,2.9,0.17445,224.0,18.92297192084376,7.657936757143062,18.25408072535767,16.56639995574951,19.02873659268383,0.8705990476592629,137.0,5.48,0.0,43.0,,,,,True
4P7H,True,CRO,206.0,876.2470865829696,110.51575717011715,40.8281422431235,28.8393659878826,0.7078527883805262,0.9015463180506064,142.7510969035585,30.857714271377567,9.258170756038592,True,488.0,507.0,gfp,keyword,twisted,35.03622554365539,35.03622554365539,1.4157087316093635,0.9015463180506066,19.0,green,3.2,0.2263,972.0,60.36487635051036,22.55183550701375,59.417754946236265,68.20909031954679,60.35430811817754,1.1301445157152508,108.0,4.909090909090909,0.0,5.0,0.79,25000.0,19.75,,False
4PA0,True,CRO,169.0,695.9387251132782,96.24674613505636,34.40263853403615,28.75163790271476,0.5491263796613245,0.9440799084691254,142.4125664889171,2.790791171747778,8.97387306530914,True,,,,,twisted,45.50454428670725,45.50454428670725,1.196545346405737,0.9440799084691254,,,2.25,0.2012,975.0,43.947062554091936,18.62592896066916,43.37615002645849,61.51619012015207,44.06488920642078,1.3960364187455718,102.0,4.857142857142857,0.0,306.0,,,,,False
4PFE,True,CRO,285.0,1223.2133437227048,134.87778773457956,48.85975001650571,32.61219894554865,0.744640695988402,0.8449503807220888,78.37281230386424,54.14698019874648,4.336091842164937,True,488.0,507.0,gfp,keyword,cis,8.781120855862412,8.781120855862412,1.498204708553538,0.8449503807220888,19.0,green,2.603,0.1985,343.0,52.33262287847535,17.126475520464886,50.73774854202717,37.00727289373224,52.81164499219802,0.7007407722141472,103.0,4.681818181818182,0.0,141.0,0.79,25000.0,19.75,,False
4Q7R,True,OFM,185.0,835.6349820196793,108.52848140152554,34.62169725692107,30.29635243496314,0.4839993132250707,0.891536286702681,47.473584473763694,87.89410748634037,1.6594255823315969,True,548.0,562.0,morange,keyword,,,,1.142767840823185,0.891536286702681,14.0,orange,1.4,0.1473,224.0,18.95174527955505,8.888890601325203,15.747510567999088,14.798181851704916,18.22600949231612,0.8119265963261824,114.0,3.4545454545454546,0.0,301.0,0.69,71000.0,48.99,,True
4Q7T,True,OFM,157.0,719.6248948704032,100.45426416198713,33.85937333325557,28.114115659759456,0.5572868728700456,0.8961470707378375,46.15827821572013,82.04280780667777,1.878473076748726,True,548.0,562.0,morange,keyword,,,,1.204354913489933,0.8961470707378372,14.0,orange,1.94,0.1998,217.0,43.9476888842269,11.52925744856894,41.52350229711576,36.66151509140477,43.8962810068478,0.8351849917692479,109.0,3.303030303030303,0.0,160.0,0.69,71000.0,48.99,,True
4Q7U,True,OIM,184.0,748.4890088670824,102.01597212848216,33.93103558119769,30.33264537286618,0.4481669356458678,0.903772133991802,46.23268583509362,87.18932434630831,1.8130907974656192,True,548.0,562.0,morange,keyword,,,,1.118630939177841,0.903772133991802,14.0,orange,1.3,0.148,218.0,13.616333485095092,7.287913544641062,10.573760359740454,,12.29829461345451,,,,0.0,211.0,0.69,71000.0,48.99,,True
4Q9W,True,PIA,215.0,938.6963178405975,113.05510259753024,36.870201533924906,30.85344308806196,0.5474896805286797,0.922899990282838,49.22765907302765,63.3249326438605,1.9510712864858115,True,462.0,492.0,mtfp,keyword,cis,8.159181613213368,8.159181613213368,1.1950109240219933,0.9228999902828382,30.0,cyan,1.0,0.1308,218.0,14.125424080235618,9.019580889725876,10.310432906790728,6.286999917030334,11.928016026134795,0.527078426391719,112.0,5.6,0.0,761.0,,,,,True
4Q9X,True,PIA,168.0,716.6611672921958,99.02409174744248,32.91835041808808,29.336032497428945,0.4536584087430254,0.918421413881605,46.98292758849087,85.47578916898624,2.0543288789807552,True,462.0,492.0,mtfp,keyword,cis,8.926187655999,8.926187655999,1.1221132380792491,0.918421413881605,30.0,cyan,1.9,0.17641,214.0,41.76754910144223,10.456085394384289,39.44539912765575,28.487499713897705,41.55564988905952,0.6855265117968398,116.0,5.8,0.0,64.0,,,,,True
4R6B,True,,175.0,786.6508648992145,104.36957382018603,31.885122087970043,30.996725761878928,0.2344109745416044,0.907494639443696,50.22716871436444,89.4342700733035,2.0165033503494194,True,,,,,unknown,,,1.0286609731916816,0.9074946394436963,,,2.0,0.1923,223.0,26.06625876670616,8.43051665407725,24.156306266784668,20.17199993133545,25.464466995932057,0.7921626607993767,148.0,5.92,0.0,822.0,,,,,True
4R6D,True,PIA,194.0,818.116922438137,103.75423034257324,33.95931638447212,31.710128445208912,0.3578784982636445,0.9550225225016432,47.25458637456107,39.41045627731223,2.0751616830734663,True,462.0,492.0,mtfp,keyword,cis,7.583310626113202,7.583310626113202,1.0709296382431726,0.9550225225016432,30.0,cyan,1.55,0.15066,214.0,15.411668276557556,9.905340643844731,11.036313373372302,7.399000024795532,13.102940509466611,0.5646824099865143,111.0,5.55,0.0,310.0,,,,,True
4U2V,True,CR2,293.0,1342.8856021896788,137.38231776971628,52.916824273885794,33.19117087321942,0.7788317809942934,0.894102282246346,85.86778309542882,25.18084148312775,4.547231364941763,True,488.0,507.0,gfp,keyword,cis,-13.61282535260491,13.61282535260491,1.5943042345813172,0.894102282246346,19.0,green,2.3,0.1983,307.0,54.2640993751541,20.767537628022872,49.63552294213788,40.78473643252724,54.33869616581603,0.7505652382249197,95.0,5.0,0.0,202.0,0.79,25000.0,19.75,,False
4UTS,True,GYC,168.0,795.6292775955284,104.39232521708666,33.018781333139515,29.542737049711384,0.4466170004314341,0.9174522662091092,46.69605132135614,61.1783744411335,2.044372934924513,True,503.0,518.0,dronpa,keyword,trans,-166.1163785408867,13.8836214591133,1.1176615517234918,0.9174522662091092,15.0,green,2.03,0.17153,214.0,38.76959892209194,17.631274018768355,35.50323934958015,25.6700002579462,38.86818185062352,0.6604373818307223,109.0,5.190476190476191,0.0,242.0,,,,,True
4XBI,True,CRO,183.0,767.4277047528448,101.31354801414491,34.490141458523,30.027505346370205,0.4919715869463402,0.9395335395581836,83.97008109921536,35.20309390045859,6.354746544449799,True,506.0,516.0,eos,keyword,cis,9.579759636649277,9.579759636649277,1.148618277165414,0.9395335395581838,10.0,green,2.013,0.1668,377.0,43.3995500376121,17.58859657044051,41.149734040524095,26.024091200395063,43.37027816785561,0.6000443690878405,101.0,4.590909090909091,0.0,382.0,,,,,False
4XGY,True,CRO,214.0,873.9001569275059,109.86715154682992,34.20438600568387,33.44091931647068,0.2101029151909458,0.9097790908559704,56.73853709207631,25.16117143992922,2.33992184407682,True,488.0,507.0,gfp,keyword,cis,5.4877587728431205,5.4877587728431205,1.0228303140230108,0.9097790908559704,19.0,green,1.494,0.1451,238.0,24.245870683727592,18.148198034641805,17.301255073624585,11.203181743621826,21.78730004306236,0.5142069793631547,122.0,5.545454545454546,0.0,303.0,0.79,25000.0,19.75,,True
4XL5,True,CRO,167.0,684.2497495031494,95.38552786421484,31.37254664388395,30.58927166949546,0.2220595364253428,0.9450603358937084,46.00372142987207,58.61342596185922,2.1434065738731847,True,488.0,507.0,gfp,keyword,cis,5.820088635146411,5.820088635146411,1.0256061988938951,0.7924278728048154,19.0,green,2.0,0.20477,226.0,48.17093333638509,12.15840847305488,46.26141590354717,35.43136336586692,48.48869711147385,0.7307138668711068,115.0,0.1680672884184529,0.0,103.0,0.79,25000.0,19.75,,True
4XOV,True,CRO,277.0,829.5587234858159,106.12742858632502,34.12220188743799,32.657261845083106,0.2898640396718957,0.9255539006039658,47.68318572142158,14.806944326200796,2.094763266301006,True,,,,,cis,12.06550271100098,12.06550271100098,1.0448580180819858,0.9255539006039658,,,1.2,0.1431,228.0,21.112808838909576,13.057196694612411,17.21434614291558,13.781818173148416,19.73287238315839,0.6984192623123088,239.0,5.431818181818182,0.0,291.0,,,,,True
4XOW,True,CRO,227.0,906.6376705877724,110.72277649530432,34.88831868118608,29.98699765304736,0.5111122360075628,0.9293294257873956,47.35872880366096,12.867729259616157,2.1595617712311013,True,,,,,cis,-1.8392933999676984,1.8392933999676984,1.1634482079482418,0.9293294257873956,,,1.25,0.1407,227.0,13.976404150479649,9.39040763733466,9.502249990403651,8.925681860948151,11.43837013135573,0.7803281200422421,232.0,5.2727272727272725,0.0,365.0,,,,,True
4XVP,True,CRO,158.0,645.2290894538434,94.4813922924628,31.29266840763096,30.149754700326284,0.267792426126989,0.9083040149859396,47.614049350386,76.08071521320811,2.168952306499756,True,488.0,507.0,gfp,keyword,cis,8.53297161274487,8.53297161274487,1.0379078940662925,0.9083040149859394,19.0,green,3.4,0.20918,228.0,113.40351434548695,23.551628211877883,109.59726889858162,93.00727289373224,113.65252506243402,0.8183476156173346,111.0,5.045454545454546,0.0,0.0,0.79,25000.0,19.75,,True
4Z4K,True,CR2,234.0,1103.852258544674,123.82041236322011,46.67058321881616,31.40379368803439,0.7397498650157032,0.90476610537002,53.723322404441774,58.42941170174554,1.301906550786316,True,488.0,507.0,gfp,keyword,cis,-0.4270034328437191,0.4270034328437191,1.4861447531607874,0.90476610537002,19.0,green,2.8,0.20596,283.0,35.83684659188082,17.621307814194918,34.70890070191512,18.85052650853208,36.07193489166971,0.5225815184337486,104.0,5.473684210526316,0.0,58.0,0.79,25000.0,19.75,,False
4Z4M,True,CR2,245.0,1097.075639010572,122.89175446024964,42.05555574744946,32.87327516560692,0.623700915508607,0.9128532089846552,67.7931527778129,87.03907998553736,2.240321545797732,True,488.0,507.0,gfp,keyword,cis,-11.372380840139687,11.372380840139687,1.2793235701518826,0.9128532089846554,19.0,green,2.15,0.23422,254.0,24.947228443310056,8.695596234650385,23.543043457001097,17.005789405421208,24.768337426658444,0.6865939006110956,98.0,5.157894736842105,0.0,175.0,0.79,25000.0,19.75,,False
4ZB1,True,CRQ,203.0,833.5280144315044,106.42590977408332,35.821897369364386,30.46643847803104,0.5259788943991007,0.924773384546722,48.37450808014903,51.177140876393615,1.8391823300813328,True,,,,,twisted,-44.177459632200005,44.177459632200005,1.1757822429817355,0.924773384546722,,,2.25,0.17374,227.0,27.284338504076004,7.881525861106492,25.35287610619469,25.863333384195965,26.87125205886558,0.962490818348858,122.0,5.083333333333333,0.0,226.0,,,,,True
4ZBL,True,4M9,222.0,785.0871745420611,103.91861223282172,33.183900666842774,28.77799885643533,0.4979117028855516,0.9135684017421152,51.804554217204256,62.428104168892055,2.1114725939775525,True,512.0,555.0,KillerOrange,manual_v2,,,,1.153099658957773,0.9135684017421156,43.0,orange,1.57,0.1443,226.0,16.50312769988802,8.77553315144394,13.934915979369348,,15.576147634921403,,,,0.0,158.0,,,,,True
4ZF3,True,CRO,179.0,709.0578298616745,97.11583780030875,33.07820268465738,29.987622110462315,0.4220609491350392,0.94473803202672,47.59109056252659,79.26930193564576,2.110038815786194,True,488.0,507.0,gfp,keyword,cis,12.81020176177942,12.81020176177942,1.1030618754234869,0.94473803202672,19.0,green,1.9,0.2153,217.0,32.22806247139749,9.395584049457211,30.20291658684059,23.73181811246005,32.38253405533153,0.7328585858015269,117.0,5.318181818181818,0.0,26.0,0.79,25000.0,19.75,,True
4ZF4,False,,172.0,690.4063051007673,96.60068989354124,32.02023709685324,30.49082213482891,0.3053630978965508,0.9297242458267128,48.24730454001762,83.01626662957844,2.213828674846816,True,488.0,507.0,gfp,keyword,,,,1.0501598466338928,0.9297242458267128,19.0,green,1.823,0.1983,227.0,20.7138577648278,6.110618527502834,19.291017684261355,,20.761633809586645,,,,0.0,99.0,0.79,25000.0,19.75,,True
4ZF5,False,,169.0,708.9488894873267,97.43343870049216,33.705631386492755,28.950589553576098,0.5121023899984969,0.9384447952385172,50.56590774069799,83.32762739160417,2.1934950640967976,True,488.0,507.0,gfp,keyword,,,,1.1642468048575298,0.9384447952385172,19.0,green,1.7,0.1976,225.0,22.39443960542648,8.858479437898533,19.50937780592177,,22.475552424502883,,,,0.0,58.0,0.79,25000.0,19.75,,True
4ZFS,True,4M9,197.0,782.0562356675595,102.78708634624006,34.30220529673456,30.306794851437083,0.468387362159876,0.9301880078262468,56.38862077169523,43.67432516511632,1.8148764580379508,True,,,,,,,,1.1318321671718454,0.9301880078262468,,,2.01,0.1919,234.0,43.44012665144417,15.255819920886902,40.08000006052009,,42.41991860540725,,,,0.0,862.0,,,,,True
5AQB,True,CRO,192.0,1606.8498864524402,202.53812297268408,39.79264191518737,31.653250000207738,0.6060128561615011,0.4922340004986982,48.37839895359559,59.57458505337512,2.175680815694788,True,,,,,trans,-172.79650249927204,7.203497500727963,1.2571423760569993,0.916652139850287,,,1.37,0.1564,228.0,27.537369851560925,11.367101649015767,23.70325302981947,18.011818105524238,26.08176226362322,0.6905905330885443,111.0,0.069079259323385,1.0,717.0,,,,,False
5B61,False,,161.0,675.0870695717933,95.17990833376425,32.02034558043346,29.976179141662904,0.3515732185292827,0.9364381306355912,47.017803020429895,15.665889687884029,2.1784910322648385,False,488.0,507.0,gfp,keyword,,,,1.068193028508074,0.9364381306355912,19.0,green,3.115,0.1855,227.0,19.16921962716242,9.195993740815515,17.028986794307894,,19.16921962716242,,,,0.0,0.0,0.79,25000.0,19.75,,True
5BQL,True,NRQ,161.0,718.7411860174337,99.67438899455624,32.71468808291025,29.721036773829937,0.4179019542133134,0.9091074813639444,48.69002170406099,73.89941607475863,1.948725667531268,True,,,,,trans,-177.2019895703908,2.7980104296092065,1.100724995963677,0.9091074813639444,,,2.39,0.1925,226.0,75.52561501672895,17.454552285360577,74.54955740734539,65.36434787252675,75.70662186139104,0.863390100699518,117.0,5.086956521739131,0.0,44.0,,,,,True
5BT0,True,CRO,183.0,755.2842162855057,100.68215314451432,34.00768630487076,31.32031636856048,0.3896155945790432,0.9363005615103188,54.51332576515691,73.1841453115222,2.3280294431635364,True,488.0,507.0,gfp,keyword,cis,-5.496802372943349,5.496802372943349,1.08580277110508,0.9363005615103188,19.0,green,2.03,0.1716,231.0,38.97348972406322,14.39132615516711,36.39564653922771,25.625,38.43628428717738,0.6666877528676383,95.0,4.318181818181818,0.0,345.0,0.79,25000.0,19.75,,True
5BTT,True,CRO,179.0,730.1888625799537,98.25624936975028,32.72121823193549,31.17535533978558,0.3037349771131094,0.950439996335242,48.42740874787113,61.2153354735258,2.25326801275604,True,488.0,507.0,gfp,keyword,cis,3.236706695993655,3.236706695993655,1.0495860552446403,0.950439996335242,19.0,green,2.14,0.1689,228.0,45.0591234096652,15.515483803985486,41.78691626225274,30.97318189794367,43.89104026009306,0.7056834769556679,96.0,4.363636363636363,0.0,265.0,0.79,25000.0,19.75,,True
5DPG,True,CRO,186.0,777.0234304826439,101.92845678590236,33.12480965688801,32.04537724123834,0.2532029841543068,0.9398381735771728,52.64789542228625,45.777828461371726,2.320054056131186,True,488.0,507.0,gfp,keyword,cis,8.504279269277088,8.504279269277088,1.0336844970656354,0.9398381735771728,19.0,green,1.85,0.1487,233.0,27.80204397991955,11.922289445764171,23.290338984990523,21.014999996532097,26.7222497358004,0.7864233065817745,113.0,5.136363636363637,0.0,199.0,0.79,25000.0,19.75,,True
5DPH,True,CRO,188.0,829.418199223006,106.2212305638068,35.810218004889045,30.67060924018573,0.5161860613712097,0.923763435068708,53.37510057037315,63.07923108624844,2.3484192313093586,True,488.0,507.0,gfp,keyword,cis,5.935370533820947,5.935370533820947,1.167574394250024,0.9237634350687084,19.0,green,1.42,0.1798,233.0,29.36896392749924,12.758632424691111,27.57030045832688,16.049091035669502,28.566181125630465,0.5618213707001164,110.0,5.0,0.0,567.0,0.79,25000.0,19.75,,True
5DPI,True,CRO,167.0,683.4992022806288,96.79618758021768,31.270926733258484,30.35823845913509,0.2398355877768594,0.9167087380511304,44.99887879498209,27.10129374906608,2.120280390249513,True,488.0,507.0,gfp,keyword,cis,4.5344622771252245,4.5344622771252245,1.0300639404803396,0.9167087380511304,19.0,green,2.54,0.1889,226.0,46.65945609076792,11.373791487022691,45.04176998138428,35.10545453158292,46.76817511973408,0.7506269902921653,116.0,5.2727272727272725,0.0,168.0,0.79,25000.0,19.75,,True
5DPJ,True,CRO,165.0,695.6268462666138,96.71942241793546,31.45110850421089,30.36362441677961,0.2606882742878295,0.9344558982485308,46.22496736451788,81.905710012838,2.100458123889766,True,488.0,507.0,gfp,keyword,cis,22.76464483792774,22.76464483792774,1.0358153582887262,0.9344558982485308,19.0,green,2.5,0.18,227.0,39.327180592537935,8.395775626539674,37.89851535980358,33.70363642952659,39.40299386983486,0.855357248762982,113.0,5.136363636363637,0.0,188.0,0.79,25000.0,19.75,,True
5DQB,True,CRF,216.0,871.6928865712147,109.62339468998792,32.09980968183961,30.72556965621595,0.2894652262825058,0.9115214073167294,49.541139941138255,22.51067574776567,2.2006278702940607,True,439.0,476.0,cfp,keyword,cis,-0.5051279329487195,0.5051279329487195,1.0447262667869086,0.9115214073167296,37.0,cyan,1.25,0.1792,229.0,14.963390601478908,9.93083056111842,10.564255341063154,9.67395837108294,12.481990234195022,0.7750333231779544,241.0,5.020833333333333,0.0,313.0,,,,,True
5DQM,True,CRF,179.0,730.1693361916344,99.05359600480472,33.17510593392839,30.1341890342158,0.4182381995422719,0.9351751572660354,46.759464636724616,61.71800611094751,2.1142732486411435,True,439.0,476.0,cfp,keyword,cis,0.9525035431251212,0.9525035431251212,1.1009125182117825,0.9351751572660354,37.0,cyan,1.3,0.1622,228.0,18.11605558623226,11.268708709426486,14.341567855770306,15.355833252271015,17.451155921464327,0.8799321558627452,126.0,5.25,0.0,167.0,,,,,True
5DRF,True,CRF,203.0,805.2310725647404,103.82657583447234,34.08210277226493,31.38049901236557,0.3901944388350742,0.9386708398405356,46.97405139753519,63.59492588043775,2.134066527182049,True,439.0,476.0,cfp,keyword,cis,-4.94177414959174,4.94177414959174,1.0860918036655436,0.9386708398405356,37.0,cyan,1.14,0.1346,228.0,13.450287909857389,9.27113204046366,8.94137499332428,11.106250067551931,11.252196413410754,0.9870295237928056,130.0,5.416666666666667,0.0,298.0,,,,,True
5DRG,True,CRF,203.0,805.2310725647404,103.82657583447234,34.08210277226493,31.38049901236557,0.3901944388350742,0.9386708398405356,46.97405139753519,63.59492588043775,2.134066527182049,True,439.0,476.0,cfp,keyword,cis,-4.94177414959174,4.94177414959174,1.0860918036655436,0.9386708398405356,37.0,cyan,1.14,0.1346,228.0,13.450287909857389,9.27113204046366,8.94137499332428,11.106250067551931,11.252196413410754,0.9870295237928056,130.0,5.416666666666667,0.0,298.0,,,,,True
5DTL,True,5SQ,158.0,689.8871587537257,98.80658870464416,34.312937981436505,27.709610106631764,0.5897912536352568,0.8880064375705394,46.42550937167626,53.234792242223705,1.91917239432959,True,506.0,516.0,eos,keyword,,,,1.2383046116272982,0.8880064375705398,10.0,green,2.7,0.21088,220.0,33.334912858237885,9.076754477395554,32.05913233648152,30.860800247192383,33.602355282639536,0.9184118192791216,138.0,5.52,0.0,471.0,,,,,True
5DTX,True,PIA,191.0,872.5304844667448,107.85198247074491,34.724858419576606,32.67870393360975,0.338197311928459,0.9426147002735142,55.45676651530224,56.617707110668256,2.5952593894615754,True,488.0,507.0,gfp,keyword,cis,3.118467495400662,3.118467495400662,1.0626143096165577,0.9426147002735142,19.0,green,1.45,0.1743,246.0,18.92775145105054,10.773625237363063,15.676269856710285,9.694499897956849,17.55870127844644,0.5521194161356905,96.0,4.8,0.0,343.0,0.79,25000.0,19.75,,False
5DTY,True,PIA,208.0,859.753900973425,106.6290651369262,34.97011361232481,32.578822445078,0.36343641767422,0.950238923423773,54.9148027965128,56.52130991418037,2.541074065071866,True,488.0,507.0,gfp,keyword,twisted,-142.74896747283125,37.251032527168746,1.073400171883993,0.9502389234237728,19.0,green,1.5,0.1783,246.0,21.94268015673831,10.943071088886498,18.586442642061137,13.055999946594238,20.563268652009725,0.6349185125934843,94.0,4.7,0.0,342.0,0.79,25000.0,19.75,,False
5DTZ,True,PIA,186.0,785.7238447096535,102.91856897439745,35.61160734218403,31.147873194584268,0.4847458041862089,0.9321639841868404,48.9851258371377,17.01571206189868,2.283311771586205,True,478.0,503.0,rsFolder,manual_v2,cis,-1.9049433552219392,1.9049433552219392,1.1433078309942484,0.9321639841868404,25.0,green,1.5,0.17379,231.0,25.557809080428896,11.694516182638813,22.02215521088962,14.77650008201599,24.5455773687051,0.6020025465302601,101.0,5.05,0.0,1004.0,,,,,True
5DU0,True,PIA,165.0,683.8650896201214,95.24376503951066,33.023712891395405,29.3011898720484,0.4612364288733365,0.9473428643226048,46.89938482383637,16.53362416723293,2.1936111508875062,True,478.0,503.0,rsFolder,manual_v2,trans,166.1750109614338,13.8249890385662,1.1270434079845364,0.9473428643226048,25.0,green,2.35,0.20832,228.0,43.95349255640795,12.610787579182665,41.95202648482134,34.185000038146974,44.27071665551927,0.7721808595091966,87.0,4.35,0.0,206.0,,,,,True
5DY6,True,CRO,185.0,758.6219773690663,101.26173204174076,36.03561951269962,30.84286153985152,0.5171425210962879,0.9297037464203828,50.84716238390705,80.2566159848645,2.1942909633038705,True,488.0,507.0,gfp,keyword,cis,-3.916477631623557,3.916477631623557,1.1683617444554757,0.9297037464203828,19.0,green,2.66,0.1941,226.0,112.13985846412928,23.88983831652779,108.5439111328125,85.19090895219283,112.09376775888958,0.7599968370715844,104.0,4.727272727272728,0.0,0.0,0.79,25000.0,19.75,,True
5EHU,True,CRO,184.0,746.5953765542865,100.09878867862314,33.89772356551433,30.969365673037075,0.406587243009305,0.9363484936649172,49.53422965769356,16.857774719391543,2.1993297652566155,True,488.0,507.0,gfp,keyword,cis,7.542616754501784,7.542616754501784,1.0945565990402826,0.9363484936649172,19.0,green,1.45,0.1747,229.0,20.816114478912283,11.16436875576958,16.512692345513237,10.683636405251242,19.279437481803622,0.5541466868696093,115.0,5.227272727272728,0.0,553.0,0.79,25000.0,19.75,,True
5EXB,True,5SQ,211.0,855.0648332560294,109.1335900330544,38.05532728924663,29.63726454457953,0.627279636616542,0.9021775702734725,57.535273536178096,32.27776146432047,1.7758247619371796,True,488.0,507.0,green fluorescent,keyword,,,,1.2840364275861185,0.9021775702734725,19.0,green,1.81,0.1821,227.0,15.715306320917302,6.380795695712048,14.570603502207788,8.855200023651124,15.129124123072636,0.5853081745919793,136.0,5.44,0.0,1918.0,,,,,True
5EXC,True,RC7,147.0,660.5697488800057,95.4862724010872,34.02867700148798,26.571625428925,0.6247063271437647,0.9104302219225472,54.4538185317339,32.115904979105174,1.886101749377031,True,558.0,583.0,red fluorescent,keyword,trans,-174.71258016355384,5.287419836446162,1.2806396466979202,0.9104302219225472,25.0,red,2.14,0.1945,167.0,25.77631756771435,9.728537746308008,26.129760490920017,16.885416587193806,26.10925088709051,0.6467216030139973,88.0,3.6666666666666665,0.0,643.0,,,,,False
5F9G,True,CRO,171.0,724.1277316635576,101.470803491995,34.44395519116598,30.464380653799324,0.4666116131690701,0.8837773056104192,47.64163835509751,79.65430446707516,2.190797132388167,True,488.0,507.0,gfp,keyword,cis,-1.807081056547866,1.807081056547866,1.1306304100710596,0.8837773056104195,19.0,green,2.772,0.2028,229.0,74.39564252569146,18.385637448606744,73.37493438387541,58.25285738990421,74.7427272407805,0.7793782691691878,97.0,4.619047619047619,0.0,16.0,0.79,25000.0,19.75,,True
5FGU,True,CR2,355.0,1639.620320747391,156.09088349174394,61.572622852319135,34.64935786729449,0.8266341732918211,0.8456644587194825,77.39033558930313,72.92260766271586,2.0426042903866164,True,488.0,507.0,gfp,keyword,trans,-169.39819550290846,10.601804497091535,1.777020604195309,0.8456644587194826,19.0,green,1.896,0.1768,495.0,35.95051367450423,17.822692414217066,33.63913735782399,25.731578927291068,35.42853603466457,0.7262952920807779,84.0,4.421052631578948,0.0,327.0,0.79,25000.0,19.75,,False
5FHV,True,CH6,210.0,847.909647475491,108.3769464165622,34.58988428580758,29.04670816495424,0.5429798182088714,0.9071636087622597,49.87032729896876,72.35981832931427,2.012348054560376,True,587.0,610.0,mcherry,keyword,cis,16.45742685099945,16.45742685099945,1.190836637644928,0.9071636087622594,23.0,red,1.55,0.1567,222.0,17.79741922361882,9.903146172227428,12.369872887255784,21.42130441251009,15.398540341423828,1.3911256481164216,121.0,5.260869565217392,0.0,315.0,0.22,72000.0,15.84,,True
5FVF,True,5SQ,180.0,718.8662288078624,97.98889765032206,32.9138432385879,29.6810608750656,0.4321943916265159,0.940814932072638,54.27012132729452,88.87592702308923,2.047858933926028,True,488.0,516.0,IrisFP,manual_v2,,,,1.108917345546705,0.940814932072638,28.0,green,2.75,0.1759,223.0,66.66821385680967,19.70473792122584,64.2606521440589,49.70080017089844,65.8365363267035,0.7549121345671347,140.0,5.6,0.0,344.0,,,,,True
5FVG,True,5SQ,194.0,837.0920144953733,110.18914247895462,33.29953358111988,30.6546104739743,0.3905734521573191,0.8663740914465873,52.08746164000157,89.95045165145552,2.019882673693221,True,488.0,516.0,IrisFP,manual_v2,,,,1.0862814130158696,0.8663740914465873,28.0,green,1.9,0.19,223.0,35.73930336920571,13.923624255954012,31.972142940809743,27.31840003967285,34.78999475921454,0.7852372565373053,148.0,5.92,0.0,781.0,,,,,True
5FVI,True,5SQ,214.0,859.6345370325057,108.80060513151491,35.26369616174361,31.30476341879702,0.4603577774030651,0.9125593052380118,49.93784146355838,89.94393683504867,1.995776606557139,True,,,,,,,,1.1264642281426551,0.912559305238012,,,2.397,0.1585,223.0,41.04638108059614,19.05838341384988,35.34732224851473,27.283199920654297,39.3564811449091,0.6932327059474289,146.0,5.84,1.0,915.0,,,,,True
5H87,True,CH6,161.0,658.2136270613339,95.64291145343476,33.413288775245434,28.712814453891863,0.5114329150271543,0.904213855222166,46.76642109591105,64.89772017071466,2.06248864763855,True,,,,,cis,6.883858501084447,6.883858501084447,1.1637064986750698,0.904213855222166,,,2.24,0.181,214.0,55.29278793080224,15.12828659575793,47.59544179162314,79.29913097879161,54.86956694699506,1.445229758335726,127.0,5.521739130434782,0.0,217.0,,,,,True
5H88,True,CH6,167.0,718.7311765593602,101.4867798092046,33.15589714453196,28.960875653588964,0.4868674647754303,0.8769148058560017,46.382250734399165,59.74860372814424,2.034165005263592,True,,,,,cis,5.009596511775951,5.009596511775951,1.1448513346461309,0.8769148058560017,,,2.06,0.168,214.0,40.4748077754014,13.577882126745497,33.675972134978686,47.40217391304348,39.836623884151,1.1899144378021056,126.0,5.478260869565218,0.0,425.0,,,,,True
5H89,True,CH6,171.0,703.4808626829179,98.14325735914872,33.19169049675762,29.703163437763173,0.4462715818372384,0.9177855494058276,46.12286984489764,80.71683967268443,2.078254940551129,True,,,,,cis,4.510068208525752,4.510068208525752,1.11744631396935,0.9177855494058278,,,1.76,0.184,216.0,24.256073691970425,14.778650724356424,17.316334886248836,20.388695633929707,23.654676594867937,0.8619308554974364,126.0,5.478260869565218,0.0,552.0,,,,,True
5HBD,True,PIA,209.0,944.3116272868486,112.0153990149738,37.42066925820016,31.61680782341061,0.5349207233215331,0.9457356073656462,62.723054206954245,30.138618836074688,2.277163927705564,True,488.0,507.0,green fluorescent,keyword,cis,-3.3894338717022428,3.3894338717022428,1.1835688620813922,0.9457356073656464,19.0,green,1.65,0.17314,240.0,20.67114665349325,9.324207902343096,16.821487588330733,14.639999866485596,19.068112600583103,0.7677739361596754,110.0,5.5,0.0,312.0,,,,,True
5HGE,True,PIA,206.0,931.6882450712368,111.48651503259126,39.121590547242896,30.69511257350721,0.6199921774324828,0.9419672422909812,69.04453988915704,64.18943180567125,2.5523533713580693,True,488.0,507.0,green fluorescent,keyword,cis,13.335092515145828,13.335092515145828,1.2745218136456204,0.9419672422909816,19.0,green,1.863,0.1689,243.0,24.936848342136184,14.391709988328971,19.604586798297472,18.64149980545044,24.429921762111228,0.7630601516850477,101.0,5.05,0.0,164.0,,,,,True
5HW9,True,PIA,204.0,888.676720126043,109.14529963287264,38.94144905021455,30.2370581468589,0.6301481683918252,0.9374402416153412,70.80131360994959,39.23392428249599,2.498910840963601,True,488.0,507.0,green fluorescent,keyword,cis,10.815528692909924,10.815528692909924,1.287871619688633,0.9374402416153412,19.0,green,3.0,0.1864,245.0,49.97939225723843,14.93053654944051,44.01491806937046,54.82749996185303,49.966765033532376,1.097279360091826,110.0,5.5,0.0,6.0,,,,,True
5HZO,True,GYS,164.0,689.8721079471147,97.5225798194993,32.24321924419226,30.619453031315857,0.3133428384890304,0.9115239575205658,50.50865390323602,39.77501486259099,2.230337444054138,True,488.0,507.0,gfp,keyword,cis,8.83456975846429,8.83456975846429,1.0530305427473086,0.9115239575205658,19.0,green,2.49,0.175,230.0,39.83225243913984,10.391664178467606,39.63917020939323,32.59952363513765,40.02467044808648,0.8144857476695648,104.0,4.9523809523809526,0.0,111.0,0.79,25000.0,19.75,,True
5HZS,True,GYS,163.0,741.8417318098717,101.12488814377318,31.860489233706552,30.1388895447954,0.3242704068221974,0.9116014686151171,46.590682959213424,61.8696701072974,2.048905882347178,True,503.0,518.0,dronpa,keyword,cis,-0.5134057577452151,0.5134057577452151,1.0571222004165863,0.9116014686151171,15.0,green,2.17,0.1659,215.0,31.40412305460321,10.867657518451468,29.63490656380341,24.22190457298642,31.29423324707298,0.7740053696714857,118.0,5.619047619047619,0.0,1346.0,,,,,True
5HZT,True,GYS,158.0,646.1246952040681,95.08167243821546,31.66456053474928,29.070570338456577,0.3963972985336171,0.8981163031653637,46.82431734970333,60.19014139410653,2.0337064160170018,True,503.0,518.0,dronpa,keyword,cis,4.867196619402257,4.867196619402257,1.0892307982296856,0.8981163031653637,15.0,green,2.84,0.2141,215.0,52.26821364403319,22.18144229289599,49.69551398375324,33.37428565252395,52.50407577603621,0.63565133104879,110.0,5.238095238095238,0.0,61.0,,,,,True
5HZU,True,GYS,175.0,758.9199838530787,103.81243259400726,32.75385335334383,30.7749491382744,0.3423224021572555,0.8849263299378038,46.84067609720343,71.24258189315094,2.0219615610319144,True,503.0,518.0,dronpa,keyword,cis,11.691623829771732,11.691623829771732,1.0643024365752172,0.8849263299378038,15.0,green,1.89,0.1509,215.0,23.70944529290056,9.710837935402129,20.98355147548925,18.49666681743804,23.184746328526263,0.7977946601330691,123.0,5.857142857142857,0.0,2004.0,,,,,True
5J2O,True,CRF,175.0,770.9229747693485,100.97355194132552,32.88235484315841,29.512016433179053,0.4410080832303018,0.950179344381338,47.35136633941659,50.071981323794255,2.186071310980318,True,433.0,475.0,cerulean,keyword,cis,5.193241962613799,5.193241962613799,1.1142022408943306,0.9501793443813378,42.0,cyan,1.5,0.1694,226.0,12.095572263609426,7.947615323861829,8.771600002712674,5.732083320617676,11.126495246849892,0.5151742029675095,125.0,5.208333333333333,0.0,249.0,,,,,True
5J3N,True,GYS,297.0,1496.6683856222292,147.1243449449357,48.25477920096341,39.61939203918445,0.5708620793884476,0.8688931324997144,75.08649078533193,61.92298517115965,2.79722194043,True,488.0,507.0,gfp,keyword,cis,7.219074769489856,7.219074769489856,1.2179585984872854,0.8688931324997144,19.0,green,2.45,0.19194,386.0,42.84750965069502,16.495620786911868,43.27468917036303,26.76714297703334,43.36202955581885,0.6172945143763778,110.0,5.238095238095238,0.0,198.0,0.79,25000.0,19.75,,False
5JZK,True,CRO,186.0,744.0450230745249,98.70460614005638,33.70809099898364,31.2045722429294,0.3781864642960432,0.959697227759608,52.522248719858354,49.93592759128703,2.210546425172658,True,488.0,507.0,green fluorescent,keyword,cis,7.5563923502585135,7.5563923502585135,1.0802292284785766,0.959697227759608,19.0,green,1.9,0.14232,236.0,33.778140081142965,10.267089666688737,30.50485235930495,25.059545516967773,32.49918758467771,0.7710822140299445,116.0,5.2727272727272725,0.0,380.0,,,,,True
5JZL,True,CRO,173.0,774.5947340223893,103.19686171020672,32.21638893994123,31.35773684485134,0.229335853311277,0.9140110024652308,48.15386504849896,65.12944960732153,2.1479241443245995,True,488.0,507.0,green fluorescent,keyword,cis,17.07317034050855,17.07317034050855,1.0273824638346272,0.9140110024652308,19.0,green,1.8,0.17454,232.0,17.555728074110153,9.539481073722676,14.3529914525839,11.204090855338356,15.630504889545172,0.7168092735655951,108.0,4.909090909090909,0.0,596.0,,,,,True
5KTG,True,CR2,175.0,816.4597645591853,107.4165274014749,35.7058272963339,30.93328560218289,0.4994596046994909,0.889206103315429,91.97824271116887,85.43377859692752,7.772018097842635,True,488.0,507.0,gfp,keyword,cis,29.40959237079072,29.40959237079072,1.154284991110489,0.889206103315429,19.0,green,2.802,0.244,309.0,77.2767291245781,31.216694767528463,75.9734414459823,56.23157922845138,77.44087438238861,0.7261227313988,107.0,5.631578947368421,0.0,0.0,0.79,25000.0,19.75,,False
5LEL,True,CRO,162.0,688.3314949399589,96.03865398033903,31.79637018769275,30.43943838033336,0.2890158328528532,0.9378111159192392,49.02154285820816,31.480228595701053,2.165398436354774,True,488.0,507.0,green fluorescent,keyword,twisted,-149.7161797662186,30.2838202337814,1.0445780828938056,0.7845534602982848,19.0,green,3.1,0.258,226.0,77.9048380278284,23.52901596299441,77.21809760237161,63.614091179587625,78.07959980140335,0.8147338272915209,110.0,0.1598067222096164,0.0,0.0,,,,,True
5LEM,True,CRO,163.0,693.9692962436176,97.529641516665,32.25720402917798,31.48304849983172,0.2177681084051325,0.916804770199105,50.86127111545538,4.260781095191085,2.221798577958732,True,488.0,507.0,green fluorescent,keyword,cis,-2.7443148994927733,2.7443148994927733,1.0245895987280391,0.8149649390633534,19.0,green,2.98,0.2447,227.0,131.41409439145377,27.23728251713997,129.17290812757048,124.32181826504794,131.50053764618005,0.9454092012882302,103.0,0.1484215520161023,0.0,1.0,,,,,True
5LK4,True,NRQ,192.0,725.7882676544241,100.39377367161138,33.74990395640431,29.99885227360566,0.4581839169833998,0.904911795729565,46.24838446391177,51.76461714826484,1.92945950794665,True,569.0,594.0,mscarlet,keyword,trans,178.5249318648172,1.475068135182795,1.1250398398107715,0.904911795729565,25.0,red,1.47,0.1368,217.0,17.55138628106368,9.204950940379886,13.124458356698351,14.597826045492422,15.505081434591585,0.9414865769698512,124.0,5.391304347826087,0.0,196.0,0.7,100000.0,70.0,,True
5LTP,True,CR2,189.0,783.6127649420521,101.51829543548382,33.21105505415426,31.71790609554528,0.2964750305254116,0.95548248839171,48.92722973179737,48.91297623180335,1.8490701757748085,True,488.0,507.0,green fluorescent,keyword,cis,-1.7844916415295082,1.7844916415295082,1.047075899465466,0.95548248839171,19.0,green,1.7,0.18587,226.0,28.197981984849115,10.77534734770984,27.9029674956469,17.910526426214922,27.92130931442333,0.6414644178940015,98.0,5.157894736842105,0.0,910.0,,,,,True
5LTQ,True,CR2,186.0,771.2156787667209,102.92219313874551,34.514053102091395,31.989854784153025,0.3753957543415195,0.9148874083304598,48.10792940182008,57.56832229420333,1.895565140422134,True,514.0,527.0,yfp,keyword,cis,1.6835402070454912,1.6835402070454912,1.078906213703377,0.9148874083304598,13.0,yellow,2.05,0.22535,222.0,32.2966703607653,5.656555147498596,32.562612550752654,26.781052840383428,32.45630595933952,0.8251417420680619,93.0,4.894736842105263,0.0,553.0,,,,,True
5LTR,True,CR2,218.0,799.7413680882361,102.85986123184684,35.98801756768298,31.50110915751568,0.4835401966288702,0.94987740506112,48.803629205982986,32.39120818366888,2.292054881581259,True,488.0,507.0,green fluorescent,keyword,cis,-4.123018906323349,4.123018906323349,1.1424365214485406,0.9498774050611204,19.0,green,1.21,0.15798,217.0,16.262017103864167,7.638625491421104,13.905857744576045,9.45421058253238,15.16479610061438,0.6234314342115921,98.0,5.157894736842105,0.0,228.0,,,,,True
5MA3,True,CRO,175.0,767.7189678674027,101.121325795463,32.0319313780741,31.93329316903809,0.0784172175090387,0.9434668056321472,50.103067085924735,34.34632124242025,2.224647956328455,True,488.0,507.0,gfp,keyword,trans,-171.47202609157986,8.527973908420137,1.0030888830824265,0.8039289320193643,19.0,green,1.7,0.1612,227.0,36.89504191651022,17.59241914663469,30.908766565869037,26.18454534357244,36.14579447110494,0.7244147134324146,111.0,0.1445841572839339,0.0,393.0,0.79,25000.0,19.75,,True
5MA4,True,CRO,189.0,843.6062888972332,106.18686852437192,33.90620510690992,32.55417842892232,0.2795727686316632,0.9401735859585504,50.00673581873933,33.23834805509756,2.33101987684716,True,488.0,507.0,gfp,keyword,trans,-173.50696335170164,6.493036648298357,1.041531586519364,0.8765278177593205,19.0,green,1.4,0.1418,229.0,22.360187207920735,9.742705558755722,19.1340650736801,12.163181825117633,20.499754726368977,0.593333041661813,111.0,0.1315779664766366,0.0,725.0,0.79,25000.0,19.75,,True
5MA5,True,CRO,183.0,808.1473365351578,104.23412106871112,33.65478584431825,31.06725371512077,0.3845228402005011,0.9347179711614888,47.47074108253396,75.12736592797577,2.173374613387409,True,488.0,507.0,gfp,keyword,trans,-169.19866400923897,10.801335990761032,1.0832880869652826,0.7715448700247993,19.0,green,1.85,0.1541,227.0,31.892612024530894,12.965313946491452,28.321545048333032,21.630909139459785,30.954083299817363,0.6988063232222229,111.0,0.1373511920188962,0.0,779.0,0.79,25000.0,19.75,,True
5MA6,True,CRO,169.0,832.7384624269332,106.29896131002754,32.83813744499032,31.94680129477929,0.2314084803151377,0.9261054639888756,47.58214592081914,86.13002027229432,2.112741475360547,True,488.0,507.0,gfp,keyword,trans,-165.99667440794,14.003325592060008,1.0279006383764842,0.9261054639888756,19.0,green,2.3,0.20502,227.0,87.56154597963751,19.722929824455203,84.43252229268572,79.58636405251242,87.3508863778683,0.911111121508629,97.0,4.409090909090909,0.0,45.0,0.79,25000.0,19.75,,True
5MA8,True,CRO,156.0,647.5989981392578,94.58093604989374,30.9591556829136,30.031359660150265,0.2429787517361095,0.9097222494715628,47.56376789678871,25.22520929030285,2.1845947677293167,True,488.0,507.0,gfp,keyword,trans,-164.25332286420047,15.74667713579953,1.0308942396635628,0.9097222494715628,19.0,green,2.35,0.1894,226.0,55.61519872233128,13.682860531223705,55.516266708374026,27.65818179737438,56.23454699526964,0.4918361269932688,110.0,5.0,0.0,181.0,0.79,25000.0,19.75,,True
5MA9,True,CRO,185.0,809.1339257641949,103.78640619912802,33.91500726384632,31.489670873349308,0.3713628734675083,0.9439507307385264,48.07849707371194,43.66960242915905,2.163240340580508,True,488.0,507.0,gfp,keyword,trans,-167.902011035269,12.097988964731002,1.077020061602157,0.8222593412497571,19.0,green,1.57,0.1584,226.0,25.43989589481742,12.835457102648638,21.06696033897904,19.916818098588426,23.91833518162684,0.8327008526031431,115.0,0.1421272750260558,0.0,2095.0,0.79,25000.0,19.75,,True
5MAD,True,CRO,195.0,794.7289920376976,102.89524898927787,33.64856894702421,31.746813777126462,0.3314242231714294,0.9432748944563536,52.78213583730616,88.75563528126683,2.335338324729212,True,488.0,507.0,gfp,keyword,trans,-170.22001537573158,9.779984624268424,1.0599038121824989,0.9432748944563536,19.0,green,1.53,0.1706,232.0,36.34557542939766,16.81636541721352,32.215875029563904,24.816818237304688,35.746506888949334,0.6942445681308389,110.0,5.0,0.0,1246.0,0.79,25000.0,19.75,,True
5MAK,True,CRO,160.0,740.3267582784684,99.88936041791324,31.691681856663475,30.270748216257896,0.2960777907354887,0.9323840723653868,47.98437331113432,74.05148897776596,2.1894440747837427,True,488.0,507.0,gfp,keyword,trans,-178.3426292214209,1.657370778579093,1.046940816601369,0.8177009944410408,19.0,green,2.5,0.255,227.0,47.285288532574974,17.142563098070802,46.110220308345845,30.090454535050824,47.48376810114074,0.6336998039194774,119.0,0.1607398336873824,0.0,143.0,0.79,25000.0,19.75,,True
5MFC,True,CRO,176.0,739.4916208790916,99.40288272909756,33.549356371323526,30.789796646066048,0.3971672006194375,0.9404704682211472,68.92184609535042,58.248519143835125,2.475403752598421,True,488.0,507.0,gfp,keyword,trans,-177.92426680830084,2.075733191699157,1.089625786002392,0.9040737125623558,19.0,green,2.4,0.218,240.0,72.62039798765399,21.479025454744367,66.19591668446859,56.77181798761541,73.09795408109534,0.7766539939631196,102.0,0.1379325973683713,0.0,78.0,0.79,25000.0,19.75,,True
5MSE,True,CRO,173.0,806.7604373062546,106.1157160538122,33.67408441842719,30.17942297484052,0.4436077620975051,0.9003161461438766,46.7084613700852,6.329329750231002,2.1858030624790405,True,488.0,507.0,gfp,keyword,cis,5.038434493578982,5.038434493578982,1.11579616503934,0.9003161461438762,19.0,green,1.66,0.17375,227.0,27.57952218626457,12.011245873617373,23.47308365994088,18.854090864008125,26.33010927627647,0.7160658038360568,111.0,5.045454545454546,0.0,788.0,0.79,25000.0,19.75,,True
5N9O,True,CRO,198.0,773.3130810896125,101.3379241014928,34.41394083846078,31.00770077588929,0.4337744195721967,0.9462833823137508,52.789901482871166,30.909246694562324,2.2841102689820945,True,488.0,507.0,gfp,keyword,cis,-7.838553703713699,7.838553703713699,1.1098514232703152,0.9462833823137504,19.0,green,1.53,0.16721,235.0,21.96505742022511,12.243457835867066,17.572697109206583,12.819090886549516,19.62548353381638,0.6531859897597494,119.0,5.409090909090909,0.0,293.0,0.79,25000.0,19.75,,True
5NHN,True,CRO,173.0,730.8085702232829,98.02547284706505,32.42670661844778,31.73257129189148,0.2058017034619028,0.9557308480874316,47.61329493183637,60.15333067990654,2.2115486785483616,True,488.0,507.0,green fluorescent,keyword,cis,1.5014115725161334,1.5014115725161334,1.0218745376846807,0.9557308480874314,19.0,green,1.96,0.17952,228.0,44.38719700934584,9.64969210866954,41.89960354540317,35.58681817488237,43.73576516420495,0.8136777312863387,103.0,4.681818181818182,0.0,245.0,,,,,True
5NI3,True,CRO,192.0,790.0245097267201,102.66296046051076,34.34134056243102,31.71185123242996,0.3837650020104395,0.94193917969775,48.424344822057336,55.25099391506348,2.182722471930594,True,488.0,507.0,gfp,keyword,cis,-2.5979086330438395,2.5979086330438395,1.082918190764973,0.9419391796977504,19.0,green,1.28,0.17411,229.0,25.210338185347545,9.452460210627311,22.17277054146771,15.353181795640426,23.44928492912234,0.654739871260333,114.0,5.181818181818182,0.0,975.0,0.79,25000.0,19.75,,True
5O89,True,PIA,192.0,924.2179118813972,111.08737143098789,34.52612235259185,33.84687982664671,0.1973817312017646,0.9411413696882956,54.75715130131117,55.33744247586736,2.591673041150878,True,488.0,507.0,gfp,keyword,cis,6.440017220118664,6.440017220118664,1.0200680987265005,0.9411413696882956,19.0,green,1.7,0.1675,244.0,26.934704822170577,21.74339132712241,22.10078183319343,11.875999879837035,25.17339173297292,0.471767968568235,104.0,5.2,0.0,309.0,0.79,25000.0,19.75,,True
5O8A,True,PIA,369.0,862.9507295054456,107.4974932214217,33.680723619934305,32.27836486055177,0.2855521765404605,0.9384241820358656,54.98394534966674,55.54050298688012,2.595508903500282,True,488.0,507.0,gfp,keyword,cis,19.269615211249423,19.269615211249423,1.0434457806472222,0.9384241820358656,19.0,green,1.7,0.1512,244.0,24.56483581188354,23.8523347488882,19.76191351148817,11.865500020980836,23.32309535889281,0.5087446515308554,410.0,10.25,2.0,311.0,0.79,25000.0,19.75,,True
5O8B,True,PIA,248.0,864.1565695012962,107.39994903494194,33.93913270429991,30.24706414438487,0.4535811109721646,0.9414432573751548,54.5967178704266,55.63945896962937,2.5384854052583083,True,488.0,507.0,gfp,keyword,trans,-177.64775525877212,2.352244741227878,1.12206369987814,0.9414432573751548,19.0,green,1.7,0.29,244.0,27.22478280136492,16.39089314921967,22.0130119879083,19.04149994850159,25.60632264040754,0.7436249326349397,228.0,5.7,0.0,311.0,0.79,25000.0,19.75,,True
5O8C,True,PIA,406.0,839.5362953749503,104.84917297960966,32.719220685928,30.315923118347342,0.3761769634351055,0.9596642624904356,54.98377498824554,55.54348046539301,2.59550306143173,True,488.0,507.0,gfp,keyword,trans,-177.64567098808155,2.354329011918452,1.0792750911195632,0.9596642624904356,19.0,green,1.7,0.1469,244.0,24.202265387030025,23.007886815831256,19.439506165775253,12.402874946594238,23.03097423401076,0.5385301907150076,820.0,10.25,2.0,311.0,0.79,25000.0,19.75,,True
5OOZ,True,,162.0,780.1228618200394,106.16386630847325,34.41691563551544,28.3542322975436,0.5668139506281292,0.8698000262934111,47.09057524956215,38.0504210147138,2.028490467856523,True,,,,,,,,1.2138193435939746,0.869800026293411,,,1.92,0.15628,216.0,35.46127443940449,14.443481597229711,31.363261759025345,26.53000002321989,33.93339599444803,0.7818256689533983,121.0,5.260869565217392,1.0,162.0,,,,,True
5OQ9,True,,169.0,806.7605113693207,103.68421634196191,33.304878256811925,30.656741419958024,0.3907707848696064,0.9430380094476536,46.88888197110224,39.37043596099601,2.0082764432609133,True,,,,,,,,1.086380245068379,0.9430380094476536,,,1.51,0.175,216.0,30.15806124930044,11.851554297686253,25.48834827968053,23.590434779291567,28.274220702048726,0.8343442964488929,114.0,4.956521739130435,1.0,207.0,,,,,True
5OQA,True,,178.0,837.6264174732271,106.95249131694068,33.76229588720959,30.89121487999322,0.4035402026698,0.9201919278739225,46.85663265102004,40.30877572264291,1.9939274162923115,True,,,,,,,,1.0929416670198957,0.9201919278739225,,,1.53,0.1764,216.0,42.50893206087131,14.571344508566092,37.23000011281071,35.57347786944845,39.98002215417595,0.8897813445991993,112.0,4.869565217391305,2.0,224.0,,,,,True
5OQE,True,,168.0,788.6736388746868,103.6213071051062,33.43961634777851,29.538866557361736,0.4687150063708708,0.9230156323807748,46.837147877978566,37.546940805119526,2.004477676320024,True,,,,,,,,1.1320548228498166,0.923015632380775,,,1.91,0.16721,217.0,43.62570653129581,16.630957056881815,39.60234043851812,35.23782638881517,41.66665204505858,0.8457081301062722,122.0,5.304347826086956,2.0,175.0,,,,,True
5OX8,True,B2H,226.0,827.9049581082227,106.40559092690197,33.90972631054675,30.33528614345961,0.446888768837104,0.9188856126041328,46.2105550023984,52.542631979432166,2.046027354371158,True,439.0,476.0,cyan fluorescent,keyword,cis,7.183691478142552,7.183691478142552,1.1178311010544997,0.9188856126041328,37.0,cyan,1.29,0.13221,225.0,23.752061429021737,12.337743680904165,18.91089893012457,15.849999957614475,21.1660195744708,0.7488417886909549,163.0,6.037037037037037,0.0,296.0,,,,,True
5OX9,True,B2H,198.0,751.2242799344273,99.79850517970168,33.95193928038603,30.229527818737523,0.4552525876207591,0.9478320885294442,54.07209906182581,46.60538069305189,2.321141344252075,True,439.0,476.0,cfp,keyword,trans,-162.00608125407214,17.993918745927857,1.1231382601795454,0.9478320885294442,37.0,cyan,1.56,0.14313,227.0,23.613852891118366,9.261561156482776,20.5538655409292,16.331666588783264,22.51922008471611,0.7252323360819957,127.0,5.291666666666667,0.0,156.0,,,,,True
5OXA,True,B2H,218.0,885.7607622779082,109.494255329582,35.65370703790432,31.522333931315583,0.467250441019704,0.9284181739962424,53.33491100775373,52.31872792163468,2.2966520326174744,True,433.0,475.0,cerulean,keyword,trans,-165.08546936186804,14.914530638131964,1.1310617772018607,0.9284181739962424,42.0,cyan,1.16,0.11569,229.0,19.41557552583879,11.902177661514806,14.430145471746272,11.107916673024496,16.14026010403973,0.6882117513239026,128.0,5.333333333333333,0.0,388.0,,,,,True
5OXB,True,B2H,243.0,785.9387194898231,102.74031238217796,29.692343202160465,28.75626079624497,0.2491148636973914,0.9356572459816248,47.19001179024816,50.44020724563144,2.1432423840973582,True,433.0,475.0,cerulean,keyword,cis,6.066857871150099,6.066857871150099,1.032552299220966,0.9356572459816248,42.0,cyan,1.38,0.1278,226.0,18.86141626187249,10.38623861888141,14.799274801297951,13.692638900544909,16.3582758436822,0.8370465831112147,485.0,6.736111111111111,0.0,273.0,,,,,True
5OXC,True,B2H,250.0,889.0571468611874,108.99134817582411,34.05710812458717,32.46310234095557,0.3023527935635987,0.9404928369456664,53.61072306758825,52.48711486113721,2.4290367075459267,True,433.0,475.0,cerulean,keyword,cis,5.4889789583449575,5.4889789583449575,1.049102078011213,0.9404928369456664,42.0,cyan,1.02,0.09893,230.0,17.641862447731558,14.621385844082027,12.388513526401004,8.254444422545257,14.191487343143166,0.5816475907673989,160.0,5.925925925925926,0.0,420.0,,,,,True
5T3I,True,CRF,187.0,815.1088012901591,104.08693797978069,34.28359002440309,30.98048537650267,0.4282643938421385,0.945437841658482,47.86334257361876,54.56509615429619,2.1506879610074936,True,439.0,476.0,CFP variant,manual_v2,cis,-0.4181495156934203,0.4181495156934203,1.1066188798451069,0.9454378416584818,37.0,cyan,1.6,0.134,229.0,19.26230846189068,9.515433708469224,15.2799130315366,13.899999936421713,18.28040243640887,0.7603771298129214,110.0,4.583333333333333,0.0,154.0,,,,,True
5WJ2,True,CR2,173.0,737.5386249704651,99.55060016428398,35.47010565037505,27.88211199650491,0.6181329697330158,0.9352051033523936,62.49052420450744,51.40431945148285,2.239644515678687,True,488.0,507.0,green fluorescent,keyword,trans,-177.14084976945992,2.859150230540081,1.272145584051212,0.9352051033523936,19.0,green,2.409,0.193,235.0,46.98413953756485,16.613124864633118,44.03111109774337,42.42894754911724,47.13770475264253,0.90010635375153,111.0,5.842105263157895,0.0,88.0,,,,,True
5WJ3,True,CR2,176.0,771.80015444218,103.83140905781931,33.968305659931694,30.03776139367318,0.466942099994583,0.8996161218740794,48.373478885534816,81.47532479604503,2.17010640618947,True,488.0,507.0,green fluorescent,keyword,trans,-177.8023601899715,2.1976398100285053,1.1308534352725237,0.8996161218740797,19.0,green,1.351,0.142,226.0,20.62226390838623,11.84927199304547,15.30957623659554,10.128947458769144,17.75344074182599,0.5705343322495218,112.0,5.894736842105263,1.0,741.0,,,,,True
5WJ4,True,CR2,176.0,800.6345298062716,104.81137203404302,34.644701760739274,30.466100762514262,0.4761076381982954,0.9158563653020184,48.15621592085896,71.25064068668785,2.198547833010285,True,488.0,507.0,green fluorescent,keyword,cis,7.53731115581328,7.53731115581328,1.137155753235294,0.9158563653020184,19.0,green,1.631,0.1637,228.0,30.168611121491978,12.896620778481685,25.197489238920667,20.37263157493189,28.41933224743302,0.7168582075594707,90.0,4.7368421052631575,1.0,547.0,,,,,True
5WWK,True,CR2,152.0,676.4243838582825,96.10053614619294,31.20441759093539,30.794987153876807,0.1614610384055778,0.920401880949214,48.75893139715919,59.53504641769024,2.2261177849932428,True,488.0,507.0,green fluorescent,keyword,cis,27.963404453340942,27.963404453340942,1.0132953598912944,0.920401880949214,19.0,green,3.199,0.2207,229.0,35.424242558254235,11.240486698792417,33.82859648319713,31.80736852947034,35.46235714868513,0.8969332860788046,92.0,4.842105263157895,0.0,2.0,,,,,True
5Y8Q,True,CH7,158.0,714.5299996443686,99.7099835187493,33.67000033656003,27.55101608436369,0.5748397804799413,0.9031357679761564,48.15913005941398,66.75180510869309,1.948791916720947,True,,,,,cis,1.8315308172229137,1.8315308172229137,1.22209650030545,0.9031357679761564,,,2.9,0.17443,225.0,26.969846964664143,7.939778135597894,26.044508819069183,39.42434775311014,26.89578528000137,1.465818801818905,99.0,4.304347826086956,0.0,56.0,,,,,True
5Y8R,True,CH7,160.0,719.2126141305082,98.41034915952652,34.74382529727836,27.24869804079271,0.6204139151703273,0.9332233882400952,48.10287217007388,87.71442306081134,1.9561066585270137,True,,,,,cis,2.127933976770791,2.127933976770791,1.2750636836029765,0.9332233882400957,,,2.3,0.2056,223.0,68.35506354531552,16.03658893177267,64.5397297627217,70.26000014595364,68.49105986896743,1.0258273164464156,84.0,3.652173913043478,0.0,21.0,,,,,True
5YR2,False,,192.0,793.448571460192,103.93131018366444,33.424941987945274,31.605925715985165,0.3253923993259972,0.9230725628251836,48.80081224017685,89.34633615149579,2.264775800485141,True,488.0,507.0,gfp,keyword,,,,1.0575530135806184,0.9230725628251838,19.0,green,1.799,0.168,229.0,25.89629366805353,11.465304929681704,21.4700826573963,,24.65130064024854,,,,0.0,417.0,0.79,25000.0,19.75,,True
5YR3,True,BF6,185.0,708.6406504497506,97.62758337617105,32.3543188712998,30.05844346378318,0.3699802988756667,0.9343096776344584,46.49493102610092,37.64758934477432,2.1371389594817427,True,514.0,527.0,yfp,keyword,,,,1.0763803824467115,0.9343096776344584,13.0,yellow,1.901,0.2441,225.0,60.466018889130666,21.11835614381173,58.44482612609863,49.26846108069787,60.853128452237655,0.8096290582556926,147.0,5.653846153846154,0.0,72.0,,,,,True
5Z6Y,True,BF6,173.0,737.1423225214729,99.20722069623086,34.03758835547514,29.449556414965723,0.5014150123174906,0.9411842363685236,47.37804428257235,37.65443588877153,2.16805696272884,True,514.0,527.0,yfp,keyword,,,,1.155792904852647,0.9411842363685236,13.0,yellow,1.87,0.2086,226.0,18.03275694122151,7.401734074889546,15.635200061798097,18.255384628589336,17.972449306432193,1.015742724730117,128.0,4.923076923076923,0.0,66.0,,,,,True
6AA2,True,CR2,172.0,791.8579289449152,103.45634995732412,33.82763956547406,31.675260548762733,0.3510087514434192,0.929699997356569,54.478077516134185,77.75349648908029,2.233981706547499,True,400.0,510.0,ReQy1,manual_v2,cis,-23.79796204488679,23.79796204488679,1.0679514226377973,0.929699997356569,110.0,green,2.3,0.18374,234.0,49.26415310197947,15.24515479357982,47.118583621896896,39.602631418328535,49.514783590903015,0.7998142887088057,115.0,6.052631578947368,1.0,388.0,,,,,True
6AA6,True,CR2,181.0,749.1604389448753,100.33209462273044,33.7680891949286,31.198403748599578,0.382629286279266,0.9352009543418868,56.14769865825546,78.07867371959819,2.389762638459718,True,,,,,cis,-4.236205494647013,4.236205494647013,1.0823659270210055,0.9352009543418872,,,2.39,0.19004,238.0,28.42777722763945,10.066873768519212,27.019240467860225,17.175263153879268,28.508580536363223,0.6024594290821285,119.0,6.2631578947368425,0.0,217.0,,,,,True
6AA7,True,XYG,176.0,716.7423269729561,98.22530589719749,35.34849958111808,26.96245201127056,0.6466806533251448,0.933525394338522,48.78978870174551,87.18218042341938,1.9338054387248529,True,,,,,,,,1.3110268890359849,0.933525394338522,,,1.8,0.17662,227.0,30.784537869099903,11.457035747319752,27.08110616903389,23.14350004196167,29.49824484158255,0.7845721047557772,106.0,5.3,0.0,358.0,,,,,True
6AS9,True,PIA,230.0,1008.1489130681211,118.38055775096036,41.471685401362585,31.045751710537385,0.6630205927619578,0.9040111490412124,69.82655221979377,86.57918267929986,2.5101417327147013,True,488.0,507.0,green fluorescent,keyword,cis,9.327232993063774,9.327232993063774,1.3358248106869477,0.9040111490412124,19.0,green,1.75,0.1559,245.0,15.756309109059249,13.0697786499619,9.818536617891576,9.412500023841858,14.585707685472544,0.645323506189334,112.0,5.6,0.0,212.0,,,,,True
6B7R,True,GYS,185.0,836.9450797051659,105.82726562074214,33.601100655893894,31.274346253217217,0.3656469455463563,0.9390996414754088,51.73342519110408,74.17933486305972,2.5112303458995013,True,488.0,507.0,green fluorescent,keyword,cis,11.779871509954535,11.779871509954535,1.0743981787448975,0.9390996414754088,19.0,green,1.73,0.1579,228.0,26.49784607913481,9.61873086329838,22.420306992112543,17.646666753859748,25.35232505841395,0.6960571353199481,116.0,5.523809523809524,0.0,366.0,,,,,True
6B7T,True,GYS,174.0,760.1465218279499,100.34392271931668,32.7065609242269,31.097098433580047,0.3098334785796549,0.9486915385831146,48.35845511307126,77.192013867611,2.243224605879213,True,488.0,507.0,green fluorescent,keyword,cis,7.462768133042716,7.462768133042716,1.051756034219221,0.9486915385831146,19.0,green,1.91,0.1791,208.0,39.23039667277452,13.949552239985582,37.06576913136702,22.00904755365281,39.26044016658927,0.5605909526297813,120.0,5.714285714285714,0.0,93.0,,,,,False
6B9C,True,GMO,247.0,811.3752639288464,104.52190183038952,33.52954054751733,31.199862740898023,0.3662445161119881,0.9332908773568755,51.23752186714901,66.25130353400213,2.2117524167165588,True,485.0,510.0,superfolder,keyword,,,,1.0746694889643047,0.9332908773568752,25.0,green,1.695,0.161,234.0,25.19147924279672,10.170726397418807,20.56308301541174,,23.78451469111881,,,,0.0,254.0,,,,,True
6CIU,True,CRQ,170.0,725.6080516536834,100.68672078882088,34.26918392669607,28.37309333796007,0.5608052621379244,0.8994304028413624,46.96195750000861,83.22753489746005,1.758215120424389,True,492.0,505.0,azami,keyword,trans,-167.0085239528644,12.991476047135592,1.2078057023429194,0.8994304028413628,13.0,green,1.7,0.16457,221.0,27.32215033344038,8.949435053443471,25.785409155758945,19.267916679382324,27.661472755848123,0.696561490035224,158.0,6.583333333333333,0.0,443.0,,,,,True
6D38,True,GYC,156.0,670.1430976494441,96.50323250037736,30.90781892049861,28.95715426849995,0.3496305264129851,0.9042607722918105,46.06708834447429,70.094816703509,2.05977324261632,True,488.0,507.0,green fluorescent,keyword,cis,19.086323356861488,19.086323356861488,1.067363824287134,0.9042607722918105,19.0,green,2.8,0.1954,213.0,42.55470146787974,11.137761954330388,40.1532075630044,40.5447618393671,42.31536425042517,0.95815698523639,97.0,4.619047619047619,0.0,9.0,,,,,True
6D39,True,GYC,154.0,649.6605081766811,93.96872565738728,32.334432626191976,27.75540010961077,0.5130056125797418,0.9245484119520752,46.184000614560105,70.08152642729816,2.055133697226992,True,488.0,507.0,green fluorescent,keyword,cis,22.842475660989606,22.842475660989606,1.1649780762841764,0.9245484119520748,19.0,green,2.83,0.195,213.0,44.7070438889378,10.855177962781054,42.596179260397854,46.244285583496094,44.55237029071124,1.0379758760700013,97.0,4.619047619047619,0.0,5.0,,,,,True
6DEJ,True,CRU,206.0,874.0944617034097,113.7610563025822,35.15667373765052,30.835566286668644,0.4803261037290149,0.84875237132755,49.60325242070567,30.854281282204024,1.8374394870484336,True,590.0,637.0,hcred,keyword,cis,4.804973711770479,4.804973711770479,1.1401338769267244,0.84875237132755,47.0,red,1.6279,0.178,224.0,30.400383505774933,12.315884843683342,26.35725913427572,29.4689937432607,28.95405165336621,1.0177848024884149,123.0,5.125,0.0,941.0,,,,,True
6DQ0,True,CRO,190.0,809.299690064018,103.55651486873144,33.56111113391937,32.21365745571498,0.2805112320059601,0.9483406919279228,46.5806318305291,36.561114688781885,2.15330821867252,True,488.0,507.0,gfp,keyword,cis,0.6121755420670468,0.6121755420670468,1.041828646128021,0.9483406919279228,19.0,green,2.048,0.185,228.0,42.24024030097037,12.286756347482864,38.89265232086181,31.39590904929421,41.593189833180006,0.7548329227745079,110.0,5.0,0.0,313.0,0.79,25000.0,19.75,,True
6DQ1,True,CRO,183.0,801.6892615564338,103.44349143382637,33.30011999786699,31.693997288279004,0.3068178256010724,0.9414767282718098,51.25345193511954,66.4368774358374,2.244704436385586,True,488.0,507.0,gfp,keyword,cis,1.6149508785115434,1.6149508785115434,1.0506759275259343,0.9414767282718096,19.0,green,1.598,0.1605,233.0,25.05598910966932,9.84325308992868,20.615458325544992,18.27863628214056,23.76972558819209,0.7689881069228959,119.0,5.409090909090909,0.0,272.0,0.79,25000.0,19.75,,True
6EFR,True,CRO,291.0,1401.0260083053126,140.8507468457684,47.22755687973369,38.22357831996079,0.5873279444987797,0.8874374524573327,78.59639768065216,31.075567997612545,2.0719598637319163,True,,,,,cis,3.959315522682135,3.959315522682135,1.2355608489713514,0.8874374524573327,,,2.4,0.1879,504.0,45.067140022402405,19.49809776327457,41.10526834567546,29.0263634595004,45.17479066855927,0.6425345426050232,103.0,4.681818181818182,0.0,31.0,,,,,False
6FLL,True,GYS,177.0,717.110070115604,98.96699785695984,32.78179719013056,30.89164713998147,0.334652869688488,0.9200573365295996,47.0507232967172,48.242770938646544,2.120202998327732,True,488.0,507.0,gfp,keyword,cis,6.297337855254883,6.297337855254883,1.0611864443998122,0.9200573365295996,19.0,green,1.79,0.20207,224.0,17.265360300747332,6.654877430568999,16.34450894168445,13.189047722589402,17.033927181788854,0.7742810910152268,107.0,5.095238095238095,0.0,123.0,0.79,25000.0,19.75,,True
6FP7,True,PIA,204.0,939.0772235696314,111.37839190231804,35.96644565883433,32.94678109672914,0.4010819544838749,0.9512820125644716,51.46306685730048,41.7442721987509,2.205019060158784,True,462.0,492.0,mtfp,keyword,cis,8.996023623748068,8.996023623748068,1.0916527946459988,0.9512820125644716,30.0,cyan,1.576,0.1478,226.0,31.26599655159632,16.992466640694765,23.86637934323015,18.73750004768372,27.60806542378355,0.6786965968119556,115.0,5.75,0.0,730.0,,,,,True
6FP8,True,PIA,185.0,808.4624344314052,103.93782693225158,33.58523106576053,30.95899250735261,0.387656826844071,0.9404212712414756,46.30032284357347,25.106421804920025,1.9228101361905328,True,462.0,492.0,mtfp,keyword,cis,8.013774588029127,8.013774588029127,1.0848295873253693,0.9404212712414756,30.0,cyan,1.855,0.1483,217.0,33.389927902588475,15.792464540682111,26.47302751803617,24.276999950408936,30.449462885175432,0.7972882819627137,114.0,5.7,0.0,410.0,,,,,True
6FWW,True,CRO,200.0,863.8188285944378,108.5923966257043,34.800449143712484,32.53405967045595,0.3549778635654838,0.9205209859633096,47.29724956299979,12.050800706818883,2.1484388178484486,True,488.0,507.0,gfp,keyword,cis,9.892915934346089,9.892915934346089,1.06966205558769,0.9205209859633096,19.0,green,1.131,0.1839,227.0,13.3638496916847,7.794884772813901,9.665450652781477,7.340000000866977,11.632404168359813,0.6309959570379963,106.0,4.818181818181818,0.0,334.0,0.79,25000.0,19.75,,True
6GEL,True,CRF,235.0,1355.6860707717235,140.14349663140652,55.53690831893853,33.26718534299004,0.8007412488931116,0.8674073536574165,83.16846894685213,75.83409439182765,2.755555572390715,True,,,,,cis,-2.218618448598741,2.218618448598741,1.6694201131338302,0.8674073536574165,,,2.51,0.1953,532.0,62.92417774383922,17.111959881162278,62.10861679504965,50.04953481984693,63.33103660799677,0.7902844718876306,226.0,5.255813953488372,0.0,113.0,,,,,False
6GEZ,True,CRF,228.0,1353.2270966723695,139.32325273262023,54.200804632959866,33.22210179752135,0.7901257255383625,0.8760589664247568,83.31608693137913,43.860206881607816,2.8267550701261475,True,,,,,cis,-0.2758057052373305,0.2758057052373305,1.6314682605964357,0.8760589664247568,,,2.47,0.2067,534.0,75.02854643590823,14.273960949898086,74.74769514289487,62.99674437766851,75.25365278088499,0.8371254025514915,235.0,5.465116279069767,0.0,78.0,,,,,False
6GO8,True,PIA,202.0,863.8472054659659,108.73951157384664,35.327639124648954,32.507716358171514,0.3915002503676297,0.9180620615885052,52.91418681796199,11.25580438660963,2.307233600920653,True,488.0,507.0,gfp,keyword,cis,-3.222541203581573,3.222541203581573,1.086746258500825,0.9180620615885052,19.0,green,1.648,0.1554,233.0,13.284226658821106,9.055934396614576,9.062222202128345,7.039999938011169,11.402497337453566,0.6174086017882254,90.0,4.5,0.0,312.0,0.79,25000.0,19.75,,True
6GO9,True,PIA,199.0,838.9696196892644,105.3545083500144,34.086858944740534,32.941138024368605,0.257087261877273,0.949838675498748,52.56342200035007,10.970229471029851,2.2841237044099647,True,488.0,507.0,gfp,keyword,cis,-4.634047717092945,4.634047717092945,1.0347808542474874,0.949838675498748,19.0,green,1.672,0.161,233.0,17.839136490250695,9.11061190340426,13.792076262377076,11.50599994659424,16.404373636513498,0.7013983100813879,98.0,4.9,0.0,242.0,0.79,25000.0,19.75,,True
6GOY,True,5SQ,202.0,867.0524344382212,111.86823364657305,36.46063614219988,29.421514135648565,0.5906346034709474,0.8706461108176491,57.9282330941747,33.853818758328785,2.1955470204397973,True,488.0,507.0,green fluorescent,keyword,,,,1.2392508412074676,0.8706461108176489,19.0,green,1.65,0.1675,221.0,19.30050183495466,9.16868251191369,15.326893623839034,12.206800003051756,17.54805764139271,0.6956211480784126,149.0,5.96,0.0,269.0,,,,,True
6GOZ,True,7R0,174.0,719.7504738698035,99.32336448509906,34.56096783100146,27.707844716207298,0.5977143232444226,0.916830344131517,57.76694243871833,34.231418733693054,2.2681955954978728,True,506.0,516.0,eos,keyword,,,,1.24733512061245,0.916830344131517,10.0,green,2.406,0.2015,222.0,33.1497187713782,9.019103591244312,30.74201791703434,,32.79555995127561,,,,0.0,94.0,,,,,True
6GP0,True,RC7,228.0,870.8255319616198,108.9025864132544,34.43074899486506,29.1524142000345,0.5320752542352628,0.9227087291546356,57.85346108417485,34.6838521466529,2.2583356196516373,True,558.0,583.0,red fluorescent,keyword,trans,-160.39447698416035,19.60552301583965,1.181059954712921,0.9227087291546356,25.0,red,1.5,0.1538,224.0,19.15801214178403,9.208147873755903,14.70735290671597,14.43836733759666,17.02141876361541,0.848246996217482,280.0,5.714285714285714,0.0,347.0,,,,,True
6GP1,True,7R6,148.0,664.997916562214,98.824519842634,34.551919300792065,25.26752226331582,0.6820651386468376,0.8556590002649807,47.666688134568815,36.780920016027885,2.6762324947613947,True,506.0,516.0,eos,keyword,,,,1.367443904500111,0.8556590002649803,10.0,green,1.504,0.2489,155.0,17.20760830018929,7.470267969680595,13.28617281972626,,15.353011408323573,,,,1.0,345.0,,,,,False
6GQG,True,PIA,175.0,800.1701785512246,105.16725468147538,33.9230063897639,30.030551593634783,0.4651037168587762,0.9091408067158068,49.427428444282185,51.29449693666873,2.215104654012755,True,488.0,507.0,gfp,keyword,cis,-0.3817619425293896,0.3817619425293896,1.129616493523021,0.9091408067158068,19.0,green,1.792,0.1826,228.0,24.088465933234083,9.096360969024744,21.1975861787796,16.41100001335144,23.039137366053826,0.7123096560694859,104.0,5.2,0.0,257.0,0.79,25000.0,19.75,,True
6GQH,True,PIA,174.0,697.6761600937496,96.72624420075952,31.847046548737566,29.026930961540103,0.411415009242444,0.9370766096536084,48.982882513897295,51.17513071894986,2.240329175801291,True,488.0,507.0,gfp,keyword,cis,-5.203790290355326,5.203790290355326,1.0971551415798673,0.937076609653608,19.0,green,2.4,0.1911,227.0,41.1305505814156,10.587158963092213,38.89820963430613,36.279000473022464,41.128316805589016,0.8820930028454855,109.0,5.45,0.0,56.0,0.79,25000.0,19.75,,True
6GRM,True,PIA,170.0,735.3579012801964,100.29778008351616,31.733915944037264,30.6524456079373,0.258838257582083,0.9185990367197536,49.16812481559727,15.335953533381106,2.3019257030199265,True,488.0,507.0,gfp,keyword,cis,-0.9347049047786484,0.9347049047786484,1.0352816982348685,0.9185990367197538,19.0,green,2.3,0.2257,226.0,34.40513297344776,8.854727493014979,33.40327437578049,26.83699998855591,34.54338888115353,0.7769069815613217,117.0,5.85,0.0,60.0,0.79,25000.0,19.75,,True
6H01,True,FHE,119.0,1079.746692862343,132.74336880392596,58.48661575219925,31.65785852878034,0.8408399556996234,0.7700272179352713,73.06597122740754,31.6118318632155,2.562781511762877,True,488.0,507.0,gfp,keyword,,,,1.8474596346758176,0.7700272179352713,19.0,green,2.776,0.2007,232.0,42.57416449965586,10.121401565475294,39.72826833023137,,42.580734273832135,,,,0.0,133.0,0.79,25000.0,19.75,,True
6HR1,True,CR2,203.0,954.7871915744768,114.08589038987354,39.49451212852391,30.73424123821728,0.6280287048843652,0.9218336895441472,95.9176945236241,26.81879657692128,8.327803263505377,True,514.0,527.0,yfp,keyword,cis,-6.3042133698417615,6.3042133698417615,1.285032931914826,0.9218336895441476,13.0,yellow,1.901,0.1806,407.0,36.73405811867506,14.518935444696384,33.929830910503,25.73210525512696,36.57294332612346,0.7035831113091445,120.0,6.315789473684211,0.0,366.0,,,,,False
6HUT,True,CRO,204.0,935.638836110094,111.13341066536216,36.64790231108804,32.31270111767421,0.4717979333657986,0.9519821780826684,64.70259634605779,58.7594639825609,2.3728279231104668,True,488.0,507.0,gfp,keyword,cis,-1.0772842884338774,1.0772842884338774,1.1341639987825898,0.9519821780826684,19.0,green,1.29,0.1859,242.0,19.605037894664388,7.11202451438272,16.947975249329875,14.189999970522791,18.78424164080252,0.7554204338864411,101.0,4.590909090909091,0.0,211.0,0.79,25000.0,19.75,,True
6IR6,True,CRO,193.0,804.4856479352347,104.29377645167662,34.909846498179945,31.52261622618581,0.4296992523932725,0.9294186390826726,54.02787401145776,29.821563071866585,2.23487456679196,True,488.0,507.0,gfp,keyword,cis,19.57255244738501,19.57255244738501,1.107453970434737,0.9294186390826726,19.0,green,1.642,0.1875,233.0,32.944119934219664,12.953674320075606,27.99025743099753,23.52380961463565,32.124669545649965,0.7322661975155176,100.0,4.761904761904762,0.0,174.0,0.79,25000.0,19.75,,True
6IR7,True,CRO,201.0,880.7439294433374,110.51770860132864,35.85190569109829,32.479930463101184,0.4233908691838269,0.9061409942766234,53.139546151943016,27.40923670406515,2.203985843371699,True,488.0,507.0,gfp,keyword,cis,9.270049301261997,9.270049301261997,1.1038171935690515,0.9061409942766234,19.0,green,1.277,0.1748,232.0,16.792543635318417,9.003136563756131,11.97772726539738,10.069523765927268,14.384712157981484,0.7000156593568058,108.0,5.142857142857143,0.0,368.0,0.79,25000.0,19.75,,True
6J1A,True,QYG,188.0,778.2573738536263,102.87473609439688,34.74936377239745,29.276148856937105,0.5387048997091178,0.9240929139080556,44.49632789805349,48.99653896937568,1.845663643130752,True,,,,,trans,179.92770054523376,0.0722994547662381,1.1869513282708783,0.9240929139080556,,,1.96,0.1519,230.0,29.73065397992946,11.353586540080176,25.778043423528256,27.303333282470703,28.864454904838453,0.9459154303272131,115.0,4.791666666666667,0.0,161.0,,,,,True
6J1B,True,QYG,184.0,803.4051032042196,104.36456619311808,34.84350035403794,29.898252766076503,0.5135284040718547,0.9269115750781436,44.59525033012318,46.28167510670282,1.834069062681171,True,,,,,trans,171.30476376683396,8.695236233166042,1.1654025613688193,0.9269115750781436,,,1.99,0.1427,230.0,22.227294022603363,9.095916083044656,19.035956548607867,17.070000131924946,21.28848553447256,0.8018419208019003,117.0,4.875,0.0,218.0,,,,,True
6J1C,True,QYG,183.0,745.6800975261515,99.47784230476312,33.76202013885221,29.38563854440467,0.4923883776744744,0.9469121787095024,44.636403367610825,49.172922856001584,1.8403326545020176,True,,,,,trans,172.73641115017247,7.263588849827528,1.1489292665134494,0.9469121787095024,,,2.09,0.1613,230.0,33.96668507414333,9.992602432145633,30.967217428787897,30.72000026702881,33.328485533495524,0.9217340594775856,121.0,5.041666666666667,0.0,165.0,,,,,True
6JC6,True,BJO,189.0,845.6558314353865,107.31412219360988,34.482182932741686,30.718847631556223,0.4542751032307526,0.9227621177016542,48.4098656611509,39.68376804600671,1.8382462458101057,True,,,,,,,,1.1225089998922857,0.9227621177016542,,,1.9,0.1887,222.0,19.192311908140933,12.858945119576305,13.852832645817376,,16.631970274100674,,,,1.0,1799.0,,,,,True
6JGH,True,GYS,295.0,977.6023280784606,113.57408740941636,36.3719123635876,33.13216498946416,0.4125670868652945,0.9523872648031932,48.50515679143935,52.31645650450371,2.128407467681685,True,488.0,507.0,gfp,keyword,cis,5.593700710253344,5.593700710253344,1.097782543795543,0.952387264803193,19.0,green,0.94,0.1069,228.0,11.35865956997799,9.42556071535577,6.538491786112551,4.116190490268526,8.422433968338236,0.4887174545674305,141.0,6.714285714285714,0.0,542.0,0.79,25000.0,19.75,,True
6JGI,True,CRO,304.0,1009.3240223194888,114.93255616823402,37.81827500318023,32.87661043391227,0.4942297834121614,0.9601837289190878,48.43039266446231,51.26242935299173,2.1018085635847954,True,488.0,507.0,gfp,keyword,cis,1.9535321343126528,1.9535321343126528,1.150309429836192,0.960183728919088,19.0,green,0.85,0.0922,228.0,11.885666667226372,8.49218067330794,6.96440250468704,5.290454561060125,8.684644271451022,0.6091734325205932,140.0,6.363636363636363,0.0,669.0,0.79,25000.0,19.75,,True
6JGJ,True,GYS,247.0,957.3413534894264,112.68697778473748,36.744094134709606,31.928339208065506,0.494920977497826,0.9473909248998686,48.247344534560455,50.60234057209418,2.1175973941879045,True,488.0,507.0,gfp,keyword,cis,0.3949154281903399,0.3949154281903399,1.1508301103687717,0.9473909248998686,19.0,green,0.78,0.108,228.0,13.01932924249199,9.53157010895592,7.717359154996737,5.460909084840254,9.247757653782738,0.5905116990826963,140.0,6.363636363636363,0.0,636.0,0.79,25000.0,19.75,,True
6JXF,True,QYG,202.0,815.6551501443098,105.9079050667233,33.43472507718239,28.59913652527377,0.5180137912679162,0.9138179651707552,44.7741771304686,46.02110293863221,1.854795142111472,True,,,,,trans,165.78290771786624,14.217092282133764,1.1690816276091165,0.9138179651707552,,,1.8,0.1536,230.0,30.02877638847951,10.412836957556737,25.60241378586868,27.92052620335629,28.865402408839586,0.9672661343119214,170.0,4.473684210526316,0.0,216.0,,,,,True
6KKZ,True,CRO,449.0,1010.4621313595738,116.46798147046896,34.46137401928033,32.30977845961096,0.3478100817542492,0.9360882823745338,48.39432626253029,52.18326234253981,2.198435357169552,True,488.0,507.0,gfp,keyword,cis,2.982618350154257,2.982618350154257,1.066592705436188,0.9360882823745338,19.0,green,0.9,0.1072,228.0,9.555258506404082,7.17396313375761,5.850792075934583,4.999444418483311,7.91203059998717,0.6318788021992,518.0,14.38888888888889,0.0,0.0,0.79,25000.0,19.75,,True
6KL0,True,CRO,512.0,1005.9678860942572,115.29680878454108,35.99974770530667,32.24181028559425,0.444835850962556,0.9509537752917184,48.67210217524584,52.40505781856648,2.1979816014129705,True,488.0,507.0,gfp,keyword,cis,2.307387047664,2.307387047664,1.1165547897721946,0.9509537752917184,19.0,green,0.798,0.106,228.0,10.919135086755592,10.167827574789362,6.367073949126952,5.203888932863872,8.24808786557417,0.6309206470246077,498.0,13.833333333333334,0.0,0.0,0.79,25000.0,19.75,,True
6KL1,True,CRO,310.0,1055.570102198125,120.8620503031088,35.87866224016499,33.35852916350949,0.3681673035490844,0.9080651952827072,48.07750467013288,50.85402101205377,2.149144967771074,True,488.0,507.0,gfp,keyword,cis,2.357363834126103,2.357363834126103,1.075546888302625,0.9080651952827072,19.0,green,0.851,0.1034,228.0,11.420411677353902,12.789131492995276,5.800468235908942,4.266086972278098,7.784663972896642,0.5480117044397876,198.0,8.608695652173912,0.0,0.0,0.79,25000.0,19.75,,True
6KRG,True,CRO,193.0,812.3342776789616,105.42158750002324,35.191813276949844,30.69946325972425,0.4888876981766718,0.9185134914956468,48.031660536936485,60.30892293944604,2.178806369444409,True,488.0,507.0,gfp,keyword,trans,-175.5926516180756,4.407348381924408,1.146333177854587,0.9185134914956468,19.0,green,1.4,0.1482,220.0,25.940273471719003,12.909609606178128,22.715688143234587,17.76748128370805,24.33799892714497,0.7300304900536173,95.0,4.318181818181818,0.0,266.0,0.79,25000.0,19.75,,True
6L02,True,BF6,184.0,753.6886724646397,100.52337584711596,33.88432302458106,30.231230793196666,0.4516616370473959,0.9372764870051564,48.04654074015232,38.19554569389114,2.204281295982024,True,514.0,527.0,yfp,keyword,,,,1.120838356081966,0.9372764870051564,13.0,yellow,1.799,0.1734,228.0,36.81359390800979,12.446256798629417,32.457012894865755,35.51807719010573,36.2444598295682,0.9799587952785576,147.0,5.653846153846154,0.0,139.0,,,,,True
6L27,True,GYS,264.0,938.9461585604522,112.99533274712245,35.23808670604419,33.129861626235915,0.3407002415880744,0.9241224965849556,45.72008750772324,44.019556996636624,1.9729581873642867,True,488.0,507.0,green fluorescent,keyword,cis,1.780155858273231,1.780155858273231,1.0636351912239426,0.9241224965849556,19.0,green,0.77,0.1184,227.0,10.452725126946763,8.958818330905943,6.787692313010876,4.687619050343831,7.685018905845166,0.6099684474137681,129.0,6.142857142857143,0.0,0.0,,,,,True
6LNP,True,CRO,301.0,1539.6645195172855,166.24885221807952,62.809952268764114,32.26979512223964,0.8579286675476954,0.7000332276839762,71.23323372984873,45.468085596199735,2.293079893614012,True,,,,,cis,3.6001434314815173,3.6001434314815173,1.9464007140682733,0.7000332276839762,,,2.993,0.2227,370.0,53.053492313519456,18.60769728346472,53.03688357386809,60.26727277582342,52.99131936277514,1.13730462839088,100.0,4.545454545454546,0.0,0.0,,,,,False
6LOF,True,CH7,115.0,506.95661661719714,86.54215976701444,30.63607970591924,23.835334935033124,0.6282454825837906,0.8505996525816484,48.77599689655205,53.322204618248456,2.2250271877865098,True,,,,,cis,2.6908193826898925,2.6908193826898925,1.2853219721653832,0.8505996525816484,,,2.6,0.2034,163.0,34.47901177441476,9.22277978605471,33.704197483298216,35.4786959938381,34.656009143281054,1.023738649397158,74.0,3.217391304347826,0.0,54.0,,,,,False
6LR7,True,CRO,182.0,748.7978103330377,99.34528800970624,32.251430647069576,31.28381947601779,0.2431133593479148,0.953410396627442,46.15491465374387,67.81746402992279,1.955980699474888,True,488.0,507.0,gfp,keyword,trans,-168.6382847228637,11.361715277136312,1.0309300842179312,0.953410396627442,19.0,green,1.67,0.185,232.0,17.904534378498138,8.76975419284473,14.44655606360851,13.62863657691262,17.342630467291688,0.7858459881628865,111.0,5.045454545454546,0.0,170.0,0.79,25000.0,19.75,,True
6M63,True,CRO,327.0,1519.4276509369342,145.3023123163253,51.15677326598965,37.03157838841095,0.6899215227059051,0.9043672739507034,69.72794715279409,61.045404946416376,2.5914658530425965,True,,,,,trans,-174.89589012288647,5.10410987711353,1.3814364791428708,0.9043672739507034,,,2.25,0.1784,360.0,37.2525699439716,12.871404462591633,35.160724092658846,28.95500018379905,36.83518872377521,0.78606900594241,122.0,5.545454545454546,0.0,365.0,,,,,False
6M9X,True,JBY,194.0,816.6661787958606,106.13124688179256,35.93541857315791,30.26645807353533,0.5390935775857132,0.9111038904469184,49.021537469742654,83.02891390602547,2.0823841502845166,True,507.0,516.0,branchiostoma,keyword,,,,1.1873017478903307,0.911103890446918,9.0,green,1.81,0.2008,216.0,30.037798912815315,11.799270013686725,28.027706373722182,,29.855197669305227,,,,0.0,415.0,,,,,True
6M9Y,False,,159.0,631.0010596235795,95.18317434650186,33.85437939991896,24.519167675591625,0.6895333422045168,0.8752247368814102,48.451014036247365,39.93679050978998,2.567100982033141,False,507.0,516.0,branchiostoma,keyword,,,,1.3807311833680376,0.8752247368814102,9.0,green,1.35,0.133,163.0,21.786864092225148,12.274103130894474,17.141597629298825,,19.56129102616481,,,,0.0,603.0,,,,,False
6M9Z,True,CR2,220.0,845.5452932616762,107.4411340545956,33.41270849399836,30.5885424557559,0.4023719174990368,0.920461383244605,48.85524244123589,30.013449548130435,2.0884170856304323,True,507.0,516.0,branchiostoma,keyword,cis,-7.739530411136825,7.739530411136825,1.0923275779592116,0.920461383244605,9.0,green,1.2,0.128,219.0,17.97389925812646,8.450884922618204,14.32140964978592,14.468947310196723,16.550657804793847,0.8742218877853809,269.0,14.157894736842104,0.0,503.0,,,,,True
6MAS,True,CR2,229.0,930.298830808692,111.21174463354848,35.29010227929746,32.60328886796235,0.3827186159136914,0.9452159283872936,48.699276261246254,80.88774535570289,2.001620144896044,True,507.0,516.0,branchiostoma,keyword,cis,-10.586659783008788,10.586659783008788,1.08240927540213,0.9452159283872936,9.0,green,1.3,0.1195,216.0,15.845358605905448,9.56135886298141,11.684848475765872,8.417894639466939,13.818015051118913,0.609197095843755,98.0,5.157894736842105,0.0,2461.0,,,,,True
6MXW,True,GYC,161.0,667.5654424420585,95.31069450741388,32.48608427932033,28.165168396818,0.4983224198010447,0.9234650049943922,47.31207062939824,67.81064371918036,2.030925623985549,True,,,,,trans,179.40465925954987,0.5953407404501263,1.1534134581276103,0.9234650049943918,,,2.049,0.155,216.0,26.22752061658275,9.007273152811244,24.380185978911644,22.65523819696336,26.117677953446343,0.8674292652411658,136.0,6.476190476190476,0.0,682.0,,,,,True
6MYB,True,GYC,160.0,647.3888227739064,93.57798023954024,31.97067410117504,28.3558856181138,0.4618957126575644,0.9290256962883676,47.30334758907592,67.81121319628133,2.0264512470431404,True,,,,,trans,178.0696206974895,1.930379302510488,1.1274793011843758,0.9290256962883676,,,1.899,0.199,216.0,20.53562364117959,8.573918186933346,18.557813963779186,15.568095070975168,20.315560091891115,0.7663138501009932,135.0,6.428571428571429,0.0,778.0,,,,,True
6MYC,True,GYC,163.0,644.6506310634503,94.30785027374134,33.090944574402826,27.67211194345841,0.5483571497112137,0.9108326404342914,47.31970255485713,61.3046653454789,2.009299780789132,True,,,,,cis,-0.6478719378615021,0.6478719378615021,1.1958228790782774,0.9108326404342914,,,2.396,0.1527,215.0,34.44339314887046,9.039378828610468,32.162616783213394,29.126190458025253,34.50902108710089,0.8440167104279963,116.0,5.523809523809524,0.0,262.0,,,,,True
6MZ3,True,CRO,190.0,793.1717637081115,103.52792598658702,34.81833212016191,28.85107969526433,0.5598151664808442,0.9299553170422084,46.74302730229554,71.10789147326004,1.98166792970226,True,587.0,610.0,mcherry,keyword,cis,17.824753705727613,17.824753705727613,1.206829431963236,0.9299553170422084,23.0,red,1.088,0.1668,220.0,16.338090412731102,9.10703458617046,11.748270042837923,16.013636589050293,14.19320240530627,1.12826098943417,125.0,5.681818181818182,0.0,313.0,0.22,72000.0,15.84,,True
6NQJ,True,GYC,175.0,730.8110900062914,98.76927277085558,34.304310544626304,29.379526994235963,0.5162493186099357,0.9413936855387618,48.39320553909651,78.45248082527333,1.8907137942060124,True,503.0,518.0,dronpa,keyword,trans,-162.72280317209925,17.277196827900752,1.167626372996289,0.9413936855387618,15.0,green,2.0,0.174,224.0,28.19671734439807,12.49591859381121,24.39991108364529,17.956666855585006,27.53885827852985,0.6520483410739137,108.0,5.142857142857143,0.0,642.0,,,,,True
6NQK,True,KZV,184.0,671.263466885062,95.785021989369,32.72624532989117,27.613061151363368,0.5367223663359745,0.9194067101969076,46.22166377177033,83.02856738553113,1.9320269170799145,True,503.0,518.0,dronpa,keyword,,,,1.1851726670396825,0.9194067101969076,15.0,green,2.0,0.195,218.0,42.5519282555134,11.427140989068675,40.38190903230147,,42.38096007727143,,,,0.0,1397.0,,,,,True
6NQL,True,KZ7,167.0,705.3530646229968,98.04796126853014,34.08383799260038,28.927054591560992,0.5288698004354799,0.9220177592068052,46.03518640285036,84.94553309552333,1.9277470852751104,True,503.0,518.0,dronpa,keyword,,,,1.1782685266042885,0.9220177592068052,15.0,green,2.147,0.197,217.0,29.59827603994896,10.142924362459375,26.839495418268605,,28.800289354942464,,,,0.0,1598.0,,,,,True
6NQN,True,KZ4,181.0,750.5359700613591,101.16403815194084,34.714803639531965,29.092895048428275,0.5455866282211141,0.9215715553692654,49.27721505603506,11.386227929890683,1.9528180058530629,True,503.0,518.0,dronpa,keyword,,,,1.1932399158538678,0.9215715553692654,15.0,green,2.1,0.172,221.0,37.33641254534609,12.725506629035122,34.69617113336786,,37.14651629449571,,,,0.0,1106.0,,,,,True
6NQO,True,KZG,181.0,751.9120627241867,100.98339641199378,34.46905272780493,29.576792338258223,0.5135360235858671,0.9265673003814024,49.310957485754,14.797772439840474,1.9594252820406004,True,503.0,518.0,dronpa,keyword,,,,1.165408754728905,0.9265673003814024,15.0,green,2.1,0.182,221.0,36.41226869095574,10.448160586016408,34.96837829899143,,36.311505127388095,,,,0.0,1069.0,,,,,True
6NQP,True,KY4,172.0,695.5467181526848,97.27708229874074,35.112957358523126,27.80353082001471,0.6107401628205188,0.9236662981244784,45.93756459945999,84.85311673881054,1.933804185884895,True,503.0,518.0,dronpa,keyword,,,,1.262895622351915,0.9236662981244784,15.0,green,2.2,0.225,217.0,44.693660131463616,11.3666263011652,42.49600934544834,,44.66788687717006,,,,0.0,760.0,,,,,True
6NQQ,True,KZ1,176.0,701.4361918416243,98.17850129003342,32.2767808175467,30.10640872367397,0.360504485860492,0.9144611041637356,52.47982451733631,77.23213552284795,1.963130124875984,True,503.0,518.0,dronpa,keyword,,,,1.0720900361711383,0.9144611041637356,15.0,green,2.6,0.263,223.0,72.65273918752017,13.957543064189476,72.20626152313507,,72.79367883711899,,,,0.0,77.0,,,,,True
6NQR,True,KY7,173.0,764.1687910343993,103.15073038949416,34.3857603426256,29.73797871937533,0.502057714070386,0.9025152438066064,49.58684211769787,14.611530933618438,1.9411970541435053,True,503.0,518.0,dronpa,keyword,,,,1.156291107311274,0.9025152438066064,15.0,green,2.9,0.216,222.0,59.48885668883687,17.43043451583836,57.619773864746094,,59.26395619864282,,,,0.0,0.0,,,,,True
6NQS,True,KXV,177.0,763.8140931933095,101.26371149969822,32.36646227804303,31.018163803949644,0.2856207499561998,0.9360301747293576,53.89202248334699,78.85704068335073,2.0459724892512106,True,503.0,518.0,dronpa,keyword,,,,1.0434680299780257,0.9360301747293576,15.0,green,2.5,0.214,224.0,38.70715190992074,8.657947215055225,37.75563860989877,,38.84681741915755,,,,0.0,603.0,,,,,True
6NQV,True,KZY,161.0,685.7366557128304,96.82442325603994,33.611359531589834,28.72597917749195,0.5192030561532915,0.9191732810777846,46.25504167159947,86.02974632682906,1.9774908914294915,True,503.0,518.0,dronpa,keyword,,,,1.1700683664745462,0.9191732810777846,15.0,green,2.7,0.2552,217.0,58.44930124228216,9.421359643370582,58.08350229922527,,59.01375660007663,,,,0.0,171.0,,,,,True
6OA8,True,M3V,216.0,869.3120643612208,108.3317172348864,35.14274572899461,32.537414159745694,0.3778561530724053,0.93083845337391,51.27616565441482,66.67259209206999,2.1779953439359923,True,485.0,510.0,superfolder,keyword,,,,1.0800718691552371,0.9308384533739104,25.0,green,1.37,0.1613,233.0,19.703832951263752,11.15910625942473,13.981167370243297,,17.077561362100887,,,,1.0,325.0,,,,,True
6OFK,True,CRO,174.0,777.7493838566782,102.22168320827446,33.288086674825124,31.32573846535725,0.3382687893748454,0.9353270273944392,48.35609002491909,83.08350083722182,2.2484758998261016,True,488.0,507.0,gfp,keyword,cis,8.17956102930287,8.17956102930287,1.0626433184213042,0.9353270273944392,19.0,green,1.15,0.14968,229.0,24.87760022318576,9.891040360627988,21.931867263129146,16.05454544587569,24.029337317779145,0.6681226882606138,112.0,5.090909090909091,0.0,402.0,0.79,25000.0,19.75,,True
6OFL,False,,223.0,840.0621501455902,106.74365526512958,33.86585120150273,30.03886252857921,0.4617777883602556,0.9264823297947564,51.059902453286526,82.01481797456846,2.150982092593776,True,488.0,507.0,gfp,keyword,,,,1.1274012512718314,0.9264823297947564,19.0,green,1.25,0.12677,230.0,22.6337903028748,10.593030481992,18.93121566024481,,21.031896804384168,,,,0.0,515.0,0.79,25000.0,19.75,,True
6OFM,False,,181.0,816.481360252684,105.29339205706128,32.90469971062716,32.20945249126826,0.2044793206894332,0.925452013972036,55.19847380557477,86.13851241123066,2.554205271709863,True,488.0,507.0,gfp,keyword,,,,1.0215851920968655,0.925452013972036,19.0,green,1.48,0.1595,238.0,33.551441455318404,14.880493934365765,30.81250997368558,,33.28434277633763,,,,0.0,420.0,0.79,25000.0,19.75,,True
6OFN,True,CRO,195.0,804.7658691467337,103.48867461381865,33.96856525017252,31.62536159000124,0.3649720696989928,0.9442647193659868,54.90793455869661,86.89688362871905,2.5153194071811784,True,488.0,507.0,gfp,keyword,cis,-0.920942455509797,0.920942455509797,1.074092549218856,0.9442647193659868,19.0,green,1.649,0.1623,237.0,33.09652474273144,15.627039578666116,30.28768593417712,21.35863633589311,33.01560899793592,0.6469254084402446,101.0,4.590909090909091,0.0,290.0,0.79,25000.0,19.75,,True
6OFO,True,GYS,163.0,718.2983326058576,98.45908940242884,32.573999950129306,29.992889379119,0.3901256408705106,0.9311145057725438,48.24408673412174,76.44774841788855,2.092642516479175,True,488.0,507.0,gfp,keyword,trans,-161.48004822980667,18.51995177019333,1.0860574164224162,0.9311145057725438,19.0,green,2.603,0.2025,224.0,39.64637882790486,13.78347448207847,37.19927942430651,30.47476150876,39.81753102745872,0.7653604008682552,91.0,4.333333333333333,0.0,44.0,0.79,25000.0,19.75,,True
6OG8,True,MFC,221.0,874.4182241991399,110.6748098623269,33.54844682458471,30.726401435263853,0.4014487487747187,0.8970806629576843,47.37865464943628,82.0144265996982,2.193919903466613,True,488.0,507.0,gfp,keyword,,,,1.0918443181596291,0.8970806629576843,19.0,green,1.599,0.1589,228.0,15.971448148532923,9.68942711464156,12.07837304425618,,13.88554938757724,,,,0.0,727.0,0.79,25000.0,19.75,,True
6OG9,False,,202.0,932.754819978991,114.5955332737728,35.22158854216943,32.3250453752224,0.3971302040850441,0.8925693840168657,49.941786955816994,82.75586350916423,2.311219503191272,True,488.0,507.0,gfp,keyword,,,,1.0896067780671166,0.8925693840168655,19.0,green,1.798,0.1682,227.0,18.55082380488055,8.757493358106098,14.917632651815609,,16.59941991305592,,,,0.0,697.0,0.79,25000.0,19.75,,True
6OGA,False,,208.0,895.1637009906535,110.80481259845332,36.83415402873035,31.89857027623322,0.5000349288850936,0.9162101107214792,50.56482066446407,83.1587498109518,2.198350429490484,True,488.0,507.0,gfp,keyword,,,,1.1547274285259896,0.9162101107214792,19.0,green,1.6,0.1612,228.0,25.78767096785368,10.082020537550545,21.78324998617172,,24.53017714045346,,,,0.0,346.0,0.79,25000.0,19.75,,True
6OGB,False,,189.0,810.5581774809466,103.03185590962156,33.43431989234431,31.70206194696996,0.3177061363352574,0.9595133243515184,50.97572263370367,82.19183399741416,2.218111141982568,True,488.0,507.0,gfp,keyword,,,,1.0546418068412082,0.9595133243515188,19.0,green,1.65,0.1559,229.0,25.07600192576718,9.626083533315006,20.9128333846728,,23.79513703284245,,,,0.0,339.0,0.79,25000.0,19.75,,True
6OGC,False,,197.0,885.7327762566136,111.28606780302958,32.68830005146864,31.87039469787373,0.2222985143566765,0.898733614270801,55.10706486244642,82.3647471496719,2.229710265284556,True,488.0,507.0,gfp,keyword,,,,1.025663483660887,0.898733614270801,19.0,green,1.178,0.1434,234.0,15.201981335916305,9.813130152633386,12.047460930421948,,13.319353392608184,,,,0.0,655.0,0.79,25000.0,19.75,,True
6PFR,True,OHD,184.0,815.5169608605675,104.56583203344071,33.193643793259795,32.465802332096295,0.2082629778798641,0.9372668715484612,52.9585089284068,53.877495539313166,2.393185571209344,True,488.0,507.0,gfp,keyword,cis,12.881360733090576,12.881360733090576,1.0224187116559855,0.9372668715484614,19.0,green,1.51,0.1877,240.0,32.51200095683045,12.613944680705709,28.90277552701989,23.32952372233073,32.03234836047663,0.7283113763559106,106.0,5.047619047619048,0.0,216.0,0.79,25000.0,19.75,,True
6PFS,True,OHD,179.0,722.3422800310962,96.98296230037263,33.997451991539414,29.93596947891237,0.4739798706009599,0.9650770967927114,51.447934415964326,48.44790875130884,2.206492272898934,True,488.0,507.0,gfp,keyword,cis,15.27082679367547,15.27082679367547,1.135672322738305,0.9650770967927114,19.0,green,1.759,0.1778,229.0,27.812016826436825,10.36087505336329,24.61729607970929,17.93047609783354,26.9786360854934,0.6646175900446977,109.0,5.190476190476191,0.0,171.0,0.79,25000.0,19.75,,True
6PFT,True,OHD,196.0,908.8664298838968,110.69165184320283,34.08122233138052,33.155929070033125,0.231435080969696,0.932137949896178,53.98662325620005,55.38882435213733,2.412393262570812,True,488.0,507.0,gfp,keyword,twisted,31.917979994064897,31.917979994064897,1.027907324189075,0.9321379498961776,19.0,green,1.45,0.1503,241.0,24.02427029362614,9.829110946915632,20.604039166020417,17.832380930582683,22.59682483374621,0.7891542755135985,97.0,4.619047619047619,0.0,309.0,0.79,25000.0,19.75,,True
6PFU,True,OHD,211.0,765.1840442960461,100.37520574882792,33.553710893591415,28.63028094226962,0.5214739547486464,0.9543833904405378,49.62121538085967,47.54835963978217,2.1558831036289408,True,488.0,507.0,gfp,keyword,cis,15.527749199618873,15.527749199618873,1.17196582741362,0.9543833904405374,19.0,green,1.619,0.1789,229.0,25.87267249135424,10.3953478076954,23.4333058152317,16.70452372233073,25.16046928716452,0.6639194019664989,207.0,4.928571428571429,0.0,167.0,0.79,25000.0,19.75,,True
6QQ8,True,CRF,196.0,823.178753584542,105.3009464528976,33.61856063701519,30.545205022427563,0.4177074431683244,0.9329093963245936,46.67592374726499,50.95349579959827,2.178875155820532,True,433.0,475.0,cerulean,keyword,cis,5.83585879219178,5.83585879219178,1.1006166307389669,0.9329093963245934,42.0,cyan,1.46,0.16335,225.0,27.57909008261288,27.01313933244857,22.083928615327867,16.31374994913737,26.076707070444105,0.6256062126658516,125.0,5.208333333333333,0.0,276.0,,,,,True
6QQ9,True,CRF,192.0,732.2443247291935,99.18737377815162,31.89513997483872,30.58742039973993,0.2834080674609351,0.9353046543243456,47.62381449928842,50.5675170369916,2.133822940571186,True,433.0,475.0,cerulean,keyword,cis,8.360543635407087,8.360543635407087,1.0427535097111331,0.9353046543243456,42.0,cyan,1.82,0.15214,228.0,36.120056482807165,10.21864246213869,32.76891128478512,28.310370480572736,34.35850481971667,0.823969803957441,129.0,4.777777777777778,0.0,228.0,,,,,True
6QQA,True,CRF,186.0,708.4604687303685,97.64307804782958,33.522409704205614,28.738404914013337,0.5148348918461725,0.9337756900466436,54.07673860699136,52.27414965928431,2.2810326420022995,True,433.0,475.0,cerulean,keyword,cis,6.754616318432317,6.754616318432317,1.1664673041007754,0.9337756900466436,42.0,cyan,1.66,0.13547,230.0,34.63869934661786,39.91275355491154,29.08272372887756,19.112592856089275,34.201613413427296,0.5588213814669285,125.0,4.62962962962963,0.0,155.0,,,,,True
6QQB,True,CRF,186.0,673.9959408665229,95.56413113040068,32.5609008012593,29.22352206180892,0.4410073558469615,0.9274218292961728,53.93139777732871,51.794541259278496,2.276671723778953,True,433.0,475.0,cerulean,keyword,cis,6.229787010005798,6.229787010005798,1.114201797182136,0.9274218292961728,42.0,cyan,2.45,0.17739,230.0,56.25228627647024,49.86393314424615,51.09863814491242,29.83592602058693,56.93739690928115,0.5240128218036517,131.0,4.851851851851852,0.0,80.0,,,,,True
6QSL,True,PIA,185.0,796.9820934371478,103.52851300902348,34.67286589062945,29.53567246976605,0.5238049653069344,0.9344121467256346,46.76504390505528,53.73052274319048,2.0191208330522072,True,462.0,492.0,mtfp,keyword,cis,6.7916781326817866,6.7916781326817866,1.1739318251894229,0.9344121467256346,30.0,cyan,1.6,0.15373,215.0,15.788551593110675,8.930197189673562,12.485069765046584,7.034000039100647,14.176337381789342,0.4961789388658591,110.0,5.5,0.0,265.0,,,,,True
6QSM,True,PIA,193.0,778.4402615500725,102.84911313810692,35.19318242039213,29.84732429008084,0.5298368157196411,0.924770679356824,47.45829403249967,54.65346351378198,2.005608956892448,True,462.0,492.0,mtfp,keyword,cis,8.239999160866612,8.239999160866612,1.1791067795007633,0.924770679356824,30.0,cyan,1.65,0.15211,216.0,15.502394932131224,9.242823447543149,12.86736361763694,6.750499939918518,14.563039053208287,0.4635364854309965,113.0,5.65,0.0,188.0,,,,,True
6QSO,True,PIA,177.0,746.4514571213917,100.70334106880456,32.65373306804708,30.543414467991163,0.3536632335403403,0.924961540019977,46.674914575468975,84.68546652409057,2.050316518841787,True,462.0,492.0,mtfp,keyword,cis,6.866060757098279,6.866060757098279,1.0690924258735868,0.924961540019977,30.0,cyan,1.8,0.15353,214.0,24.019701729140188,8.94700795392497,20.69841118393657,15.108500146865843,23.275834778290413,0.6491066933056976,116.0,5.8,0.0,160.0,,,,,True
6QUH,True,CRO,191.0,799.5632988339621,103.9134865670672,35.60983648870948,30.33863061273916,0.5235852005711984,0.9305053652700924,51.35969217112421,65.80749157619117,2.2458565449480328,True,488.0,507.0,gfp,keyword,cis,8.504123530344497,8.504123530344497,1.1737456757114462,0.9305053652700928,19.0,green,1.5,0.142,229.0,23.13756016588709,11.476671733751454,18.233491404303187,14.707272746346211,20.58202693301713,0.7145687251411185,108.0,4.909090909090909,0.0,588.0,0.79,25000.0,19.75,,True
6QUI,True,CRO,173.0,741.0882757875048,99.39275498923666,32.9843290009515,29.81866013758265,0.427479453982937,0.9426931458602058,48.49667377060557,83.64339553677962,2.248560680505983,True,488.0,507.0,gfp,keyword,cis,8.946681226980585,8.946681226980585,1.1061640210781611,0.9426931458602058,19.0,green,1.94,0.2008,229.0,38.81106695359753,9.572279195619434,36.68609642564205,27.899545409462668,38.32712257655505,0.7279321674549345,116.0,5.2727272727272725,0.0,259.0,0.79,25000.0,19.75,,True
6QUJ,True,CRO,173.0,754.1075420955899,100.16161628634332,32.56251431265614,30.452999860812508,0.354076466907852,0.9445838159000456,48.45933240752116,83.87789969278683,2.237887182296246,True,488.0,507.0,gfp,keyword,cis,11.760261841318355,11.760261841318355,1.0692711542864517,0.9445838159000456,19.0,green,1.68,0.1718,229.0,43.16961045425084,13.700386366145436,38.28838434177715,31.11909086054021,42.34768147019111,0.7348475708745758,114.0,5.181818181818182,0.0,269.0,0.79,25000.0,19.75,,True
6S67,True,CRO,164.0,719.3262658019538,98.2101879082526,31.444233446378963,30.65696648272937,0.2223668262931571,0.9371793240106572,46.27472183170932,38.58407415132658,2.060448173784738,True,395.0,509.0,aequorea,keyword,trans,-173.05424765209082,6.945752347909178,1.0256798716237336,0.937179324010657,114.0,green,2.47,0.1824,224.0,37.011800284849095,9.958879321975408,35.5833920886338,30.33045473965732,37.26816172621369,0.8138435955729867,103.0,4.681818181818182,0.0,340.0,,,,,True
6SM0,True,LKE,180.0,755.279205856174,100.30679708363016,34.068524981129336,30.656622277703523,0.4361958322411267,0.9433148380862766,49.06898643994075,51.54243800523504,2.169594035311442,True,515.0,528.0,venus,keyword,,,,1.1112941495158546,0.9433148380862766,13.0,yellow,1.91,0.1951,227.0,21.743910927509408,8.865227046517225,19.961913088093635,,20.71129933679313,,,,0.0,213.0,,,,,True
6T39,True,PIA,292.0,882.7955565533905,108.8076685327239,33.82576353996077,28.366382176427443,0.5447432760001418,0.9370246014227148,55.383937166290806,54.95616884481292,2.4258544645660063,True,488.0,507.0,gfp,keyword,trans,176.1437848329323,3.856215167067688,1.1924595575698789,0.9370246014227148,19.0,green,1.6,0.1653,237.0,20.21674759227187,11.717780558132471,14.90517483224402,9.943499978383382,18.63947299660744,0.5334646521494032,640.0,10.666666666666666,0.0,247.0,0.79,25000.0,19.75,,True
6T3A,True,PIA,214.0,737.6505745259806,99.22791938016113,34.60139177175624,30.93814162894857,0.4478075303466194,0.941440286280155,55.68078273606688,55.46185699748262,2.4304615602769104,True,488.0,507.0,gfp,keyword,cis,2.3844734717172926,2.3844734717172926,1.118405629747974,0.9414402862801546,19.0,green,1.85,0.2328,237.0,14.54512934361474,10.192069199978556,12.204708157810256,11.350999927520752,13.230377449708826,0.8579498181868247,104.0,5.2,0.0,178.0,0.79,25000.0,19.75,,True
6UHJ,True,CRO,194.0,908.499934110198,110.342772266031,35.89835534016383,30.07438280857863,0.54603107781105,0.937663438156892,47.175612469750384,52.42372387714738,2.088607206090788,True,488.0,507.0,gfp,keyword,cis,1.546809592810206,1.546809592810206,1.1936522710592063,0.9376634381568916,19.0,green,1.5,0.153,226.0,13.145043040812691,8.498869986402307,9.187179477805763,8.105454553257335,10.532149589887286,0.7695916663622017,113.0,5.136363636363637,0.0,380.0,0.79,25000.0,19.75,,True
6UHK,True,CRO,190.0,725.1243365378436,99.19041915595976,33.87165037229534,30.531602957170367,0.4330059472397375,0.926153333341291,49.09745758147126,16.520804402718834,2.138065771081551,True,488.0,507.0,gfp,keyword,cis,0.1164338146748846,0.1164338146748846,1.1093963988661315,0.9261533333412908,19.0,green,1.9,0.1864,229.0,34.69261559528535,11.95604530500975,32.94132475567679,23.32818196036599,34.43112399015712,0.6775318158952596,115.0,5.227272727272728,0.0,268.0,0.79,25000.0,19.75,,True
6UHL,True,CRO,177.0,827.573640103107,108.79910138703076,33.01226089864824,29.97519577556451,0.4189660380013387,0.8785488130320656,47.33691052071166,54.501050477992,2.125594956834666,True,488.0,507.0,gfp,keyword,cis,-3.850333302112785,3.850333302112785,1.1013192756378765,0.8785488130320658,19.0,green,1.91,0.2282,225.0,20.79760619401932,8.623723079768137,19.43568283450761,12.830000053752553,19.975640858018096,0.6422822749440187,107.0,4.863636363636363,0.0,329.0,0.79,25000.0,19.75,,True
6UHM,True,CRO,168.0,710.693114101042,98.09996954819714,31.66460633405947,30.32592458562631,0.287691649295638,0.9280133556342216,53.09327010756453,57.828418161124056,2.32438158552018,True,488.0,507.0,gfp,keyword,cis,2.304632498865989,2.304632498865989,1.0441431470507467,0.9280133556342216,19.0,green,2.1,0.2107,230.0,52.04114406290701,11.954029020400387,51.10530431996221,41.64227225563743,52.04549041864165,0.800112976564863,108.0,4.909090909090909,0.0,172.0,0.79,25000.0,19.75,,True
6UHN,True,CRO,166.0,721.7526936916074,97.59890000621073,31.48122569227659,29.958302069657567,0.3072637759111966,0.952156708296532,47.703230960699976,60.04233867939461,2.165153417447689,True,488.0,507.0,gfp,keyword,cis,-0.3026118188898148,0.3026118188898148,1.050834777587795,0.9521567082965317,19.0,green,1.92,0.2164,225.0,25.95055552349631,7.832878705725293,24.900799929300945,18.826818336140025,25.839492674402177,0.7286063458510067,108.0,4.909090909090909,0.0,194.0,0.79,25000.0,19.75,,True
6UHO,True,CRO,179.0,775.7116853023028,101.8546805110238,33.676233023402645,29.99443032889989,0.4546492059610326,0.939611267404688,47.53551451585992,54.52705793884572,2.1480402965122245,True,488.0,507.0,gfp,keyword,cis,-3.8507261476708177,3.8507261476708177,1.1227495456366543,0.939611267404688,19.0,green,1.95,0.2136,226.0,26.64870721098715,10.273574687455737,24.442863451751844,16.46954527768222,25.765553023143667,0.6392079092146248,112.0,5.090909090909091,0.0,317.0,0.79,25000.0,19.75,,True
6UHP,True,CRO,149.0,641.5930068943057,93.37466201097492,31.080970469295888,29.274380418272106,0.3359642959866423,0.9247224472530852,47.84643909866208,71.36370686978104,2.177434097721169,True,488.0,507.0,gfp,keyword,cis,1.5551124227904314,1.5551124227904314,1.0617123240598516,0.9247224472530856,19.0,green,2.9,0.3396,225.0,42.40329286282218,14.99195071192068,42.27267878821918,8.1059091091156,42.84480394683713,0.1891923491859971,102.0,4.636363636363637,0.0,0.0,0.79,25000.0,19.75,,True
6UHQ,True,CRO,168.0,679.4794665052716,95.57870987012804,32.47430566869784,28.426480289453348,0.4834843924754938,0.9346819866881984,52.42317775722252,34.14485823775425,2.3275735383133247,True,488.0,507.0,gfp,keyword,cis,5.81995280153541,5.81995280153541,1.1423962916980015,0.9346819866881988,19.0,green,2.85,0.1812,231.0,33.19447587353616,8.09602935994767,32.4607825735341,34.18909081545743,33.33516590327911,1.0256163390533577,110.0,5.0,0.0,32.0,0.79,25000.0,19.75,,True
6UHR,True,CRO,154.0,678.1207346982851,94.9239946000484,31.39296595730825,29.85127723776975,0.3095270684115009,0.9457250138194958,48.3876226609153,68.82921660120576,2.164203035437888,True,488.0,507.0,gfp,keyword,cis,14.557382306711329,14.557382306711329,1.0516456534592715,0.9457250138194958,19.0,green,3.0,0.226,226.0,51.698021330539646,10.692735549653817,51.6246221584744,35.830909122120254,51.94484337496471,0.6897876053542841,87.0,3.954545454545455,0.0,12.0,0.79,25000.0,19.75,,True
6UN4,True,OHD,212.0,896.3478288346699,110.78771760068872,33.38338719271703,31.337400682038226,0.3447012681646206,0.9177052246795226,54.66362444896781,56.90222018066143,2.508384128227651,True,488.0,507.0,gfp,keyword,trans,-159.50471490128157,20.49528509871845,1.0652889667346122,0.9177052246795226,19.0,green,1.499,0.1782,247.0,33.305358381880794,13.047363890887878,29.92116729944133,22.13571430387951,32.767595450950246,0.6755367307013547,204.0,4.857142857142857,0.0,239.0,0.79,25000.0,19.75,,False
6UN5,False,,195.0,826.3867374265669,104.66853831182358,33.9352946751287,30.744208216609938,0.4233513972607665,0.9478964221352456,49.11525924950904,80.26587726506192,2.191790084746331,True,488.0,507.0,gfp,keyword,,,,1.1037947191885964,0.9478964221352456,19.0,green,1.36,0.174,228.0,36.85394118907405,13.596950797032608,34.33647773526458,,36.84279553654095,,,,0.0,329.0,0.79,25000.0,19.75,,True
6UN6,True,QCA,183.0,746.9031289453397,99.97580750941984,32.986357045455684,30.42899526345308,0.3860636697957525,0.9390404527214604,50.99724057603041,83.85558114698611,2.260953304915449,True,488.0,507.0,gfp,keyword,,,,1.0840435827690351,0.9390404527214604,19.0,green,1.5,0.159,231.0,32.2423515024628,15.643193323450427,28.1689670105611,,32.05771847244477,,,,0.0,263.0,0.79,25000.0,19.75,,True
6UN7,False,,176.0,707.6251375630982,96.90605394373004,31.865413999725845,31.26648472454619,0.1929712593456128,0.9469156575286956,49.44960664746053,84.20109714462284,2.215824454584811,True,488.0,507.0,gfp,keyword,,,,1.0191556319956063,0.9469156575286956,19.0,green,1.5,0.167,229.0,43.842480179809385,16.221736009992135,40.75532520883451,,44.13294526606656,,,,0.0,280.0,0.79,25000.0,19.75,,True
6VIO,True,CR2,160.0,732.7280039632825,99.05357125457188,31.505687813515507,31.44426205452201,0.0624142842777549,0.9384526777665608,46.923696463167616,81.30829670695306,2.167514636490479,True,514.0,527.0,yfp,keyword,cis,1.040644930653758,1.040644930653758,1.0019534806982269,0.9384526777665612,13.0,yellow,3.6,0.2372,227.0,105.4812357909044,14.435683728166412,104.04668149694932,101.6526312577097,105.52311459696698,0.9633209903437732,85.0,4.473684210526316,0.0,0.0,,,,,True
6WV3,True,CRO,327.0,1527.213477152769,148.3638305569138,54.37848440859495,38.26900870502814,0.7104449641973253,0.8718736179131777,87.42950291766964,83.01061098336598,5.248567889787132,True,,,,,cis,15.812063979597644,15.812063979597644,1.420953566572269,0.8718736179131777,,,2.197,0.2009,381.0,46.35031655203253,18.123222303552577,41.98626309946964,28.35545470497825,46.27396468887634,0.612773400671988,100.0,4.545454545454546,2.0,144.0,,,,,False
6WV4,True,CRO,292.0,1422.5980768378877,141.66945876600607,53.6127722638708,37.24538707898071,0.7192888927523672,0.8907167345848295,81.17451714794333,7.599741500684693,5.351837631649428,True,,,,,cis,13.01375719406498,13.01375719406498,1.4394473106208356,0.8907167345848295,,,3.012,0.2694,364.0,74.74216378510182,38.44293316391871,70.58556474732958,43.10772757096724,74.7559811191786,0.5766458673352624,102.0,4.636363636363637,1.0,8.0,,,,,False
6WV5,True,CRO,303.0,1461.8366518972498,144.97355968477927,53.18278179531468,37.97109636702701,0.7001727318911792,0.874039590974052,93.4953292483157,13.69605205477217,5.055176118325546,True,,,,,cis,14.207837635694476,14.207837635694476,1.4006122257111608,0.874039590974052,,,2.8,0.2311,371.0,61.98902063521128,19.29504213823548,58.276945908005175,51.97090929204767,62.07752492310786,0.8371936438577615,105.0,4.7727272727272725,1.0,0.0,,,,,False
6WV6,True,CRO,307.0,1422.8028548477944,142.04555242533377,53.99490996982877,37.460656329094455,0.7201857899851147,0.8861338192699865,86.32627040410662,89.48959914602382,5.023060610441687,True,,,,,cis,7.967412306523974,7.967412306523974,1.4413765070072386,0.8861338192699865,,,2.7,0.2261,382.0,50.94736841858915,13.257113681295968,48.1713385544424,36.488636537031695,51.05793989624125,0.7146515627380001,101.0,4.590909090909091,2.0,33.0,,,,,False
6WV7,True,CRO,329.0,1686.2965787313449,156.07809903445147,57.97171053698053,39.49934124031135,0.7319526919347096,0.8698810882584913,87.8257102754911,87.97301226694076,4.822156405399287,True,,,,,cis,18.867804020243057,18.867804020243057,1.4676627183295166,0.8698810882584915,,,2.483,0.1997,389.0,42.102565839263285,15.797877480971527,38.83188143464708,24.901818535544656,42.2990208038201,0.5887091015897874,97.0,4.409090909090909,2.0,203.0,,,,,False
6WV8,True,CRO,316.0,1703.7576650385276,175.39452195071098,69.97882229756816,34.754565871176425,0.867954310695628,0.6959621749193051,89.26313524985099,15.597798177940458,4.817283729966933,True,,,,,cis,11.278647952723372,11.278647952723372,2.0135144992734566,0.6959621749193051,,,3.01,0.2553,395.0,68.06423772458228,25.604717295624383,67.24116745576036,47.76818171414462,68.18504197432812,0.700566874067915,90.0,4.090909090909091,1.0,7.0,,,,,False
6WV9,True,CRO,284.0,1332.005653106553,135.48322687366706,47.805028062518986,36.77553479972863,0.6389097090959437,0.9118950709042845,82.94390324766223,20.576849311648385,4.39782721889073,True,,,,,cis,14.060420111517908,14.060420111517908,1.2999138781490065,0.9118950709042845,,,3.35,0.2225,412.0,86.33190740043128,28.020512533946818,82.83155345916748,47.078182047063656,86.59852733182186,0.5436372129825366,104.0,4.727272727272728,2.0,0.0,,,,,False
6WVA,True,CRO,283.0,1334.298256301903,135.57822756780632,47.52703184852891,36.85920503937422,0.631296084567672,0.9121848992784598,82.78213476395274,20.528075142169705,4.363912378019902,True,,,,,cis,24.08686603044533,24.08686603044533,1.2894209681885154,0.9121848992784598,,,3.35,0.2243,412.0,95.18423798873138,30.01151953503209,91.19912628988618,56.20090918107466,95.44902132734468,0.5888055047555942,100.0,4.545454545454546,2.0,0.0,,,,,False
6WVB,True,CRO,288.0,1335.4359271724395,139.87043036939622,52.28994778123311,35.89369818129181,0.7271903009460555,0.8577902341635739,82.5110785036772,12.904427827805366,3.436634508554832,True,,,,,cis,24.378839711039685,24.378839711039685,1.4568002304228214,0.8577902341635738,,,2.872,0.2406,409.0,59.95287338439323,20.16439800818628,57.09904648797145,43.7268180847168,60.085474958155466,0.7277435705579242,94.0,4.2727272727272725,2.0,5.0,,,,,False
6WVD,True,CRO,306.0,1455.839692978292,142.9950486022151,48.31054508602971,38.857539279785634,0.5941851253782106,0.8947082063282884,98.13008166512748,39.26015185749988,7.227089257109137,True,,,,,cis,12.783537738430272,12.783537738430272,1.2432734028312928,0.8947082063282886,,,2.25,0.195,398.0,44.633787610183695,13.833374074644514,40.76347610992509,33.82136370918968,44.61625078502202,0.758050331753643,103.0,4.681818181818182,0.0,95.0,,,,,False
6WVE,True,CRO,302.0,1352.7329331826295,138.29520847274873,53.986468369554686,34.29999485923624,0.772228996301373,0.8888073978073072,88.65497343745545,51.74140606198464,4.078235723043755,True,,,,,cis,24.73989868444166,24.73989868444166,1.573949751045438,0.8888073978073072,,,2.429,0.2042,297.0,48.3333759734909,26.27971613655568,44.80206085217966,28.909999760714445,48.68307593164399,0.5938408616848089,96.0,4.363636363636363,0.0,70.0,,,,,False
6WVF,True,CRO,306.0,1381.0709853986905,140.23691861652748,52.21922628342441,37.45077037550078,0.6968843143649345,0.8824724261596144,88.36856038559387,18.17512865027658,5.4512537057205455,True,,,,,twisted,31.13456365156435,31.13456365156435,1.3943431806568318,0.8824724261596145,,,2.9,0.2588,387.0,113.08465720067116,30.736438408953465,108.03088092309824,94.43500033291905,113.01908999553166,0.8355668085511273,106.0,4.818181818181818,1.0,1.0,,,,,False
6WVG,True,CRO,198.0,873.4722469430329,109.99773005977016,37.864594988926456,30.347818101940888,0.5980179511724907,0.9071759507032892,116.4706391496876,89.72902254610955,13.649773406750978,True,,,,,cis,12.82457209025688,12.82457209025688,1.2476875557160676,0.9071759507032888,,,2.9,0.2157,444.0,59.82001122872392,16.45654115145336,56.55747186733961,48.41590898687189,59.85203587215991,0.808926685305829,94.0,4.2727272727272725,2.0,18.0,,,,,False
6WVH,True,CRO,332.0,1688.0338552752892,156.56691442949784,58.283517512036646,39.914775184409024,0.7286952275948216,0.8653484720535336,87.99011825934511,87.94993199324934,4.9006501206736575,True,,,,,cis,14.167856978861955,14.167856978861955,1.4601990677077037,0.8653484720535336,,,1.99,0.1946,389.0,29.471476282594185,11.712291095501714,26.086313754012902,19.246964064511385,28.87892174179256,0.6664710073526693,101.0,4.590909090909091,2.0,461.0,,,,,False
6WVI,True,CRO,287.0,1344.2575150067914,136.49606065690512,47.415683109373056,36.65950379895458,0.6342214493143322,0.906675962207586,82.7100819219362,20.8353886007129,4.368774928947571,True,,,,,cis,18.31699903302433,18.31699903302433,1.2934076622915232,0.906675962207586,,,2.4,0.1968,412.0,68.5774503789318,24.36943472450613,66.25995132761093,38.84681805697355,68.70625500091619,0.5654043879477281,106.0,4.818181818181818,2.0,48.0,,,,,False
6XWY,True,NRQ,188.0,853.31236163959,112.1846227713806,33.86878348713082,30.678304385212115,0.4237080166410418,0.8520228406597242,48.56096752365654,24.44744255396657,2.1979778882472307,True,558.0,583.0,red fluorescent,keyword,twisted,30.41485591968512,30.41485591968512,1.1039978957721217,0.852022840659724,25.0,red,1.75,0.2034,218.0,34.217603376559225,12.518206881459658,30.325898614347256,30.270869628242824,33.34366766926846,0.9078446297058762,128.0,5.565217391304348,0.0,606.0,,,,,True
6XZF,True,CRO,183.0,730.4273047760353,99.21214035971072,33.7226666481125,30.22324832026808,0.4435906917983893,0.9325180043356336,48.73585577144824,35.655260821033515,2.1906596071735795,True,488.0,507.0,gfp,keyword,cis,8.42138522709939,8.42138522709939,1.1157856458962312,0.9325180043356336,19.0,green,1.8,0.1732,226.0,41.25274462575115,13.814809787466306,37.82281945350412,32.979091210798785,41.055768612952185,0.8032754549477515,111.0,5.045454545454546,0.0,220.0,0.79,25000.0,19.75,,True
6Y1G,True,CRU,183.0,754.6988058616926,102.56898357682248,32.47590848470275,29.60152668131913,0.4113180810694892,0.9014703004822028,48.33325969062848,89.62200693170914,1.845263511348784,True,590.0,637.0,hcred,keyword,twisted,142.44473286190274,37.555267138097264,1.0971024850957292,0.9014703004822032,47.0,red,2.3,0.1679,222.0,32.05928209167882,9.345757936905503,30.191022194756403,41.476666609446205,31.28464748492297,1.325783409560075,118.0,4.916666666666667,0.0,596.0,,,,,True
6YLM,True,NRQ,173.0,739.336735080015,100.06407784016046,34.31623893907919,28.225655574209103,0.5687419716949865,0.9278884194778102,48.91654055668997,78.41174440884134,2.019688997409568,True,587.0,610.0,mcherry,keyword,cis,-3.165907847538512,3.165907847538512,1.215781821217832,0.9278884194778102,23.0,red,1.6,0.2009,227.0,28.59675566779871,7.798397367088849,26.349102582686985,29.820434736168902,28.07044611869621,1.062342743327728,119.0,5.173913043478261,0.0,153.0,0.22,72000.0,15.84,,True
6YLS,True,5SQ,174.0,730.2372690195157,98.76891123296862,33.02683438795193,28.99866443606449,0.4785993196364901,0.9406614049570244,46.34854635615012,33.48069350317202,1.971403302797704,True,506.0,516.0,eos,keyword,,,,1.1389088094304702,0.9406614049570244,10.0,green,1.55,0.1857,220.0,21.600439550874235,20.26094304668459,20.19741223151224,13.530400123596191,21.229274035975983,0.6373463407494308,157.0,6.28,0.0,198.0,,,,,True
6ZQO,True,CR2,170.0,746.8584019447345,99.4485517379926,31.72000583085261,30.52011618108237,0.2724410922542685,0.9489672163353744,49.06215569077453,50.98045002726735,2.2259224871690138,True,514.0,527.0,yfp,keyword,cis,22.51252916785969,22.51252916785969,1.039314714355969,0.9489672163353744,13.0,yellow,2.2,0.2543,230.0,69.88890842868338,15.100288389708268,67.81359336489723,36.51736851742393,70.24793902764273,0.5198354431872266,121.0,6.368421052631579,0.0,29.0,,,,,True
6ZSM,True,PIA,337.0,1638.7463226652828,150.2253672913665,52.4197686415095,38.84340443025646,0.6714975345929399,0.9125045636658612,72.1620660541467,69.8456774457797,2.574462469454421,True,488.0,507.0,gcamp,keyword,cis,-2.0487167481542063,2.0487167481542063,1.349515301513529,0.9125045636658612,19.0,green,1.95,0.1568,399.0,41.28732368651329,22.303832937477136,37.61443895014321,27.40699977874756,39.9675234662808,0.6857317492255902,99.0,4.95,0.0,444.0,,,,,False
6ZSN,True,PIA,298.0,1516.2552346399664,143.76490168739605,50.505813088747786,38.29638462329571,0.6519558058289252,0.9218843318199031,71.49445760698865,70.04736722154816,2.450857469748522,True,488.0,507.0,gcamp,keyword,trans,166.87937475792228,13.120625242077722,1.3188141279013863,0.9218843318199031,19.0,green,2.6,0.1914,398.0,63.78552727554784,24.25134075893421,61.721620840324725,47.57199954986572,64.23133057963473,0.7406354363294003,96.0,4.8,0.0,108.0,,,,,False
6ZUI,True,CR2,318.0,1457.4613730680974,144.54768085130695,53.04573949549943,37.68966022059109,0.7036845939592565,0.8765660804707194,64.54618275249985,80.74634174588502,1.4689309879069203,True,514.0,527.0,yfp,keyword,cis,-2.883298002619393,2.883298002619393,1.4074348026761678,0.8765660804707194,13.0,yellow,2.20008218184,0.198501182278,421.0,42.44303297390776,9.528656580015763,41.20479568336469,29.980040801198857,42.43220600614984,0.7065397636138397,106.0,5.578947368421052,0.0,185.0,,,,,False
7A7K,True,CRO,208.0,798.4063736087992,104.0232546042325,34.167050630607,31.570662915728057,0.382370676001479,0.9271990632023972,52.621181173935454,26.99877630373222,2.133194278963936,True,488.0,507.0,gfp,keyword,cis,13.861409105608992,13.861409105608992,1.0822405193647504,0.9271990632023972,19.0,green,1.55,0.1686,234.0,23.91321126921681,9.83035170903558,20.130693852171607,20.11772723631425,22.43314050396612,0.8967860399553729,116.0,5.2727272727272725,0.0,271.0,0.79,25000.0,19.75,,True
7A7L,True,CRO,223.0,867.581814678962,106.94042563333578,33.551300693189766,33.26669941897109,0.1299737936677446,0.9533151341797002,52.79902558754503,52.22901518822075,2.247404114354749,True,488.0,507.0,gfp,keyword,twisted,-129.29017753868243,50.70982246131757,1.008555140100745,0.9533151341797002,19.0,green,1.3,0.145,231.0,21.635627933732103,14.825438984384164,18.102217916384745,12.494545459747314,20.014792519242395,0.624265549979344,92.0,4.181818181818182,0.0,322.0,0.79,25000.0,19.75,,True
7A7M,True,CRO,212.0,810.4734073387236,105.44956790608734,37.60311721424511,28.36036103847336,0.6566420244989154,0.9159231262102328,47.06175910478507,12.651919769083284,2.112403070704353,True,,,,,cis,7.194328080505445,7.194328080505445,1.3259040377953275,0.9159231262102328,,,1.6,0.1631,228.0,22.47474463780721,9.73606065120935,18.556735570765724,17.17454546148127,21.376105566767578,0.8034459507994629,117.0,5.318181818181818,0.0,219.0,,,,,True
7A7N,True,CRO,240.0,926.8690030629156,111.29102898539004,36.28479233643983,33.35032902865157,0.3939615779632869,0.9403897931855082,47.507125336873344,13.569990668999,2.196824111642912,True,,,,,twisted,-129.45183694377198,50.54816305622802,1.0879890361881357,0.9403897931855082,,,1.2,0.1375,228.0,16.103216754076392,10.61741351957739,12.096409297817925,8.489545540376144,14.19677899683905,0.5979909627575637,103.0,4.681818181818182,0.0,360.0,,,,,True
7A7O,True,CRO,197.0,758.9724016472456,101.54096498994184,33.49741565493512,31.089390544010342,0.372298347139442,0.9250245846711014,54.64990465132064,51.07573298104815,2.313016271896944,True,,,,,cis,10.282482150599913,10.282482150599913,1.0774548831221364,0.9250245846711014,,,1.8,0.1952,233.0,30.03109745451495,10.7465132574133,27.489071709194263,20.73136372999712,29.401163549141973,0.7051205199871121,125.0,5.681818181818182,0.0,227.0,,,,,True
7A7P,True,CRO,196.0,754.508779642518,100.628594981319,33.55528369251849,29.437507915892496,0.4799719525904973,0.9363351861340924,48.58022641097419,47.77921755481473,2.18222170127332,True,,,,,cis,7.694815724805137,7.694815724805137,1.139881942058109,0.9363351861340928,,,1.48,0.1696,228.0,23.36917512911256,8.898988400066399,19.875940163930256,14.97818188233809,22.06663399843868,0.6787705765817236,203.0,4.613636363636363,0.0,282.0,,,,,True
7A7Q,True,CRO,185.0,731.4898797457209,98.16967834094476,32.96972501540376,30.08910576481127,0.4087902805166149,0.9538134670094568,46.258616523779885,88.73473708633516,2.0374403907802816,True,,,,,cis,5.277184120511042,5.277184120511042,1.095736286518735,0.9538134670094572,,,2.0,0.1614,222.0,34.28970500087738,9.833198855756503,31.2121304138847,31.15636357394132,33.6922667563027,0.9247333757415712,108.0,4.909090909090909,0.0,143.0,,,,,True
7A7R,True,CRO,196.0,783.3953259465168,101.887909501998,33.313386108560586,30.96561126002291,0.368760157219733,0.9482995332136048,46.4908056875868,88.64606448876245,2.020751275275298,True,,,,,intermediate,-114.1973240476644,65.80267595233559,1.0758187793815228,0.9482995332136052,,,2.35,0.1739,222.0,25.256992440404773,12.054507160761878,22.389607065109185,20.47136363116177,24.864259599647585,0.8233248832171913,96.0,4.363636363636363,0.0,137.0,,,,,True
7A7S,True,CRO,174.0,714.0159531925939,97.5151818858272,33.294799274313434,29.972277647719977,0.4354581187689537,0.943568228439506,48.52067409022536,26.193932123584418,2.182565639072117,True,,,,,cis,13.81171089773597,13.81171089773597,1.110853157896267,0.9435682284395058,,,1.73,0.2002,227.0,37.91247513284721,11.630597409460693,35.38384620959942,28.04727276888761,37.70255678743929,0.7439090385040313,102.0,4.636363636363637,0.0,136.0,,,,,True
7A7T,True,CRO,249.0,796.9700925398961,102.78534517875804,36.16088701413551,29.43847628204955,0.5807286589475095,0.9479588617447712,48.790826880322506,26.09479051980125,2.10062713391642,True,,,,,trans,-172.3289595729624,7.67104042703761,1.2283545747299778,0.9479588617447714,,,1.58,0.1621,228.0,24.29925635689095,10.448296064187923,19.44493881147735,17.384999903765593,22.59744736544585,0.7693346784977713,217.0,4.931818181818182,0.0,295.0,,,,,True
7A7U,True,CRO,185.0,730.1353943472079,98.21078097014194,33.55542541001837,29.7295253525049,0.4637183529354231,0.951250585082296,46.35648506243476,38.78889220949692,2.0930832709010216,True,,,,,cis,7.293100791740097,7.293100791740097,1.1286902502528893,0.951250585082296,,,2.15,0.1595,224.0,44.84652836929133,12.61789158793282,42.49439659611932,37.29636348377574,44.19837066395939,0.8438402349113802,111.0,5.045454545454546,0.0,174.0,,,,,True
7A7V,True,CRO,202.0,749.0679598648028,99.970935844411,31.71315489620588,29.87830914212861,0.3352128014686024,0.9418539641426502,47.747783379695335,37.249487431343184,2.146200101947894,True,,,,,trans,-166.09109598349684,13.908904016503158,1.0614106288729075,0.9418539641426502,,,2.0,0.1592,226.0,40.93933527059818,11.92057716306615,37.23437233301468,30.890454639088023,39.78936537580511,0.776349518202462,222.0,5.045454545454546,0.0,237.0,,,,,True
7A7W,True,CRO,269.0,934.2336664820256,112.10492604252718,34.3676059084017,31.82393658506805,0.3775568007576618,0.9341486374788563,47.45510327650756,14.101531394535147,2.1493340267994125,True,,,,,intermediate,61.10514869955396,61.10514869955396,1.0799294366532628,0.934148637478856,,,1.3,0.1278,228.0,13.964415581243768,10.76255900048073,9.794745082481237,7.334772735834122,11.626058356934085,0.6308907551164554,273.0,6.204545454545454,0.0,398.0,,,,,True
7A7X,True,CRO,215.0,850.3500191912941,105.91580526267865,36.26991327278702,31.435687077105936,0.4988032370870088,0.9525461915729466,47.36358067835,12.52488106257455,2.1189262493968783,True,,,,,intermediate,-108.29209176014808,71.70790823985192,1.1537814708431098,0.9525461915729466,,,1.85,0.1473,228.0,22.654018456595285,9.345773696176751,18.14516808806347,18.34181824597445,21.15285260655767,0.8671084977110012,94.0,4.2727272727272725,0.0,269.0,,,,,True
7A7Y,True,CRO,252.0,849.5609860761729,107.18156851721452,34.73323433348293,32.61833156234039,0.3436163540444636,0.9293176974949368,53.39524442393091,30.413142427492545,2.1561512996426435,True,,,,,cis,3.2223792391928794,3.2223792391928794,1.064837858647078,0.9293176974949368,,,0.97,0.1253,239.0,14.849741291494366,11.379215757128282,10.363010374320009,7.297272703864357,12.02410929110886,0.6068867578624118,141.0,6.409090909090909,0.0,506.0,,,,,True
7A7Z,True,CRO,275.0,878.7326069896554,107.58815479447438,34.54359082733245,32.29388390791752,0.354981326340347,0.9539765245463904,46.94293320323834,89.93314346704594,2.129744472511393,True,,,,,cis,12.912340378142014,12.912340378142014,1.0696635600050377,0.9539765245463904,,,1.1,0.1225,225.0,19.856218801546028,11.011580337690203,14.762307680570162,12.115909164602106,16.823413057950187,0.7201813997473319,226.0,5.136363636363637,0.0,506.0,,,,,True
7A80,True,CRO,209.0,775.0030407371277,102.62002663477308,33.65317003197517,29.92399218319624,0.4575421806759548,0.9248025624282962,50.15813117306581,53.20468818227195,2.130799560106966,True,,,,,cis,9.340750415814435,9.340750415814435,1.1246216689921824,0.9248025624282962,,,2.05,0.1829,228.0,28.9959922306518,10.006318082274532,26.354957604812363,24.38318187540228,28.564581082791697,0.8536159450310146,221.0,5.0227272727272725,0.0,582.0,,,,,True
7A81,True,CRO,216.0,786.9682317270189,102.00373995913176,33.54389740915579,29.85397453694108,0.4559660035846178,0.9504622540904412,53.76071268318879,50.709370813335,2.211419554577163,True,,,,,intermediate,65.59864959189916,65.59864959189916,1.1235990493543442,0.9504622540904412,,,1.7,0.1987,231.0,32.642496577763964,13.150411356664105,29.6600412337248,19.22613635930148,31.9166914210719,0.6023850061917159,220.0,5.0,0.0,253.0,,,,,True
7A82,True,CRO,200.0,752.9640756367518,99.91135976070764,31.206959060280475,30.819565686508643,0.1570772781875841,0.9478822287667668,53.43060961232272,51.585181607759765,2.2360527097311778,True,,,,,trans,-164.78107973489088,15.21892026510912,1.01256972203023,0.9478822287667668,,,1.9,0.1989,231.0,39.7181171424622,13.092345742018225,37.16063830598872,28.16954556378452,39.584577923729306,0.7116293021504732,207.0,4.704545454545454,0.0,174.0,,,,,True
7A83,True,CRO,240.0,875.6533443099999,108.03137107742194,38.04303225589517,30.883540619199408,0.5839280128423674,0.942849334303702,47.14886861865211,89.73692045500876,2.080078402292426,True,,,,,cis,12.236583912697562,12.236583912697562,1.2318222423061465,0.942849334303702,,,1.73,0.1643,227.0,33.514095220107386,12.295181155062664,29.10522826578607,26.14545475352894,32.54748686397541,0.8033017990850643,122.0,5.545454545454546,0.0,192.0,,,,,True
7A84,True,CRO,192.0,670.6020080979582,94.2560908298462,32.19913753481303,28.788625714295257,0.4479060135509158,0.9485404716745284,46.40654825573249,52.77968982844047,2.0881210853426686,True,,,,,twisted,36.649332002410425,36.649332002410425,1.1184673368699312,0.9485404716745284,,,2.1,0.221,225.0,54.6305290989856,12.732623838090165,53.61000002218238,40.67113624919545,55.05559384624384,0.7387284998283645,196.0,4.454545454545454,0.0,82.0,,,,,True
7A85,True,CRO,222.0,911.154751132596,111.10016955869604,36.25173581559255,32.711849766575135,0.4309984926881857,0.9276252563623346,47.03955915396975,88.19750741459181,2.156468743283927,True,,,,,cis,9.03645305748269,9.03645305748269,1.108214181535966,0.9276252563623346,,,1.52,0.2116,224.0,26.168019352284293,9.909289157960146,22.48008472232496,17.290909160267223,24.844447435227583,0.6959667428847701,112.0,5.090909090909091,0.0,268.0,,,,,True
7A86,True,CRO,222.0,795.919427399098,103.0848876420183,33.13423925718642,30.902747132454177,0.3607747365011716,0.9412152726228424,47.11582486416059,74.11834575707745,2.116055619460787,True,,,,,trans,-162.74776415198875,17.252235848011253,1.0722101538470905,0.9412152726228424,,,1.9,0.181,225.0,46.58296789569619,9.225589223271989,45.14350434653779,36.18249992890792,46.65360515209738,0.7755563543470612,235.0,5.340909090909091,0.0,257.0,,,,,True
7A87,True,CRO,206.0,745.3048033275777,100.248236723677,34.354305663332525,31.27790617457698,0.4136173140452251,0.9319450355000538,56.48659701931558,50.41428916277174,2.448710679237913,True,,,,,cis,8.405784092156232,8.405784092156232,1.0983569511202151,0.9319450355000538,,,1.75,0.1916,235.0,31.90197717239868,12.584400722823494,29.23289799203678,18.94409097324718,31.32279009373917,0.6048021557643342,112.0,5.090909090909091,0.0,222.0,,,,,True
7A88,True,CRO,195.0,786.3646452538193,102.29645874816366,35.04024237713859,30.319510624282103,0.5012942938568606,0.944305771351661,56.95060951791939,49.66068359267292,2.37483428854209,True,,,,,intermediate,-112.74374830806522,67.25625169193478,1.1556994705935582,0.944305771351661,,,1.95,0.1765,233.0,40.044155443889686,13.339228521949256,37.2722727089874,28.22363636710427,39.207824458464536,0.7198470396388214,100.0,4.545454545454546,0.0,226.0,,,,,True
7A89,True,CRO,172.0,681.7229105008329,95.58265425361124,32.466240970025204,30.48393172799012,0.3440742390687884,0.9376906396972544,45.91492096009429,57.06113039303529,2.091813987053234,True,,,,,cis,7.611085454816066,7.611085454816066,1.065028004252317,0.9376906396972544,,,2.5,0.178,226.0,69.68150347755069,14.739635943399083,67.71563309248879,55.00909077037465,69.99446467426965,0.7859063002534298,109.0,4.954545454545454,0.0,65.0,,,,,True
7A8A,True,CRO,206.0,747.9140542889418,99.44861903113362,32.381047753654414,30.47549019600052,0.3379833972846824,0.950307254751585,53.38085674714942,51.612726954683644,2.3350045745779457,True,,,,,cis,9.571853102714291,9.571853102714291,1.062527544114909,0.950307254751585,,,1.93,0.2037,232.0,37.426190234615966,13.794194365051306,35.34954543941277,24.10045454718849,37.40724748893909,0.6442723312992953,220.0,5.0,0.0,179.0,,,,,True
7A8B,True,CRO,224.0,772.804965984727,101.32972627436511,33.38615357354779,30.887313715822746,0.3795934325506733,0.9458146338402637,57.1410382072617,49.335363651738255,2.3816277729831823,True,,,,,intermediate,-111.01412464552746,68.98587535447254,1.0809018188087025,0.9458146338402637,,,1.55,0.1932,234.0,36.23224479331414,13.040908868875242,33.59288006591797,22.92136370051991,35.464791227018274,0.6463132280631513,235.0,5.340909090909091,0.0,255.0,,,,,True
7A8C,True,CRO,189.0,779.9108915238882,105.20824422100542,34.43025752818359,30.825372208119347,0.4454658828704966,0.8854321835194751,47.80047255777879,53.37701345454795,2.1248491200779664,True,,,,,intermediate,-118.6394126643917,61.3605873356083,1.1169453947133434,0.8854321835194751,,,2.13,0.2009,226.0,41.25997498253911,12.33201473757938,39.58061135804289,29.69000018726696,41.138452124223946,0.7217092198222089,93.0,4.227272727272728,0.0,169.0,,,,,True
7A8D,True,CRO,228.0,826.8324909378741,106.85392942756252,33.993887146726024,29.66507370899831,0.4883299699674583,0.9100104997876182,54.816453161668335,49.3440292666978,2.2146655073730184,True,,,,,intermediate,-113.85495932757404,66.14504067242596,1.145922895058058,0.9100104997876182,,,1.65,0.1919,233.0,34.549924834850614,14.474912128255204,31.01983730967452,21.97909095070579,33.60372432808817,0.6540671128031555,231.0,5.25,0.0,272.0,,,,,True
7A8E,True,CRO,206.0,757.3914748199949,101.70222317108566,31.69626489483496,30.10666374902592,0.3127091028214177,0.9201727827044616,49.34172980691579,53.1357703182305,2.190677460084129,True,,,,,cis,20.360971597788243,20.360971597788243,1.052798980287561,0.9201727827044616,,,2.2,0.205,229.0,50.55087105773349,13.527039472068516,48.61515023882297,37.31840896606445,50.88052114782841,0.7334517832008726,217.0,4.931818181818182,0.0,123.0,,,,,True
7A8F,True,CRO,180.0,718.7916552262482,97.39361189216304,32.99682110438018,30.828671481674807,0.3565082711027986,0.9522521156853364,54.00755359665748,51.94022660578492,2.250722974916336,True,,,,,cis,5.17774815811545,5.17774815811545,1.0703289995481695,0.9522521156853369,,,2.27,0.1964,231.0,51.28322897897364,14.454310185499176,49.71429176494287,36.66999972950328,51.53060408963534,0.7116159489556408,107.0,4.863636363636363,0.0,105.0,,,,,True
7A8G,True,CRO,175.0,716.0632177163513,97.5565663809704,32.5630209832378,30.65669392647004,0.3371322378756556,0.9454710097628342,46.82832027688651,56.152529557105,2.1444499767170937,True,,,,,cis,16.176583857681763,16.176583857681763,1.0621830606176936,0.9454710097628342,,,2.0,0.1794,224.0,35.45940460903954,9.526794493363772,32.87502190535766,28.37727251919833,35.14046835570953,0.8075382556643605,99.0,4.5,0.0,255.0,,,,,True
7A8H,True,CRO,181.0,753.7436070934739,101.3127184831098,32.93848373884308,31.63322140010759,0.2787189054091555,0.9227957128183968,50.4913818585195,43.3414042237648,2.27715206244518,True,,,,,cis,3.618626673231741,3.618626673231741,1.0412623906438772,0.9227957128183968,,,1.7,0.1792,230.0,28.68801102520237,10.47328596036778,24.99578514966098,19.76409084146673,27.60926065659985,0.7158500579674966,108.0,4.909090909090909,0.0,893.0,,,,,True
7A8I,True,CRO,190.0,758.1336636412346,100.03304095152684,34.34629417203456,30.97751839275316,0.4319086776238702,0.9520696095994828,50.79550347943543,45.16800983434136,2.238779742664632,True,,,,,cis,8.083802944506706,8.083802944506706,1.1087490526700643,0.9520696095994826,,,2.0,0.1643,229.0,36.07416623949599,12.064362639260615,33.47375522887153,27.429545575922187,35.60257630074924,0.7704370982654124,104.0,4.727272727272728,0.0,616.0,,,,,True
7A8J,True,CRO,197.0,767.0956577161685,100.8299643030568,32.745555416540746,32.53557919248255,0.1130645729389417,0.9481567943886312,47.731226966611366,50.38372316221144,2.2726304217761784,True,,,,,cis,3.945389050472719,3.945389050472719,1.0064537416966195,0.9481567943886312,,,1.85,0.189,231.0,34.468752334981204,11.914531428899036,31.452226911272323,22.730909174138848,33.78508545904078,0.6728089885016446,109.0,4.954545454545454,0.0,232.0,,,,,True
7A8K,True,CRO,208.0,811.0771148540135,104.50956009961264,31.921756799064635,30.47039948028852,0.2981023410855631,0.933168289168943,46.75904530940292,87.24867835390047,2.203470363182975,True,,,,,trans,169.7215236065926,10.278476393407402,1.04763171286005,0.9331682891689428,,,2.25,0.1888,225.0,50.37636270667191,11.81376980305501,48.51486845183791,39.53840918974443,50.63175363149018,0.780901437416414,198.0,4.5,0.0,66.0,,,,,True
7A8L,True,CRO,201.0,790.5862241720912,103.37051702987898,34.373242595418795,31.994068676979463,0.3655692886829987,0.9297490207115112,57.49775169458644,49.72838198365452,2.4170038772367475,True,,,,,cis,7.149691289770898,7.149691289770898,1.074362968413305,0.9297490207115112,,,1.75,0.1881,234.0,32.441343971374096,13.372485817678225,29.03861231122698,22.79727268218994,31.72406413365298,0.718611354022782,112.0,5.090909090909091,1.0,239.0,,,,,True
7A8M,True,CRO,188.0,783.9272877033015,102.4860720749084,34.46431000946284,31.680011534549667,0.3937627139564998,0.9378987328137158,57.30516489103053,48.87983426432215,2.3621840104822263,True,,,,,cis,8.7695881397332,8.7695881397332,1.087888177435689,0.9378987328137158,,,1.6,0.202,234.0,30.69574182913048,11.647902582156938,27.40094265390615,20.48227279836481,29.53217596166274,0.6935578612613551,122.0,5.545454545454546,0.0,288.0,,,,,True
7A8N,True,CRO,191.0,752.7579305951201,99.58496628835807,34.402351236874466,30.63513293061068,0.4549923921573769,0.9538446372196404,52.92332165852832,52.37924197350427,2.1879094398674748,True,,,,,cis,19.51341564268679,19.51341564268679,1.12297052259563,0.9538446372196406,,,2.1,0.2084,231.0,44.93099319934845,13.13548768558237,44.01983044511181,31.989545301957563,44.90209501917367,0.7124287917589966,95.0,4.318181818181818,0.0,190.0,,,,,True
7A8O,True,CRO,217.0,903.3209430092758,110.33924264758708,36.3738163332799,30.721756478731592,0.535379131795989,0.9323778461101588,54.73635523229004,36.94115459104541,2.289125862658421,True,,,,,cis,7.648508873225254,7.648508873225254,1.183975804197953,0.9323778461101586,,,1.6,0.1605,233.0,22.77636055195141,10.841876386250998,18.119109304327715,14.649545409462668,20.31833331567918,0.721001333222443,123.0,5.590909090909091,0.0,382.0,,,,,True
7AMB,True,PIA,249.0,817.6471098857461,105.28945774545248,34.921324170781524,33.0714606327173,0.321151945641379,0.9268426109848767,48.771136868975375,19.308242218778293,2.231699558570545,True,,,,,cis,-5.439922711517909,5.439922711517909,1.0559353443323327,0.9268426109848767,,,1.63,0.1507,231.0,26.432204037968887,12.394885868751164,22.938249031393443,16.73099994659424,24.97653410372689,0.6698687606979749,115.0,5.75,0.0,1033.0,,,,,True
7AMF,True,PIA,257.0,750.4916746452689,99.31696080822675,32.78402861189255,29.00211010477904,0.466271950800398,0.9561122892589934,55.10222337211944,18.80945692700995,2.42335116497456,True,,,,,trans,170.7464111166614,9.253588883338608,1.1304014946998742,0.9561122892589934,,,1.63,0.1544,235.0,27.63488352239231,12.299272103935204,24.213155884253208,14.866333309809368,26.5161318182376,0.5606524138481018,346.0,5.766666666666667,0.0,981.0,,,,,True
7AMU,True,PIA,220.0,815.2001079978088,104.19684497026526,34.36147963046553,31.888615838762348,0.3724958987127285,0.9435500775936412,54.84342677022791,53.28328769544974,2.412935777681323,True,488.0,507.0,gfp,keyword,cis,-2.1483124249388106,2.1483124249388106,1.0775469153069128,0.9435500775936412,19.0,green,1.64,0.1687,235.0,36.531261465813685,10.85375876494064,33.22315167081959,31.663500213623045,35.131678104868584,0.901280608318994,99.0,4.95,0.0,174.0,0.79,25000.0,19.75,,True
7BHG,True,TUK,171.0,722.2124442288631,99.76161315637238,34.23900641795882,29.435078111473423,0.5108089054148212,0.911901447624445,48.191691916043936,65.4815250600177,1.9345514761766136,True,580.0,608.0,fusionred,keyword,,,,1.1632041976682537,0.911901447624445,28.0,red,2.09,0.1632,223.0,48.95728499751403,10.91423401270771,45.31207208375673,,48.41195077481477,,,,0.0,142.0,,,,,True
7CAO,True,QYG,184.0,717.7949321049904,99.15904492872971,31.86086917322792,30.972542084531828,0.2344899061233253,0.9173722134353864,52.6634237496388,75.53734882807049,1.8188930547604465,True,,,,,twisted,-43.27774127889909,43.27774127889909,1.0286811165280405,0.9173722134353864,,,2.05,0.1922,227.0,48.55733042577163,16.5825931196457,46.52473447175152,47.38083299001058,48.72028097975145,0.9725073837259364,106.0,4.416666666666667,0.0,60.0,,,,,True
7CD7,True,CRO,194.0,827.9409822224152,105.5454578527831,35.59896312810502,31.26287881642907,0.4783003279619998,0.93396402449616,60.729539935685416,47.23837462114456,2.38782552532528,True,488.0,507.0,gfp,keyword,cis,4.345799726070592,4.345799726070592,1.1386975376495807,0.93396402449616,19.0,green,1.704,0.1823,236.0,26.34940081989013,10.23610014053656,21.71924373081752,18.11523823511033,24.610219489328355,0.7360860086179069,101.0,4.809523809523809,0.0,862.0,0.79,25000.0,19.75,,True
7CD8,True,CRO,175.0,805.8852048817374,103.62673207704124,32.84198644362542,32.48856526022692,0.1463103447874265,0.9430602536187508,47.64819650077607,48.48616679502067,2.223381964757708,True,488.0,507.0,gfp,keyword,cis,12.923607678250454,12.923607678250454,1.010878325360559,0.9430602536187506,19.0,green,2.0,0.1718,229.0,27.658441279263133,12.745168325709724,23.16262001970449,20.300952139354887,26.56874164615132,0.7640915934118254,104.0,4.9523809523809526,0.0,298.0,0.79,25000.0,19.75,,True
7DIG,True,,172.0,750.3325972442548,102.97590126966948,33.41677564014561,29.77089755470043,0.4542058358353797,0.8891857105686614,46.80327611172201,83.74007993781758,1.8227895993514391,True,488.0,507.0,green fluorescent,keyword,unknown,,,1.1224645000623954,0.8891857105686614,19.0,green,2.6,0.2342,219.0,39.13882783043605,9.534915799017078,37.81266054100946,35.31440017700195,39.1932138892164,0.901033538020681,126.0,5.04,0.0,0.0,,,,,True
7E53,True,CRO,171.0,761.2078318568961,101.70522548148972,32.95881449469059,31.31468975959909,0.3118974247270933,0.9247547655298723,46.818403236633415,47.54765954233656,2.183093141198611,True,488.0,507.0,gfp,keyword,cis,13.921935310204956,13.921935310204956,1.052503305883384,0.9247547655298728,19.0,green,2.21,0.2037,227.0,37.62487415483308,12.612847541725412,34.9927434161701,29.3254546252164,37.78465327320483,0.7761207814499832,100.0,4.545454545454546,0.0,92.0,0.79,25000.0,19.75,,True
7KM4,True,CRO,168.0,688.0649297533928,96.09651550683928,32.97973396339519,29.05340447450681,0.4732145613262566,0.9363193662161956,46.29852142895847,86.53628136741276,2.074519886048394,True,485.0,510.0,superfolder,keyword,cis,16.092106211832476,16.092106211832476,1.1351418038575678,0.9363193662161952,25.0,green,2.65,0.2302,219.0,57.41746031705642,15.36384204595266,56.80873897097526,38.148157986727625,57.77155149764927,0.6603277391343709,99.0,4.5,1.0,9.0,,,,,True
7LG4,True,GYS,202.0,798.6329925882974,102.51592770753876,33.45266105125966,31.9000238027226,0.3011175355489279,0.9549363367888798,51.196028802454514,40.41340803618315,2.2749854195973995,True,488.0,507.0,gfp,keyword,trans,-173.56611188617657,6.4338881138234285,1.0486719777433064,0.9549363367888798,19.0,green,1.81,0.1817,228.0,20.1381472411358,8.073638673095896,18.104237225096103,11.939047540937151,19.42313472442709,0.6146818065326121,119.0,5.666666666666667,0.0,134.0,0.79,25000.0,19.75,,True
7O7C,True,PIA,245.0,826.2908015671198,105.72014547841788,33.8566921770738,29.086486910092898,0.5117977189208031,0.929024736898446,52.41183139706881,48.17057235351233,2.1915902913036187,True,488.0,507.0,gfp,keyword,cis,7.527997589312678,7.527997589312678,1.1640007362087328,0.929024736898446,19.0,green,1.55,0.164,233.0,20.824670258967817,9.888854220385904,16.499962288478635,13.477250051498412,19.118287229810964,0.704940243312354,277.0,6.925,0.0,264.0,0.79,25000.0,19.75,,True
7O7D,True,PIA,218.0,835.0601327981952,105.33296523884329,34.835135840927705,32.092784567004855,0.3889087360856806,0.9457993120605166,54.40295145030871,54.53037800455126,2.3817399197659146,True,488.0,507.0,gfp,keyword,cis,7.45520698493964,7.45520698493964,1.0854507114581236,0.9457993120605166,19.0,green,1.4,0.1521,232.0,18.373632628490515,9.9859282127257,13.749770109680878,10.88899998664856,16.109603086030265,0.6759322329977921,100.0,5.0,0.0,348.0,0.79,25000.0,19.75,,True
7O7E,True,PIA,201.0,824.0967863840084,105.24005263172825,36.521101179587895,31.24142314847499,0.5179104139099131,0.9350309175124086,55.370207405148605,55.80485346473297,2.5413694983643267,True,488.0,507.0,gfp,keyword,cis,9.507014216642942,9.507014216642942,1.1689960795326515,0.9350309175124086,19.0,green,1.8,0.1592,235.0,30.884995678940413,11.116531640037042,26.473840091705323,21.93600025177001,29.121471928898952,0.7532586369716303,105.0,5.25,0.0,316.0,0.79,25000.0,19.75,,True
7O7H,True,PIA,239.0,814.9387652260615,104.22157195148884,34.26437142612767,30.40744251362144,0.4609306301881844,0.9428000620903484,55.02371770656089,54.9544272377961,2.5147386025390106,True,488.0,507.0,gfp,keyword,cis,9.573493781192186,9.573493781192186,1.1268416082930506,0.9428000620903486,19.0,green,1.7,0.157,237.0,31.303644120379115,11.816307374967446,26.86861429678813,22.11475012302399,29.663264463181896,0.7455265131210647,212.0,5.3,0.0,296.0,0.79,25000.0,19.75,,True
7O7U,True,PIA,293.0,892.6566610119262,110.618909070171,34.70523955208037,29.648260453247907,0.5198004113284206,0.916717605081066,55.99364792307438,55.4660077107381,2.4953462309748544,True,488.0,507.0,gfp,keyword,trans,173.66009301502302,6.339906984976977,1.1705657944690135,0.916717605081066,19.0,green,1.7,0.1797,238.0,23.4877052278661,11.424148593222622,20.4983775757796,13.062000020345051,22.80561196447833,0.5727537608151106,555.0,9.25,0.0,177.0,0.79,25000.0,19.75,,True
7O7V,True,PIA,187.0,806.0637949471449,105.22137203868525,35.055662347719135,31.24231348210416,0.4535709450835272,0.9148952185950356,55.20710256044251,55.92133020844357,2.490486375982299,True,488.0,507.0,gfp,keyword,cis,10.045685492059642,10.045685492059642,1.1220571859314863,0.9148952185950356,19.0,green,1.9,0.1486,243.0,48.64837548259492,18.07579109565191,45.222988007078136,35.51649980545044,48.50274815832885,0.7322574731129246,98.0,4.9,0.0,111.0,0.79,25000.0,19.75,,True
7O7W,True,PIA,234.0,740.7014977488828,99.14265626504914,33.52558304978305,28.91163539223296,0.5062695017549188,0.946960765888672,56.01815438541721,55.55949590184923,2.533954893687096,True,488.0,507.0,gfp,keyword,trans,172.65906352742846,7.340936472571542,1.159587916593249,0.946960765888672,19.0,green,2.1,0.1734,237.0,38.86141112966275,10.543063693615542,37.09945662816366,30.821250104904173,38.96908348768854,0.7909154474890715,288.0,7.2,0.0,56.0,0.79,25000.0,19.75,,True
7O7X,True,PIA,249.0,767.2349487690104,100.80841772066476,34.061294872296585,29.684338690296883,0.4903996666914217,0.9487343940128048,55.69748352593757,55.44763545150799,2.50843308978037,True,488.0,507.0,gfp,keyword,cis,7.486811112191631,7.486811112191631,1.147450014893895,0.9487343940128048,19.0,green,1.95,0.1569,235.0,43.88297098636221,10.842329458393008,40.75890508359366,37.062499809265134,43.401814831384925,0.853938941338101,320.0,8.0,0.0,124.0,0.79,25000.0,19.75,,True
7OIN,True,NRQ,213.0,950.281911504538,122.90555746698568,45.32353787961595,28.982611067210964,0.7688239725337568,0.7905316908978436,50.6260109079581,78.59631368382483,1.736479002845125,True,569.0,594.0,mscarlet,keyword,trans,-167.39106078227547,12.608939217724526,1.5638183107281194,0.7905316908978434,25.0,red,1.4,0.1635,227.0,12.071663568232582,7.091085014976616,9.393947346168652,7.060000046439793,10.772967561515602,0.6553440364621828,120.0,5.217391304347826,0.0,272.0,0.7,100000.0,70.0,,True
7PCA,True,CRO,193.0,801.0922406263481,104.8510871512234,32.72062297684653,31.44068663054089,0.2769550140607366,0.9156858720095572,48.90170232123513,60.57855176185659,2.284551224969672,True,485.0,510.0,superfolder,keyword,cis,5.257034664264764,5.257034664264764,1.0407095545127925,0.9156858720095572,25.0,green,1.05,0.1492,229.0,14.03947321963178,10.067301071729831,9.485485249933816,7.097692324565007,12.016262977681262,0.5906738507427893,126.0,4.846153846153846,3.0,281.0,,,,,True
7PCZ,True,CRO,196.0,782.5653725309378,103.14641128942586,36.53046901712111,30.03801990003893,0.5690931766378834,0.9243197786777304,53.06334717282208,79.17866234519592,2.215438201428484,True,485.0,510.0,superfolder,keyword,cis,7.595438350288381,7.595438350288381,1.2161410485340869,0.9243197786777304,25.0,green,1.35,0.1719,236.0,23.584183633355693,12.002226640901911,19.719218085332173,14.771538514357347,22.74701746250195,0.6493835307731206,125.0,4.807692307692308,1.0,348.0,,,,,True
7PD0,True,CRO,179.0,771.1741830727701,102.14217238562374,33.89557155853267,31.3249712797743,0.3820027753694178,0.9288640732480602,55.566598294030506,24.51159200726669,2.4218613585336217,True,485.0,510.0,superfolder,keyword,cis,16.243841149075028,16.243841149075028,1.0820623347360625,0.9288640732480602,25.0,green,2.0,0.2497,236.0,29.42602333769847,10.730939060471645,26.69000004105649,20.72636352885853,28.641484452724967,0.7236483696600653,100.0,4.545454545454546,1.0,521.0,,,,,True
7PNN,True,CR2,176.0,741.968995003333,99.28250046009757,32.73310460943478,30.63193025503723,0.3525077636624953,0.945910853582752,49.55976562140749,66.26025133036214,2.249386970997265,True,515.0,528.0,venus,keyword,cis,-0.3171769253618057,0.3171769253618057,1.0685942523668428,0.945910853582752,13.0,yellow,1.43,0.1616,229.0,27.115360154293764,11.76854653258211,22.24637935490444,17.673157591568796,25.56515743263899,0.6912986019403701,120.0,6.315789473684211,0.0,276.0,,,,,True
7Q6B,True,VUB,180.0,754.3339626054561,99.99183336523886,34.79249123557599,29.44131774227861,0.5328694560109737,0.9480788600622192,49.61546243728986,2.4877747442873805,2.352323327143136,True,558.0,605.0,mruby,keyword,,,,1.1817572684803077,0.9480788600622192,47.0,red,1.8,0.2271,222.0,39.597565234225726,10.810750357556552,38.53149325167971,,39.67203907799543,,,,0.0,76.0,0.35,112000.0,39.2,,True
7QGK,True,NRP,194.0,763.3402236624534,103.96441459177132,34.61633234866026,29.34164182204029,0.5305969996155292,0.8874800249689259,49.52713336124143,7.028610846549079,2.2358504042747582,True,558.0,605.0,mruby,keyword,,,,1.1797680770084864,0.8874800249689259,47.0,red,1.5,0.1738,218.0,21.799261298251512,6.635882194864691,19.85477683799608,,21.05330197684533,,,,1.0,156.0,0.35,112000.0,39.2,,True
7QLI,True,PIA,219.0,840.5666212482329,108.66376132994031,36.0354930385833,29.63111878114656,0.5690889951963277,0.8945663066543353,46.275059513775744,38.062339325225736,2.020494904918972,True,,,,,cis,12.600636476969866,12.600636476969866,1.2161367684001072,0.8945663066543356,,,1.155,0.1609,217.0,14.954645386856535,7.817813080051516,11.90982574447062,9.52689995765686,13.463864601736535,0.7075902973970865,115.0,5.75,0.0,232.0,,,,,True
7QLJ,True,PIA,243.0,780.3016722479189,102.86339250290575,33.696893784418634,29.25512260028429,0.496241458774635,0.926724649115875,49.35580628967792,36.98074947953518,1.9754961472579675,True,,,,,trans,161.40384937197928,18.596150628020723,1.1518288350666894,0.9267246491158754,,,1.02,0.1186,220.0,12.22564690048228,10.49989892984877,8.470786279247653,8.65627498626709,10.717475233555332,0.807678562126756,233.0,5.825,2.0,260.0,,,,,True
7QLK,True,PIA,199.0,790.0927159749328,103.81744944432596,34.86337164989598,30.214791575099746,0.4988941552348651,0.9211857515100615,46.16739972248134,38.12057196807242,1.8856217522729253,True,,,,,cis,9.328930326918329,9.328930326918329,1.1538511382162626,0.9211857515100618,,,1.458,0.1717,217.0,20.28687121435579,9.491986331984956,16.829225544219323,18.087700033187865,18.65145674423144,0.9697741190527688,112.0,5.6,0.0,197.0,,,,,True
7QLL,True,PIA,195.0,857.6517344079575,112.19899261082809,34.65181035012239,30.43075298877853,0.4783183287690607,0.8561363150476183,49.66374119948982,36.443488135897006,1.9670534362146448,True,,,,,cis,16.741951285549902,16.741951285549902,1.1387102502162991,0.8561363150476182,,,1.324,0.1695,219.0,18.07931036381332,10.371982251059803,14.925306716886888,12.920949983596802,16.744224636971285,0.7716660677776215,109.0,5.45,0.0,177.0,,,,,True
7QLM,True,PIA,205.0,737.7066031775291,100.81650829431904,33.623412979143595,29.72486530187788,0.4673874404952652,0.9120743262704736,46.17669273267704,36.796245453838765,1.913906673772472,True,,,,,trans,163.03338961548496,16.966610384515036,1.1311544270318168,0.912074326270474,,,1.3,0.1901,217.0,16.918042411914556,9.298792291975316,12.750526316252795,12.7614999294281,15.899936595167109,0.8026132590558281,110.0,5.5,1.0,160.0,,,,,True
7QLN,True,PIA,204.0,746.4167070901267,101.07657046525097,33.76592597016277,30.391736770751017,0.4357428991799926,0.918100491722818,46.3829921282024,36.81057948473823,1.9248095992693888,True,,,,,trans,179.14678998578034,0.8532100142196555,1.1110232437475922,0.918100491722818,,,1.5,0.34243,217.0,17.371499514050974,6.889301399077154,15.10947363772373,20.256999921798705,16.24350237909348,1.2470832612965832,95.0,4.75,0.0,161.0,,,,,True
7QLO,True,PIA,200.0,748.2231609079628,101.20077851458406,34.31884634898306,30.49891352416132,0.458503010246775,0.918064733178076,46.35611333542066,36.74738243952633,1.911832704711797,True,,,,,trans,177.87110060666015,2.12889939333985,1.1252481607843368,0.918064733178076,,,1.31,0.41696,217.0,14.863548698397704,7.744915293376601,12.317246952520208,25.37300024032593,13.342493392019378,1.9016685633513168,69.0,3.45,0.0,161.0,,,,,True
7RRH,True,GYC,171.0,726.8202291182483,100.43040074145044,33.22697418994605,28.580123022046383,0.5100441385216331,0.9055375813700216,46.00327188934179,22.115753146823167,1.8996708756387133,True,503.0,518.0,dronpa,keyword,trans,-157.86955303727046,22.130446962729536,1.1625903137056175,0.9055375813700216,15.0,green,1.747,0.1764,216.0,40.27274455690237,11.433459359136284,36.13211706522349,35.860000156220934,39.85163529768289,0.8998376073743192,104.0,4.9523809523809526,0.0,861.0,,,,,True
7RRI,True,GYC,150.0,676.6388643097557,95.84662559147552,32.1634430045625,28.4605628786294,0.4658323111705597,0.925578265147774,49.71382080194475,80.39478704277157,1.944796050615056,True,503.0,518.0,dronpa,keyword,twisted,-133.70276759174573,46.297232408254274,1.130105653276223,0.925578265147774,15.0,green,2.643,0.2263,221.0,43.56756224675416,13.955262355606465,41.37177274010399,34.73619034176781,43.8958188454587,0.7913325518328151,89.0,4.238095238095238,0.0,257.0,,,,,True
7RRJ,True,GYC,203.0,744.9887651387475,100.12066784506293,32.063616872703754,28.29315532410733,0.4704871329530009,0.9339252378455009,50.70966788972605,78.13660106292016,1.908894771513524,True,503.0,518.0,dronpa,keyword,intermediate,118.23105331800753,61.76894668199248,1.1332640882716882,0.9339252378455004,15.0,green,2.2,0.242,224.0,39.14201145458864,11.789544153883892,37.50999996000449,33.254999932788664,39.397366128861904,0.8440919584323827,230.0,5.476190476190476,0.0,844.0,,,,,True
7RRK,True,GYC,189.0,790.4972063964107,103.24350565423542,33.38631194360694,30.17889987028663,0.4276797447272826,0.9319330593401044,48.60074041952545,77.14220376481794,1.9185841953912364,True,503.0,518.0,dronpa,keyword,trans,-154.3436707174312,25.656329282568805,1.1062799534478145,0.9319330593401044,15.0,green,1.929,0.2423,222.0,29.894890420940293,10.65021505919207,27.92146013479317,19.970000221615745,29.04938339331759,0.687450055349869,119.0,5.666666666666667,0.0,1253.0,,,,,True
7RY2,True,CH6,170.0,693.9632742260345,99.25476431698718,34.91997469855891,27.06812269258607,0.63178059953442,0.8852045275266704,47.0922070166704,32.72529867658776,1.988734885243275,True,,,,,cis,20.15868739171273,20.15868739171273,1.2900774499638077,0.8852045275266704,,,2.05,0.1897,216.0,39.365926953575176,8.640363628889945,36.97422846013849,43.63654609348463,39.20374550669961,1.1130708438566792,120.0,5.217391304347826,0.0,652.0,,,,,True
7SAH,True,CRO,189.0,832.9517368456823,105.3072848510802,34.36410998459784,30.566142143985378,0.4569767301476875,0.9438714964540932,47.08865923740572,82.60544284443355,2.1452591741428493,True,488.0,507.0,gfp,keyword,cis,6.901085544391663,6.901085544391663,1.1242540789976598,0.9438714964540932,19.0,green,1.6,0.1563,227.0,30.99086542911642,14.142677427532783,25.00474784754905,20.2127272865989,29.049362274100417,0.6958062313340349,110.0,5.0,0.0,480.0,0.79,25000.0,19.75,,True
7SAI,True,CRO,167.0,758.1573297455072,100.45050197358944,33.250433749556656,30.993208018416283,0.3621639823652406,0.9442021376539984,47.36978773721704,30.933465922022613,2.178522694103195,True,488.0,507.0,gfp,keyword,cis,12.495795266811328,12.495795266811328,1.0728296899694645,0.9442021376539984,19.0,green,2.23,0.1711,227.0,69.94263995530525,24.54898138451836,66.0146929255703,50.02181798761541,69.44294546877424,0.7203297275186614,104.0,4.727272727272728,0.0,185.0,0.79,25000.0,19.75,,True
7SAJ,True,NRQ,160.0,695.5334060514128,97.3903220200638,32.157118486406354,28.984237918596296,0.4331290084347791,0.9215019405165824,46.96810754471133,8.471484738844467,2.0509946940385047,True,587.0,610.0,mcherry,keyword,twisted,37.34101664156459,37.34101664156459,1.109469173442519,0.9215019405165824,23.0,red,2.37,0.2076,216.0,65.88919074507035,14.26010844658422,64.57539538006449,89.40826084302819,65.67012218766048,1.3614754756742045,132.0,5.739130434782608,0.0,183.0,0.22,72000.0,15.84,,True
7SAK,True,NRQ,230.0,897.4449494679521,108.84163854928964,36.38875624200586,31.192500113103137,0.5149809851362463,0.951979375215676,47.95175178153605,45.04611018956434,1.8943955370970047,True,587.0,610.0,mcherry,keyword,cis,8.180494205531136,8.180494205531136,1.1665867150777027,0.951979375215676,23.0,red,1.15,0.1173,226.0,14.558037345340145,10.24191030697844,9.258888898681407,10.680434807487156,11.7562684459555,0.9084885103284228,132.0,5.739130434782608,0.0,468.0,0.22,72000.0,15.84,,True
7SAL,True,NRQ,163.0,770.4523467573977,102.17881938561816,33.23818615966579,29.43045342739458,0.4647517634546117,0.927329094192818,47.12573648664582,59.13902285259992,2.018495846227322,True,587.0,610.0,mcherry,keyword,cis,20.17472854786145,20.17472854786145,1.1293807022601587,0.9273290941928184,23.0,red,1.93,0.1613,218.0,39.80941232625233,14.136879644463091,37.11457021204056,31.93739161284073,39.13753955504473,0.8160296220952419,120.0,5.217391304347826,0.0,507.0,0.22,72000.0,15.84,,True
7SF9,False,,188.0,900.9775379285906,111.06455840019478,34.126496943153114,33.20746089142679,0.2305109893998858,0.9178523823824905,52.54718134151226,65.88820481000155,2.1308634533795057,False,507.0,516.0,branchiostoma,keyword,,,,1.0276755893722544,0.9178523823824905,9.0,green,1.8,0.2091,228.0,24.16176590737496,10.869280052145376,22.288974348296467,,24.1360000088286,,,,0.0,403.0,,,,,True
7SFA,True,JBY,218.0,901.0716576810806,109.92730626943025,36.32122798125206,32.65694008405802,0.437713658882645,0.9370397661510164,52.265992437773285,43.651331632355365,1.971086037553974,True,507.0,516.0,branchiostoma,keyword,,,,1.1122054879533192,0.9370397661510164,9.0,green,1.65,0.165,222.0,18.28634049115155,8.438021291821928,16.15797354576346,,17.59393352180967,,,,0.0,660.0,,,,,True
7SWR,True,CRQ,196.0,757.9504751850056,102.52323527458384,34.14935283078193,29.18866989116268,0.519063520650886,0.9061625059070134,46.632104890728286,59.01002293558032,2.0156005665599026,True,,,,,cis,-25.69249773742628,25.69249773742628,1.169952346513781,0.9061625059070136,,,1.388,0.1621,216.0,20.620846853599893,11.232865997040978,15.091271927482204,14.043750007947288,16.839877719147594,0.83395795635612,142.0,5.916666666666667,0.0,394.0,,,,,True
7SWS,True,CRQ,180.0,811.291679979,105.58938637419344,35.32585672409935,27.84797684934966,0.6152691714583329,0.9144213431184524,46.618852700165576,35.3267032770166,1.9467850942838776,True,,,,,twisted,-34.26462042142853,34.26462042142853,1.2685250679143798,0.9144213431184524,,,1.642,0.1943,218.0,20.3223437430958,7.691330518690193,18.51344035962306,16.003750165303547,20.03913394573379,0.7986248412053081,141.0,5.875,0.0,1136.0,,,,,True
7SWT,True,NRQ,171.0,747.3737269430133,102.31402606974552,32.67932863426119,29.654194773564058,0.4202038339883727,0.8971753682083804,46.2655015039102,38.04124857760969,1.7565652318337956,True,,,,,trans,-179.82326975900352,0.176730240996477,1.1020136909397371,0.8971753682083804,,,2.005,0.209,222.0,22.9156475531574,10.35140558119779,20.90760175351104,24.07739116834557,22.94269623420073,1.049457784846288,119.0,5.173913043478261,0.0,307.0,,,,,True
7SWU,True,CIV,201.0,839.2122072367135,107.21481036351275,37.12103694983198,28.83905913329617,0.6296331302797867,0.9174282160826372,46.83567467919346,88.49123472437053,2.008982834522004,True,,,,,,,,1.287179196042975,0.9174282160826372,,,1.444,0.1754,217.0,19.066833754982017,9.278242533928085,14.878844468858508,,17.11475101005847,,,,0.0,905.0,,,,,True
7TSR,True,PIA,185.0,735.7367868639934,100.82416014068752,32.01309065963914,27.68214666219876,0.5022657000610232,0.9095008499362484,46.3364148319672,37.705761688487726,2.049944459684127,True,506.0,516.0,eos,keyword,cis,-7.123035478701162,7.123035478701162,1.156452606450297,0.9095008499362484,10.0,green,1.75,0.2139,218.0,22.310184673638897,8.77565271606567,20.44022173259569,18.870700073242187,21.928693914652268,0.8605482910513518,222.0,5.55,0.0,96.0,,,,,True
7TSS,True,PIA,182.0,704.318524455479,98.34812123947214,32.29338127524808,27.524110765876458,0.5230299496478183,0.9150542430986808,46.7062806191082,37.12507219620424,2.0605066615593626,True,506.0,516.0,eos,keyword,twisted,-125.72502422657398,54.27497577342602,1.1732760978161887,0.9150542430986808,10.0,green,1.75,0.1919,218.0,22.92508883439101,9.32131853466388,20.762092134408785,20.271850109100345,22.504444700087944,0.9007931712716788,208.0,5.2,0.0,104.0,,,,,True
7TSU,True,PIA,188.0,777.5597120689188,104.38165602612612,32.27268376924668,28.164841263381067,0.4882307685596297,0.8967992758258555,46.25637615553463,38.99239645087524,1.9861285517234804,True,506.0,516.0,eos,keyword,cis,-3.465204755525205,3.465204755525205,1.1458500144719963,0.8967992758258555,10.0,green,1.75,0.2044,218.0,23.00695480930542,9.543341691458526,21.379367861396823,17.822750067710878,22.61102722803752,0.7882326569228483,228.0,5.7,0.0,107.0,,,,,True
7TSV,True,PIA,182.0,712.4377861090516,98.63798374521328,30.932683716753672,28.12655776280618,0.4161787598507435,0.9201707773071276,46.28380174641666,39.488147583748265,1.993867725336138,True,506.0,516.0,eos,keyword,twisted,34.64562258806409,34.64562258806409,1.0997678413978635,0.9201707773071278,10.0,green,1.75,0.2002,218.0,24.41830682407906,10.321411487959791,22.643649126354017,22.81209976673126,24.023059162861937,0.9495917906241208,255.0,6.375,0.0,95.0,,,,,True
7UGR,True,CR2,183.0,817.5186974766395,105.9014320570513,37.76041422501688,28.900489929876628,0.6435967697444654,0.9160177566740094,47.381858825763935,84.08669331081596,2.195972186041962,True,514.0,527.0,yfp,keyword,trans,178.0805638679375,1.9194361320624864,1.3065665778205746,0.9160177566740094,13.0,yellow,1.74,0.2015,227.0,33.667951392749,8.402902849786432,31.433097375177702,24.49473682202791,32.94925657286199,0.7434078753146292,115.0,6.052631578947368,0.0,172.0,,,,,True
7UGS,True,CR2,184.0,760.9567982312201,102.13877900160392,33.39751429752124,31.84446841507595,0.3013988384196825,0.9166183380722434,47.15743582980468,83.60181343840812,2.147622365299096,True,514.0,527.0,yfp,keyword,trans,175.5210439632668,4.478956036733194,1.0487697223330017,0.916618338072243,13.0,yellow,1.63,0.1503,227.0,32.9003202474447,13.512233080916271,27.248326223807272,21.171052430805407,32.009161229227104,0.6614060355781651,113.0,5.947368421052632,0.0,206.0,,,,,True
7UGT,True,CR2,193.0,793.4574957462531,103.07295555367054,35.18095063227851,30.0973358382934,0.5178012802853277,0.9385211683208332,51.82517443689059,66.85634910553837,2.240968576819485,True,,,,,trans,-175.09517108515624,4.904828914843762,1.1689058068560718,0.9385211683208332,,,1.21,0.1458,229.0,23.10538635037162,9.647796226772758,18.731428582327705,14.8173683568051,21.50697318291075,0.6889564715028728,109.0,5.7368421052631575,0.0,278.0,,,,,True
7VCM,True,CRO,318.0,1469.9375215619243,142.64239222087127,50.94374309567274,37.67647843610919,0.673079340278939,0.9078445954586624,74.28927430186107,62.37116490635543,3.267293385612376,True,,,,,cis,13.80810993187423,13.80810993187423,1.352136537443695,0.9078445954586624,,,1.85,0.1947,372.0,25.04784611400507,13.916796761982006,21.97097034274407,10.473636345429854,24.19469875988868,0.4328897189161798,109.0,4.954545454545454,0.0,892.0,,,,,False
7X2B,True,NRQ,166.0,725.0677478784559,99.281122254673,33.19981546616738,28.84195076171885,0.4952714322294622,0.9243896965606844,46.66268218426909,57.26783649451279,2.011938385909124,True,558.0,583.0,red fluorescent,keyword,cis,8.69599468381784,8.69599468381784,1.1510946586259556,0.9243896965606844,25.0,red,1.63,0.1711,218.0,25.536931768691527,7.765338587145818,23.328221215630457,20.235913152280062,24.86233182287381,0.8139185534344228,123.0,5.3478260869565215,0.0,164.0,,,,,True
7Y40,True,CR2,195.0,847.6362827783007,106.00058751240536,33.95501176178632,32.377176406100055,0.3012930532358826,0.9479880385225452,45.98115580861341,44.1365727853651,1.9142292384012272,True,488.0,507.0,green fluorescent,keyword,trans,-167.88463200157113,12.115367998428866,1.048732951134954,0.9479880385225452,19.0,green,1.7,0.1778,215.0,23.16513739998605,9.089918800884249,20.251277256011964,15.736578840958444,21.1653077488984,0.7435081515305393,99.0,5.2105263157894735,1.0,497.0,,,,,True
7Y96,True,CRO,301.0,1394.2681378837283,142.4329311783485,53.60760748708282,36.21876483806683,0.7372433165749799,0.8636451592769461,70.79970528906648,83.96793547164188,1.501435966638949,True,488.0,507.0,gfp,keyword,cis,4.813165108074679,4.813165108074679,1.4801058988831082,0.8636451592769461,19.0,green,3.415,0.2397,313.0,57.43041496649324,11.651473942311735,56.36368581576225,43.43545462868431,57.55680623391187,0.7546536625427382,96.0,4.363636363636363,0.0,0.0,0.79,25000.0,19.75,,False
7YAO,True,CR2,199.0,873.772657533733,108.39333162990611,33.99076366646923,32.504495214565424,0.2924711604909879,0.9345513821556224,46.13462390225594,46.0062316453564,1.8715718419666447,True,488.0,507.0,green fluorescent,keyword,trans,-163.65161366178913,16.348386338210872,1.045725012558811,0.9345513821556224,19.0,green,1.5,0.1598,217.0,18.303693049042312,8.687514281734181,14.705782220628526,11.806842101247687,15.707859152672995,0.7516518951749402,103.0,5.421052631578948,0.0,705.0,,,,,True
7YEU,True,GYS,212.0,881.4262926836129,107.61811307030426,33.439341279221075,32.97881442369759,0.1653914949769039,0.9563681826617436,57.815263044666594,87.76824442600248,2.4686945296193072,True,485.0,510.0,superfolder,keyword,cis,-0.2777442275898185,0.2777442275898185,1.0139643241751153,0.9563681826617436,25.0,green,1.95,0.1597,237.0,41.58608571482655,14.20413768170035,36.41140647050811,29.956095014299667,38.60392977872425,0.7759856363330487,120.0,5.714285714285714,0.0,368.0,,,,,True
7YRE,True,CR2,167.0,737.4945509706982,100.40958209464902,32.05793934992547,29.913619127312167,0.3595881958403285,0.9192176628758418,45.45456661617958,80.05615168640955,1.9482891888050229,True,488.0,507.0,green fluorescent,keyword,trans,-165.07238654851494,14.927613451485058,1.0716837442332567,0.9192176628758418,19.0,green,2.3,0.1968,214.0,34.38700056363144,9.109022447598443,33.48882722408972,25.181052559300472,34.44524840614198,0.7310457530278808,105.0,5.526315789473684,0.0,421.0,,,,,True
7YV3,True,CRO,180.0,752.7024363024767,100.94861564855051,34.71200887455009,29.79853040423195,0.5128969503189844,0.928180522000157,47.56854957731718,73.93371745779307,2.201479200266058,True,499.0,510.0,Lime pH sensor,manual_v2,cis,7.866656743732308,7.866656743732308,1.164889959459891,0.9281805220001572,11.0,green,2.0,0.1723,226.0,47.7978238144281,14.191482312752765,45.29955564710829,39.916363369334825,47.78169284700813,0.8353903135483867,99.0,4.5,0.0,101.0,,,,,True
7YV5,True,CRO,166.0,735.1830003244319,99.17705098784512,34.38591939563137,29.64332387805883,0.5067766391436918,0.9392537536214124,47.454044466439896,74.14653751450861,2.169896453445272,True,,,,,cis,22.72208753654954,22.72208753654954,1.1599886550199885,0.9392537536214126,,,2.85,0.2047,225.0,74.39876817615675,15.385815597315467,72.73517848764148,72.50727254694158,74.42235825770025,0.9742673336938966,96.0,4.363636363636363,0.0,0.0,,,,,True
7Z7O,True,IO8,199.0,856.2099588364822,109.37130584685268,39.49741627067815,30.182919304029312,0.645009531601935,0.8994630849675321,51.765562684306914,68.10146282764451,1.958984845418121,True,,,,,,,,1.308601592603582,0.8994630849675325,,,1.51,0.1634,228.0,23.33903257852808,8.4161078576821,21.18166667954964,17.37476176307315,22.53535398128813,0.7710001705542323,107.0,5.095238095238095,0.0,490.0,,,,,True
7Z7P,True,IO8,202.0,869.7047449146563,110.00154280160066,40.7622810445897,29.86452127903811,0.6806046435434728,0.9032004616949156,50.08983276359679,45.12999034932024,1.8031444789836764,True,,,,,,,,1.3649065613250166,0.9032004616949156,,,1.95,0.2091,227.0,37.70293479528486,11.569190370246703,36.55650859043516,30.44238099597749,37.70099564036864,0.8074688871977979,93.0,4.428571428571429,0.0,496.0,,,,,True
7Z7Q,True,IO8,176.0,755.1918525061648,102.37158983994944,33.65961697352418,30.19739409975375,0.4417460088961052,0.9055413031448284,48.88210187003333,75.35786439390255,1.8684627184851248,True,,,,,,,,1.1146530347066823,0.9055413031448286,,,1.6,0.2232,223.0,17.180893902375484,6.170755849234627,16.05515691303886,14.11428569612049,17.02376636874642,0.8290930097603205,117.0,5.571428571428571,0.0,345.0,,,,,True
7ZCT,True,NRQ,177.0,651.9386480562629,95.02660561655432,32.486360065423305,27.501793857830293,0.5322864115972962,0.9072482909769732,46.588814425338605,32.00962125652525,2.0369906752687936,True,569.0,594.0,mscarlet,keyword,trans,179.7260411109765,0.273958889023504,1.1812451301671658,0.9072482909769736,25.0,red,1.33,0.2001,215.0,19.86744317042926,6.278667534998467,17.7345777214898,14.063043469968049,19.50589513858469,0.7209637583947572,121.0,5.260869565217392,0.0,244.0,0.7,100000.0,70.0,,True
8A6G,True,OHD,252.0,748.9306424509114,100.1466690269472,33.67993786221395,28.43657237304345,0.5358426875169996,0.9383793593746548,55.73878012540583,55.90979620273084,2.402447501309614,True,488.0,507.0,gfp,keyword,twisted,45.04512708276534,45.04512708276534,1.184388097847579,0.938379359374655,19.0,green,1.63,0.155,235.0,28.437984166670955,11.856812179152216,23.36323308586178,19.271269934518,28.228295816993988,0.6826933534866924,329.0,5.222222222222222,0.0,124.0,0.79,25000.0,19.75,,True
8A6N,True,OHD,252.0,748.9306424509114,100.1466690269472,33.67993786221395,28.43657237304345,0.5358426875169996,0.9383793593746548,55.73878012540583,55.90979620273084,2.402447501309614,True,488.0,507.0,gfp,keyword,twisted,45.04512708276534,45.04512708276534,1.184388097847579,0.938379359374655,19.0,green,1.63,0.1798,235.0,28.437984166670955,11.856812179152216,23.36323308586178,19.271269934518,28.228295816993988,0.6826933534866924,329.0,5.222222222222222,0.0,124.0,0.79,25000.0,19.75,,True
8A6O,True,OHD,274.0,748.9306424509114,100.1466690269472,32.7539219009663,27.553483725706656,0.5406820884497676,0.9383793593746548,55.73878012540583,55.90979620273084,2.402447501309614,True,488.0,507.0,gfp,keyword,twisted,148.53925494710245,31.46074505289755,1.1887397697884488,0.938379359374655,19.0,green,1.63,0.1702,235.0,28.315670124538,11.985156747982106,23.36323308586178,18.21678576849046,28.228295816993988,0.6453377804523218,433.0,5.154761904761905,0.0,124.0,0.79,25000.0,19.75,,True
8A6P,True,OHD,268.0,748.9306424509114,100.1466690269472,32.83099493947936,27.557548437655942,0.543551257960551,0.9383793593746548,55.73878012540583,55.90979620273084,2.402447501309614,True,488.0,507.0,gfp,keyword,trans,154.9075689701427,25.09243102985729,1.1913612349717413,0.938379359374655,19.0,green,1.63,0.1691,235.0,28.26263705287631,11.94290986095898,23.36323308586178,16.7659524508885,28.228295816993988,0.5939413615183622,430.0,5.119047619047619,0.0,124.0,0.79,25000.0,19.75,,True
8A6Q,True,OHD,252.0,748.9306424509114,100.1466690269472,33.67993786221395,28.43657237304345,0.5358426875169996,0.9383793593746548,55.73878012540583,55.90979620273084,2.402447501309614,True,488.0,507.0,gfp,keyword,twisted,45.04512708276534,45.04512708276534,1.184388097847579,0.938379359374655,19.0,green,1.63,0.1717,235.0,28.437984166670955,11.856812179152216,23.36323308586178,19.271269934518,28.228295816993988,0.6826933534866924,329.0,5.222222222222222,0.0,124.0,0.79,25000.0,19.75,,True
8A6R,True,OHD,252.0,748.9306424509114,100.1466690269472,33.67993786221395,28.43657237304345,0.5358426875169996,0.9383793593746548,55.73878012540583,55.90979620273084,2.402447501309614,True,488.0,507.0,gfp,keyword,twisted,45.04512708276534,45.04512708276534,1.184388097847579,0.938379359374655,19.0,green,1.63,0.1664,235.0,28.437984166670955,11.856812179152216,23.36323308586178,19.271269934518,28.228295816993988,0.6826933534866924,329.0,5.222222222222222,0.0,124.0,0.79,25000.0,19.75,,True
8A6S,True,OHD,252.0,748.9306424509114,100.1466690269472,33.67993786221395,28.43657237304345,0.5358426875169996,0.9383793593746548,55.73878012540583,55.90979620273084,2.402447501309614,True,488.0,507.0,gfp,keyword,twisted,45.04512708276534,45.04512708276534,1.184388097847579,0.938379359374655,19.0,green,1.63,0.1685,235.0,28.437984166670955,11.856812179152216,23.36323308586178,19.271269934518,28.228295816993988,0.6826933534866924,329.0,5.222222222222222,0.0,124.0,0.79,25000.0,19.75,,True
8A7V,True,PIA,194.0,737.8378370530635,98.5533765141721,31.87778563965057,29.92799089133124,0.3443664518285473,0.9546139362513232,55.57059473862191,54.53432449995434,2.500197963144925,True,488.0,507.0,gfp,keyword,cis,5.624069022850358,5.624069022850358,1.0651495369468351,0.9546139362513232,19.0,green,1.46,0.1696,235.0,27.25385022618389,13.490510146087829,22.07974682980952,16.27625000476837,26.276914535275303,0.619412525885351,224.0,5.6,0.0,173.0,0.79,25000.0,19.75,,True
8A83,True,OHD,172.0,717.5358662497272,97.5337271774961,33.312892162876246,29.345736591133225,0.4732795289267686,0.9478592153644756,46.36950537865036,49.0022573066237,2.0671863496970166,True,488.0,507.0,gfp,keyword,trans,157.62993288302326,22.37006711697674,1.1351867777938718,0.9478592153644756,19.0,green,1.81,0.1998,225.0,34.47420253333365,10.801330420694525,31.898414124476226,29.17095238821847,34.261287027719625,0.8514260531023619,91.0,4.333333333333333,0.0,109.0,0.79,25000.0,19.75,,True
8AAB,False,,185.0,745.0919199405014,102.15757179545932,33.82457979155471,29.520873759087323,0.4881424926145852,0.8971779569157676,49.662543525321965,8.266692420590168,2.2081001746852262,False,558.0,605.0,mruby,keyword,,,,1.1457851846659042,0.8971779569157676,47.0,red,1.6,0.1936,219.0,17.88064619999821,6.833862461107864,16.210765804256404,,17.510220975578676,,,,1.0,123.0,0.35,112000.0,39.2,,True
8AHA,True,PIA,175.0,762.0778490473901,101.54629108434074,33.38454782649766,31.504551882518644,0.3308406246450929,0.9287120296420665,54.69329573872661,54.39919674183897,2.504143015960869,True,488.0,507.0,gfp,keyword,cis,2.7048467792554707,2.7048467792554707,1.0596737878065865,0.9287120296420665,19.0,green,2.38,0.1862,238.0,36.18482933842726,13.307864806935362,33.67465874716199,27.294779205322264,35.27112570643741,0.7738561970632152,91.0,4.55,0.0,62.0,0.79,25000.0,19.75,,True
8AHB,True,PIA,189.0,707.3270838190706,96.36709968854736,33.65619435632442,30.38283762509263,0.4301837895203309,0.9571336275786728,54.70236208037095,53.69424881495675,2.4393966561082574,True,488.0,507.0,gfp,keyword,twisted,-127.9246560442504,52.07534395574959,1.1077370313998711,0.9571336275786728,19.0,green,1.79,0.192,236.0,39.37122535893482,12.724678317417991,35.90586258477247,38.47382879257202,38.664374201079646,0.9950718093220218,88.0,4.4,0.0,88.0,0.79,25000.0,19.75,,True
8AM4,True,OHD,162.0,696.5925633229043,98.07971819021448,32.62839062634367,29.781494898053325,0.4085232895738352,0.9099767141252564,55.10180509364663,53.84271034683423,2.457091301000746,True,488.0,507.0,gfp,keyword,cis,9.3124544530531,9.3124544530531,1.095592774574806,0.9099767141252568,19.0,green,2.02,0.1959,230.0,36.87894620016037,8.902371132241926,35.36995627057605,32.1019047328404,36.93464740549836,0.8691542220614642,108.0,5.142857142857143,0.0,0.0,0.79,25000.0,19.75,,True
8ARM,True,NRQ,211.0,848.0828404286458,106.59360673690524,37.224860371098906,29.90132573952512,0.5956254947718823,0.937963255446809,47.7249771576213,81.08834309540109,2.027938506055792,True,569.0,594.0,mscarlet,keyword,trans,-168.59586951037178,11.404130489628216,1.244923408927423,0.9379632554468088,25.0,red,1.41,0.1125,220.0,14.141954261164132,11.140872681059916,8.608962498108546,9.690086924511451,10.81693888682143,0.895825244637108,123.0,5.3478260869565215,0.0,381.0,0.7,100000.0,70.0,,True
8B65,True,QYX,202.0,743.1794370637492,100.29401234986044,32.97869223497144,28.243274452893218,0.516296711560639,0.9284393455053436,46.47637715408457,33.70056253785572,1.839620697854237,True,,,,,,,,1.1676653247121327,0.9284393455053436,,,1.55,0.1512,221.0,22.5662871171074,9.044130853826536,17.90252058565124,19.620869677999742,20.728013833871664,0.9465870601618988,140.0,6.086956521739131,0.0,269.0,,,,,True
8B6S,True,CRO,309.0,1475.752582289093,145.28225577410635,51.21088930141905,39.15820770180356,0.6444503970693966,0.8786142990852767,79.50036480448904,56.400425977622255,3.843150421411532,True,488.0,507.0,gfp,keyword,cis,7.442050197447502,7.442050197447502,1.3077945163220626,0.8786142990852767,19.0,green,1.8,0.1728,518.0,26.800283281630488,6.942446082133536,25.419526037562303,21.62209276719527,26.696963213883016,0.809908325301632,120.0,5.454545454545454,0.0,460.0,0.79,25000.0,19.75,,False
8B6T,True,CRO,315.0,1496.1244664488756,146.17822614707907,52.26916896352464,38.821897388906415,0.6695906578350327,0.8798572443643038,80.40692555670543,56.92878591328391,3.925516544181457,True,488.0,507.0,gfp,keyword,cis,2.474340842324071,2.474340842324071,1.3463836772300797,0.8798572443643038,19.0,green,2.0,0.2206,517.0,20.637200348530342,6.022669344514627,19.89718460112579,13.823170965368098,20.72312024309925,0.6670410055633964,108.0,4.909090909090909,0.0,308.0,0.79,25000.0,19.75,,False
8B7G,False,,212.0,819.7808642718486,103.7094849579623,33.9860972365599,28.701701362017378,0.5355350330613879,0.95779085407435,46.52003243367307,31.99125110265043,1.8824777324425377,True,,,,,,,,1.1841143773287135,0.95779085407435,,,1.3,0.1249,220.0,19.019835850405773,11.534197896487417,12.938225828832197,,15.988480285737523,,,,0.0,358.0,,,,,True
8BAN,True,CRO,207.0,881.9333692703746,109.51214574805914,39.426830856334654,30.28464019690119,0.640302785376752,0.9241044512226884,55.22427181236674,72.31037990149693,1.9702306016656268,True,,,,,cis,11.63705711594988,11.63705711594988,1.30187549199838,0.9113116995766906,,,2.35,0.19444,244.0,39.33713531310477,11.301206339375897,36.77856553968836,35.357727310874246,39.17772705442372,0.9024956261948806,113.0,0.128127593236987,0.0,359.0,,,,,True
8BAV,True,CRO,199.0,880.6899710746281,108.1022433625105,38.5313933180273,30.94086593120866,0.5959735330871613,0.9470294870891768,54.94722436193726,72.38324098966393,2.090217544451467,True,,,,,cis,-1.4643779457376005,1.4643779457376005,1.2453236895080697,0.9173519383498744,,,2.3,0.18772,243.0,34.26514654329108,8.943699705892012,32.37942622919552,26.18590892444957,34.19564605934606,0.7657673400585647,109.0,0.1237665961689071,0.0,422.0,,,,,True
8BBJ,True,CRO,219.0,918.666053877974,111.25221596474192,42.28754899187368,29.781363296506843,0.7099436944482714,0.9327176444054404,58.34826081935835,46.01529562010404,1.5727016364261734,True,,,,,cis,17.134532971662434,17.134532971662434,1.4199332841432994,0.9327176444054404,,,2.65,0.2132,249.0,70.43846076420103,15.454916838174364,67.94044366959602,65.86318224126643,70.488614752512,0.934380431116633,102.0,4.636363636363637,0.0,12.0,,,,,False
8BGL,True,QYX,184.0,681.4440303121277,95.97070977510656,32.01005752935174,26.313211393595484,0.5694449148098121,0.9297424103892185,49.157142568534965,73.46094471531109,2.056225489617995,True,,,,,,,,1.2165013631571722,0.9297424103892185,,,2.0,0.1882,218.0,35.21121518728546,8.533998535477462,31.47643521096971,40.63695642222529,34.603441206988165,1.1743617109970743,112.0,4.869565217391305,0.0,261.0,,,,,True
8BVG,True,CR2,175.0,723.3613077010762,97.23207598129008,33.69092956551742,30.509685378632955,0.4241848010565842,0.9614927682110878,49.94577063253491,86.79396481427298,2.237222009280372,True,,,,,cis,10.768995850779527,10.768995850779527,1.1042699768091482,0.9614927682110872,,,2.38,0.2027,229.0,51.36660342244112,14.474724194271507,48.56824562005829,38.56421059056332,51.46641191269208,0.7493083189087257,92.0,4.842105263157895,0.0,219.0,,,,,True
8BXP,True,CRO,194.0,734.9462796355328,99.30295033154331,34.476001274422885,31.296519667122887,0.4194532023127346,0.9365719707949164,52.61977497360087,85.48107531153359,2.2868007989166776,True,488.0,507.0,gfp,keyword,cis,-7.788084938566559,7.788084938566559,1.1015921783354097,0.9365719707949164,19.0,green,1.79,0.20009,232.0,43.70996113583461,12.222548728598122,42.38481168068603,31.70681814713912,43.74703333353883,0.7247764186750227,102.0,4.636363636363637,0.0,275.0,0.79,25000.0,19.75,,True
8BXT,True,CR2,193.0,809.9210923379231,104.46297759976514,33.47326659301676,31.65433632682907,0.3251565263009427,0.9326694934601456,46.14972190357327,46.11369703317191,1.912330419675295,True,,,,,cis,6.02392880412522,6.02392880412522,1.0574622777557976,0.9326694934601456,,,1.6,0.1633,215.0,18.17128228261961,8.11243107536783,15.336448274809738,11.741473800257632,16.89188147156403,0.6950956777682433,98.0,5.157894736842105,0.0,375.0,,,,,True
8C0N,False,,165.0,681.1787282075717,96.83658226231852,34.1366848338378,29.081349968102497,0.5236898026516901,0.9128344781263072,48.098735649781865,75.876617785717,2.082384199363392,False,480.0,500.0,fluorescent timer,keyword,,,,1.1738342570506588,0.9128344781263076,20.0,green,2.9,0.2423,220.0,73.24872129639247,9.023367169667042,71.98269423393354,,73.38422918062261,,,,0.0,40.0,,,,,True
8C0T,True,CR2,291.0,1343.3459922810994,138.37388488028049,49.333070229796725,36.21361703272787,0.6790805957693743,0.8816363338481308,58.80858898181494,73.18839432261069,2.1763461159740185,True,,,,,cis,7.105727767524221,7.105727767524221,1.362279558686784,0.8816363338481308,,,1.28,0.1892,282.0,20.705282522428885,8.312255055606794,17.648056522275027,21.099473702280147,19.57409010648089,1.077928710223634,87.0,4.578947368421052,0.0,311.0,,,,,False
8C1X,True,CRO,178.0,760.1388342580859,101.63323102493368,32.9290962848478,30.84773845524442,0.3498847744728291,0.924764861891742,49.708308929487686,85.53888955502218,2.277894558867995,True,488.0,507.0,gfp,keyword,cis,-8.409312315384065,8.409312315384065,1.067471974732382,0.924764861891742,19.0,green,1.89,0.2065,231.0,55.39086368453614,13.617331830255216,54.00823282373363,42.46272711320357,55.75037500132685,0.7616581433253671,95.0,4.318181818181818,0.0,249.0,0.79,25000.0,19.75,,True
8C7I,True,CRO,246.0,1063.5571221399466,121.0576760772168,44.231286726640384,32.799112220674,0.6709125604221875,0.9119814801014726,82.27285177064982,70.0842202250262,5.5023823880181855,True,,,,,cis,14.784948490076872,14.784948490076872,1.3485513397146291,0.9119814801014728,,,2.12,0.2273,405.0,85.79705439100125,19.411850378231915,83.02939527341636,72.0827355818315,86.03047344163083,0.8378744495778875,105.0,4.7727272727272725,0.0,16.0,,,,,False
8DHR,True,CRO,179.0,821.0561576389565,105.28176777047337,32.891218166986725,31.749656762114988,0.2611700025274817,0.9308428978443788,46.33497510559434,16.96255592532637,2.16269149847762,True,488.0,507.0,gfp,keyword,cis,3.054991312258291,3.054991312258291,1.0359550786147047,0.9308428978443788,19.0,green,1.75,0.1806,226.0,16.41242062052091,10.5867981643979,12.20413331243727,7.1990908926183526,15.212450125821976,0.473236778630317,112.0,5.090909090909091,0.0,479.0,0.79,25000.0,19.75,,True
8DPD,True,CRO,192.0,835.5720285411578,105.6443586523189,32.992289287295435,32.67601630189873,0.1381327005796383,0.9408082895175828,46.50091328256719,70.38690790719689,1.993913417110547,True,488.0,507.0,gfp,keyword,cis,2.7287809112000905,2.7287809112000905,1.009679055808842,0.9408082895175828,19.0,green,1.51,0.208,228.0,35.93560420585215,19.01682465501053,31.62177390333997,20.14076263254339,35.08430660308514,0.5740675698795857,111.0,5.045454545454546,0.0,227.0,0.79,25000.0,19.75,,True
8DTA,True,CRO,198.0,914.0852315566916,110.68236896079677,35.403137638391584,32.84010528559418,0.3735640875270332,0.9376476393770228,55.89919444294583,33.55063839711853,2.4269361715689453,True,488.0,507.0,gfp,keyword,cis,1.1192051363712268,1.1192051363712268,1.0780458019396704,0.9376476393770228,19.0,green,1.81,0.1641,235.0,28.22864773260296,11.056906464087032,23.474363892765368,19.99670999700373,26.864929557612417,0.7443425434680689,114.0,5.181818181818182,0.0,250.0,0.79,25000.0,19.75,,True
8G0I,True,CR2,165.0,715.427949029777,98.3917499956973,32.169361825472706,30.274643406925524,0.338123432181235,0.92866354260505,46.797365071522975,68.45032286000229,2.144924783312932,True,488.0,507.0,gfp,keyword,cis,8.28528958685631,8.28528958685631,1.0625843347873671,0.92866354260505,19.0,green,2.2,0.1811,223.0,44.05340074045922,8.493415428060029,42.80279255772496,42.78789480108964,44.10313666847303,0.9701780424991044,84.0,4.421052631578948,0.0,66.0,0.79,25000.0,19.75,,True
8GOS,True,NRQ,181.0,972.3517023990634,116.58428950875894,34.487027789830634,30.58302375068436,0.4621574279239978,0.8989865252192636,46.7923211184051,29.56749767369326,2.037411874351883,True,,,,,cis,-2.463894698627216,2.463894698627216,1.1276526504040958,0.8989865252192636,,,1.01,0.138,215.0,13.222630073110032,10.299527159550223,8.136542052866142,6.6613042872885,9.771766795426853,0.681688831379599,125.0,5.434782608695652,0.0,684.0,,,,,True
8GYF,True,CR2,193.0,882.293530351752,110.96819742894212,34.63626824629008,31.487338953976057,0.4166089816650479,0.9003801168566781,46.29556991958212,44.31679468216398,1.914330510515606,True,488.0,507.0,green fluorescent,keyword,trans,-155.34200000496898,24.65799999503102,1.1000062055709665,0.9003801168566781,19.0,green,2.0,0.1916,215.0,18.255734979446945,9.670623704788158,15.561142855525564,9.231263210898952,15.94227944125204,0.5790428680488595,104.0,5.473684210526316,0.0,625.0,,,,,True
8I4J,True,QYG,187.0,819.3099323613619,106.1923995683998,34.32996257774058,29.953294278832328,0.4885932047008627,0.9130009195986736,49.150361177302095,59.98781057926608,1.8100749192031544,True,395.0,509.0,wild-type,keyword,trans,-174.01404516047995,5.985954839520048,1.1461164257315497,0.9130009195986736,114.0,green,1.62,0.1452,223.0,14.858868350845077,8.789390876637588,10.444349776469004,8.196666677792868,12.403220815822175,0.6608498550099813,155.0,6.458333333333333,0.0,1340.0,,,,,True
8IYY,True,CRO,177.0,776.0438481945374,103.33551769902355,32.87744193486361,31.77339220631379,0.2569705562056906,0.9132651500730968,54.2896196455217,52.77564516989551,2.3834651889660714,True,490.0,510.0,pH sensor FP,manual_v2,trans,-167.62130568871785,12.378694311282176,1.0347476190575091,0.9132651500730968,20.0,green,2.3,0.1775,237.0,30.96487105803478,14.513301943980917,28.805550882371804,25.528181769631125,30.9149158905984,0.8257561450262446,102.0,4.636363636363637,0.0,131.0,,,,,True
8IYZ,True,CRF,175.0,741.9436457140625,100.2643793490638,32.12710385267082,30.347910013600785,0.3281657377644693,0.927443462224791,47.286453629862095,50.36862923151504,2.166909863994753,True,489.0,509.0,s65t,keyword,cis,-0.509557029419632,0.509557029419632,1.0586265689555778,0.9274434622247908,20.0,green,1.99,0.1612,225.0,21.868720237697875,9.514479511178456,18.997946368796484,16.47166669368744,21.084676255425105,0.7812150632120455,117.0,4.875,0.0,185.0,,,,,True
8IZ0,True,GYS,178.0,772.5324319277394,103.6692502364358,32.791575191072255,31.815593706391013,0.2421580247716247,0.9032888918027892,53.80866244868942,50.95704878640728,2.282034121986516,True,434.0,474.0,mturquoise,keyword,trans,-172.24671384789056,7.753286152109439,1.0306761990264286,0.9032888918027892,40.0,cyan,2.1,0.17341,228.0,31.612849177897672,12.328332528260365,28.977973610294026,22.03333346048991,31.33428021339968,0.7031702439128522,104.0,4.9523809523809526,0.0,135.0,0.84,30000.0,25.2,,True
8IZ1,True,CRO,189.0,823.7116487709069,104.83112568356805,34.34099930104689,30.752818127298085,0.4450349549508741,0.9418995147331188,53.1679003917659,51.662275300111,2.270843428079865,True,,,,,cis,5.451655407300699,5.451655407300699,1.1166781255264446,0.9418995147331188,,,1.66,0.17281,228.0,31.03781583063168,11.079805506615187,27.63126633156855,23.393181800842285,30.14673151730332,0.7759773820725906,122.0,5.545454545454546,0.0,201.0,,,,,True
8IZ2,True,CRO,183.0,808.1364644125379,103.09410585245382,34.71613754683925,30.520353586975475,0.4765631476985635,0.9554916468764624,49.47914626164095,83.1612351309171,2.358518847236504,True,,,,,cis,0.6533383237309407,0.6533383237309407,1.1374749459539133,0.9554916468764624,,,1.572,0.1595,231.0,19.68786068905101,8.57635131838348,16.1405150204769,12.508181832053443,18.43360775989304,0.6785531077246935,120.0,5.454545454545454,0.0,252.0,,,,,True
8IZ3,True,CRO,172.0,716.3015193722686,97.63746558179052,32.74703857657021,29.20167726440772,0.4525581321783126,0.9442190123614146,53.160078172858576,51.4597614796788,2.3119801817861823,True,,,,,cis,3.3627652235809484,3.3627652235809484,1.1214095094627918,0.944219012361414,,,2.18,0.1701,227.0,26.1754789468424,9.151225446351962,24.2638765998874,23.316363421353422,26.0349670127198,0.8955787579819805,109.0,4.954545454545454,0.0,131.0,,,,,True
8J2H,True,CR2,194.0,837.611599126217,105.17958853578338,34.33772521562523,31.431192579002538,0.4026488183524777,0.951457977377756,45.89928712151902,44.35225033788589,1.9012217974709784,True,488.0,507.0,green fluorescent,keyword,trans,-174.4735516158472,5.526448384152786,1.092472871632761,0.951457977377756,19.0,green,1.7,0.145,215.0,20.488953468725263,10.501479744887265,16.039137110245967,13.900105175219084,18.220752663948165,0.7628721728231362,95.0,5.0,1.0,533.0,,,,,True
8J2I,True,CR2,194.0,820.290940543445,106.13337609770142,34.549101817365994,31.29183809958555,0.4238749099521555,0.9151110942228908,46.28130186385493,44.35985839041955,1.9097973115881377,True,488.0,507.0,green fluorescent,keyword,cis,10.539144892358935,10.539144892358935,1.1040930771600657,0.9151110942228908,19.0,green,1.75,0.1523,215.0,25.694892643947227,11.430633040620316,21.152493011017548,17.502421278702585,23.695856895535183,0.738627911025257,92.0,4.842105263157895,0.0,575.0,,,,,True
8J2J,True,CR2,182.0,852.1236498947532,107.58060518068154,33.56760457337747,31.521298141255976,0.3438099642626495,0.9252189449744068,46.22295004410651,43.310937492011305,1.927089772445188,True,488.0,507.0,green fluorescent,keyword,cis,10.238954023032488,10.238954023032488,1.0649182157077228,0.9252189449744068,19.0,green,1.9,0.1599,215.0,22.39832837997921,9.789894397891496,18.982325576072515,14.88184216147975,20.28757417611149,0.7335446826857711,96.0,5.052631578947368,0.0,562.0,,,,,True
8J2K,True,CR2,192.0,869.8473268707494,107.94094324614836,33.586844518438845,32.060237646866995,0.2980589151751552,0.9381677062249808,45.92335559769775,44.39056807622224,1.8757311063148536,True,488.0,507.0,green fluorescent,keyword,cis,-2.771667847687556,2.771667847687556,1.0476168295565031,0.9381677062249808,19.0,green,1.7,0.1527,215.0,23.87278166469701,10.63492563037738,19.14021920940103,16.421842123332777,21.4189312635716,0.76669754999692,94.0,4.947368421052632,1.0,609.0,,,,,True
8J2L,True,CR2,193.0,875.0655627171543,108.96653631558787,34.15132928471121,31.43064300099776,0.3911324584025037,0.9261133919818838,45.97011567053552,44.27067819476724,1.891224012605938,True,488.0,507.0,green fluorescent,keyword,trans,-156.38176579088295,23.61823420911705,1.0865615852538264,0.9261133919818838,19.0,green,1.7,0.1464,215.0,21.398829101239347,10.806033154948368,16.63472848780015,14.09857890480443,19.14685329509108,0.7363392139437899,91.0,4.789473684210527,0.0,519.0,,,,,True
8J3J,True,CR2,203.0,846.5585242682666,107.30567279687357,35.4710146469283,30.84349626808489,0.4938610210779076,0.9238925973859275,46.00572523510566,44.35383737661644,1.928009588343071,True,488.0,507.0,green fluorescent,keyword,cis,9.790389459305942,9.790389459305942,1.1500322252257666,0.9238925973859275,19.0,green,1.7,0.1677,215.0,27.258489970181564,11.981142629406952,22.84802282237571,18.149789408633584,25.240158589241,0.7190838102091088,94.0,4.947368421052632,0.0,556.0,,,,,True
8JKC,True,CRO,175.0,742.5692681736907,100.54676670157843,33.41958078486212,30.132748164553465,0.4324675556867917,0.923018948545979,46.906963711888594,81.85566188798218,2.2003458298380885,True,488.0,507.0,green fluorescent,keyword,cis,9.386443398410508,9.386443398410508,1.1090784219998595,0.923018948545979,19.0,green,1.95,0.2011,225.0,31.502373336882723,14.810538621458296,30.3240624325616,22.253181977705523,31.66776472246613,0.7027076957508908,102.0,4.636363636363637,0.0,568.0,,,,,True
8JKG,True,CRO,174.0,753.0585088852034,101.6354291237864,33.27881593963374,30.398068663806,0.4069823900673405,0.9161114974392648,46.96671513519861,81.95965898726482,2.2187346662964287,True,488.0,507.0,green fluorescent,keyword,cis,9.415252340622796,9.415252340622796,1.0947674441981163,0.916111497439265,19.0,green,2.2,0.1867,225.0,30.041139306582544,15.032935020775172,28.953124948910304,22.253181977705523,30.06510923797009,0.7401663437031967,110.0,5.0,0.0,522.0,,,,,True
8JKI,True,CRO,171.0,726.8295706400756,99.16152382436267,32.691863760634725,30.134008945525164,0.3877640383623449,0.9288724200421208,47.41602160916855,80.77860928625762,2.2098679349098185,True,488.0,507.0,green fluorescent,keyword,cis,9.38971660731456,9.38971660731456,1.084882659314714,0.9288724200421212,19.0,green,2.1,0.2079,225.0,37.790384629252586,11.259147683796575,36.47254472119467,22.253181977705523,37.92384315939511,0.5867860460284761,105.0,4.7727272727272725,0.0,341.0,,,,,True
8JL2,True,CRO,176.0,750.7893550573518,100.03579004744093,32.49658957386686,30.74534217587293,0.3238459944043641,0.9427947547514736,47.23048279687954,81.93246218512172,2.2078429345046007,True,488.0,507.0,green fluorescent,keyword,cis,9.356332178389978,9.356332178389978,1.056959762814681,0.9427947547514736,19.0,green,1.76,0.1906,225.0,24.431957054899986,10.214460688544673,22.041785695723124,22.253181977705523,23.68030810316069,0.9397336335643076,106.0,4.818181818181818,0.0,811.0,,,,,True
8JL5,True,CRO,181.0,790.8177534923325,104.39585863471486,34.38592016396204,30.8111354041557,0.4439747686921712,0.911842296131211,48.23379394497828,80.59225924186276,2.2706669871454817,True,488.0,507.0,green fluorescent,keyword,cis,6.912645801641481,6.912645801641481,1.11602249358601,0.911842296131211,19.0,green,1.8,0.1853,226.0,22.4438491617096,9.82840440513678,20.08208896213108,22.253181977705523,21.51773386914905,1.034178697116935,100.0,4.545454545454546,0.0,882.0,,,,,True
8JL6,True,CRO,165.0,682.8228001485312,95.31635869813384,32.77449540147724,29.17515771313995,0.4556115471279784,0.9444587452712152,47.88939060726703,71.79182014796645,2.211571219207704,True,488.0,507.0,green fluorescent,keyword,cis,9.493607641023315,9.493607641023315,1.1233699479443162,0.9444587452712152,19.0,green,2.88,0.1935,223.0,29.91791435184415,11.505929922608336,28.229054090139027,22.253181977705523,30.012860360983257,0.74145488667367,105.0,4.7727272727272725,0.0,0.0,,,,,True
8JL7,True,CRO,174.0,720.633975469327,97.64039537938449,32.12412874054081,30.152504894667057,0.344939744785672,0.9498729912773178,47.28633657331805,7.698937980554539,2.188580913564301,True,488.0,507.0,green fluorescent,keyword,cis,9.444318187061596,9.444318187061596,1.0653883931952357,0.9498729912773178,19.0,green,1.76,0.212,223.0,29.59565692102076,10.10681780440987,27.80963959994617,22.253181977705523,29.31271394362321,0.7591648463702406,106.0,4.818181818181818,0.0,263.0,,,,,True
8JLL,True,CRO,165.0,715.4892914895996,97.8760406964038,33.28644799212264,29.15922862469897,0.4822947232193265,0.9385560564039648,47.33358913238492,72.00711503335879,2.2186755945908128,True,488.0,507.0,green fluorescent,keyword,cis,9.381721557870458,9.381721557870458,1.1415407595497145,0.9385560564039648,19.0,green,2.69,0.2005,223.0,32.019010013414835,13.45844139354465,30.52864859984801,22.253181977705523,32.13998310845177,0.6923831261085405,94.0,4.2727272727272725,0.0,0.0,,,,,True
8JLM,True,CRO,172.0,738.836325947825,99.68376130014344,33.46515064738384,30.16476298421973,0.4330323681207592,0.9343493136249716,47.246946526168514,62.667143410469855,2.1862386167856545,True,488.0,507.0,green fluorescent,keyword,cis,9.396167746943984,9.396167746943984,1.1094120204057514,0.9343493136249714,19.0,green,1.85,0.193,225.0,21.24913624859101,7.515401105165049,19.21339292185647,22.253181977705523,20.679775914424606,1.0760842897810818,101.0,4.590909090909091,0.0,138.0,,,,,True
8JLS,True,CRO,172.0,814.4478840542871,105.04644665347372,35.082590582674875,29.20832071286293,0.5539366279234816,0.9274925516511776,46.94193523252955,62.5730531835062,2.1925731985250025,True,488.0,507.0,green fluorescent,keyword,cis,9.399943524008586,9.399943524008586,1.2011163163935334,0.9274925516511776,19.0,green,1.45,0.1805,225.0,18.335651551298305,7.349065951658771,15.320044666528702,22.253181977705523,16.93672656905845,1.3139010001117724,107.0,4.863636363636363,0.0,246.0,,,,,True
8JLT,True,CRO,172.0,819.2957969572444,108.43939765033612,33.65320671714987,30.275129026373925,0.4366717159891731,0.8755408180326231,47.46975986396451,38.71410198251327,2.2015939805460487,True,488.0,507.0,green fluorescent,keyword,cis,9.363726002936788,9.363726002936788,1.111579299557507,0.8755408180326234,19.0,green,1.94,0.2013,225.0,28.531143451183105,10.312365729303936,27.107455300433298,22.253181977705523,28.43356541607368,0.7826377611133374,108.0,4.909090909090909,0.0,259.0,,,,,True
8JLU,True,CRO,162.0,707.7810317497067,98.63895845409286,33.501504910114,29.160924690217747,0.4922811336837751,0.914138137489607,46.98024997680562,30.69488672161772,2.1456370415701542,True,488.0,507.0,green fluorescent,keyword,cis,9.441319664884096,9.441319664884096,1.1488491968621397,0.914138137489607,19.0,green,2.09,0.193,225.0,23.171016670740187,7.439792537217628,21.14544638139861,22.253181977705523,22.8193647900346,0.9751884937403544,97.0,4.409090909090909,0.0,385.0,,,,,True
8OSI,True,CR2,297.0,1317.3625057268378,138.80141995395803,53.3015026797604,33.30758488661596,0.7807126742638802,0.8592654397777595,75.46953706083758,85.0917445576046,3.275869797305755,True,,,,,trans,-172.00394190133554,7.996058098664463,1.6002812230669603,0.8592654397777595,,,2.42,0.1958,401.0,67.45959706454599,22.032124374624058,64.36698014665357,52.52157893933748,67.7102988543995,0.7756808022997653,100.0,5.2631578947368425,0.0,49.0,,,,,False
8OVN,True,CRO,309.0,1413.1759485182176,141.7108269654807,51.507864002733726,36.3135310653142,0.7091979061573767,0.884300838025146,65.4184063782996,65.40217776511102,1.8803870688102773,True,,,,,cis,5.360016870427422,5.360016870427422,1.418420695858266,0.884300838025146,,,2.6,0.1996,504.0,49.35714932916532,11.83165941813334,46.581147324730814,48.36107808893377,49.361673121314034,0.9797293128634206,101.0,4.590909090909091,1.0,19.0,,,,,False
8OVO,True,CRO,328.0,1443.5513735773598,144.24601948847064,52.925273733814855,38.98890635414652,0.6762432435040479,0.871835267867845,76.324659365255,84.78372736266722,2.271592907369051,True,,,,,cis,-5.850472734343096,5.850472734343096,1.3574444292712555,0.871835267867845,,,1.7,0.1903,504.0,30.607351344471,8.145876641321665,28.1482295916205,25.94493302431973,30.185373485650377,0.8595200266994716,118.0,5.363636363636363,1.0,731.0,,,,,False
8OVP,True,CRO,317.0,1465.5427001125138,146.75919944200425,52.71104881570366,38.47222387392193,0.6835857572243484,0.8550621303571451,77.5490109277975,6.003756890467527,2.191470812366658,True,,,,,cis,-5.487182753454504,5.487182753454504,1.3701066251965068,0.8550621303571451,,,1.7,0.1714,500.0,29.656414557235543,10.556707489397064,25.87017175969312,20.996133284135297,29.146952271253028,0.7203543303168374,127.0,5.7727272727272725,1.0,684.0,,,,,False
8OVY,True,CRO,172.0,767.4412537676629,101.29101137181917,33.596717186849766,30.66017946600682,0.4088658347043149,0.9399682621629962,49.80105196818262,15.334873532764684,2.17255475749726,True,488.0,507.0,gfp,keyword,cis,-0.198259146716857,0.198259146716857,1.0957769253796674,0.939968262162996,19.0,green,1.537,0.1858,227.0,20.48808851332509,9.157567991983056,18.12687172087948,12.365045460787686,20.48136931339497,0.6037216199554026,112.0,5.090909090909091,0.0,159.0,0.79,25000.0,19.75,,True
8Q6W,True,OFM,176.0,758.1014885897073,101.57235342422598,32.51353404624452,30.351221104996977,0.3585904427314015,0.9233921605710164,47.23063561990668,84.69939736261469,1.9882814066141816,True,548.0,562.0,morange,keyword,,,,1.0712430295231692,0.9233921605710164,14.0,orange,1.43,0.13355,216.0,23.40070960223221,11.138873701727965,19.06018266721404,17.85969690843062,22.19290753568528,0.8047479529085121,113.0,3.4242424242424243,0.0,148.0,0.69,71000.0,48.99,,True
8Q79,True,CR2,191.0,843.4305034828118,106.320357117775,34.6551457047837,31.33000057145805,0.4274257334920957,0.937618816391874,46.6106006288376,20.74558110627808,1.9447991358325536,True,,,,,trans,-164.3974430142854,15.602556985714584,1.106132941994099,0.937618816391874,,,1.45,0.1228,216.0,24.7453834404841,15.240487180863358,19.03927723711187,13.364894816749974,21.98617692189674,0.607877161374038,99.0,5.2105263157894735,0.0,677.0,,,,,True
8QBJ,True,CR2,194.0,921.5784984139044,111.31739015489327,33.84240644046022,32.33882285260458,0.2947609626676211,0.9345793184049138,46.12280139506348,37.95987365632641,1.9661335893990808,True,,,,,trans,-166.2299441727794,13.770055827220602,1.0464946913716913,0.9345793184049138,,,1.8,0.1986,217.0,20.674809574404826,9.192572677153295,17.463063936799628,12.06821060180664,18.75461725473268,0.6434794396436567,102.0,5.368421052631579,0.0,655.0,,,,,True
8QDD,True,CR2,188.0,1028.3317224434463,119.91231737734005,35.316518664450506,32.51018353363886,0.3906539599959383,0.8987015800039426,46.65659912252815,51.47294447726357,1.953352216729719,True,498.0,516.0,mBaoJin,manual_v2,trans,-151.57082218150677,28.42917781849323,1.0863217252498092,0.8987015800039426,18.0,green,1.6,0.1855,215.0,16.37129030547451,12.119939644029278,12.023972686854275,6.798947359386244,13.354824955730743,0.5091004473606912,96.0,5.052631578947368,1.0,791.0,,,,,True
8QWJ,True,CRO,169.0,734.0165161608667,98.8980886020196,32.39143006290139,31.04000351585421,0.2858369466411384,0.9430612493875988,49.67848702794484,52.57211704493312,2.163816008286431,True,488.0,507.0,gfp,keyword,cis,11.927586300517785,11.927586300517785,1.0435382214553204,0.9430612493875988,19.0,green,1.5,0.2379,227.0,37.69420124446192,12.756421868210843,34.57283717974097,28.94001501256769,37.24410795133525,0.7770360630030919,108.0,4.909090909090909,0.0,170.0,0.79,25000.0,19.75,,True
8RZZ,True,CRO,176.0,745.6898083837665,101.2583541700884,33.092497893025715,29.875277898042416,0.4301005582099589,0.9139161315192524,49.17980703101287,68.42379678305772,1.7353559864705772,True,488.0,507.0,gfp,keyword,trans,-152.9303509458203,27.069649054179703,1.1076883704969356,0.8883085792475378,19.0,green,2.299,0.2267,230.0,46.40117273757707,11.704501535039553,45.23372295098903,40.40571412586031,46.51787131952637,0.8686062577609733,119.0,0.1595837822403992,0.0,647.0,0.79,25000.0,19.75,,True
8S0G,True,CRO,172.0,665.1588238512659,94.66932862053037,31.963512515594637,29.866621353283143,0.3562325006699326,0.9326455585468946,49.08063496315485,77.67982944619995,1.748717742620346,True,488.0,507.0,gfp,keyword,trans,-169.42410046700556,10.57589953299444,1.0702085159719943,0.9072823775177288,19.0,green,2.378,0.2198,230.0,52.53589937773711,15.038377920499306,50.63160867276399,48.99380947294689,52.59591036945928,0.9315136695760284,128.0,0.1924352431482164,0.0,371.0,0.79,25000.0,19.75,,True
8S1L,True,CRO,166.0,705.630807738777,98.59402023734825,32.72213278033754,30.85527538097087,0.3329395435067664,0.9121919735835288,49.16698970431536,73.08756651847708,1.722758176637769,True,488.0,507.0,gfp,keyword,trans,-161.62125492889308,18.37874507110692,1.0605036699986157,0.9109801014588992,19.0,green,2.398,0.2676,230.0,89.42812530143384,23.493634689963663,89.31065197820249,77.91476149786087,89.62881014791719,0.8693048738377284,112.0,0.1587232285944382,0.0,93.0,0.79,25000.0,19.75,,True
8S1V,True,CRO,190.0,813.7925106744217,104.39371471715846,33.92288706125435,31.130055429200283,0.3973406918227713,0.9383715872503604,50.01592255226718,81.43756233389117,1.72072848791262,True,488.0,507.0,gfp,keyword,trans,-163.28125094496968,16.718749055030315,1.0897149585359995,0.9383715872503604,19.0,green,1.943,0.2039,230.0,56.36965536454941,13.801813403633506,53.89705631536839,45.455714089529856,56.27726324329292,0.8077101029774619,119.0,5.666666666666667,0.0,123.0,0.79,25000.0,19.75,,True
8SFS,True,CR2,169.0,748.6885487413197,101.02157108259534,32.925432626663245,30.27065040707868,0.3933942796456301,0.921897883491003,46.9869981910734,62.14643788404602,2.1433454567448056,True,488.0,507.0,gfp,keyword,trans,-175.5908550949338,4.409144905066199,1.0877015255332525,0.921897883491003,19.0,green,2.37,0.1902,226.0,56.01282839855905,12.264439405462555,54.06431109958225,46.68052633185136,56.07679331688907,0.8324392956647938,108.0,5.684210526315789,0.0,193.0,0.79,25000.0,19.75,,True
8SFV,True,CR2,174.0,793.4769322098956,104.4543037697662,33.84395311176359,29.87292950449499,0.4699995147282704,0.913884880327332,48.16643486229432,69.73748868850534,2.224927336404856,True,488.0,507.0,gfp,keyword,cis,-6.594190983162548,6.594190983162548,1.1329305050805638,0.9138848803273324,19.0,green,1.83,0.1827,228.0,43.6996649195095,15.923641818794712,39.8816297169824,32.82052642420719,43.18947422299915,0.7599195640758618,101.0,5.315789473684211,0.0,170.0,0.79,25000.0,19.75,,True
8SFX,True,CR2,160.0,700.518542899255,97.23395730791816,31.93750165646468,29.735168170568617,0.3649110174627528,0.93109410474055,48.0160525771044,70.22426679341709,2.230415875860716,True,488.0,507.0,gfp,keyword,cis,-2.63672727720211,2.63672727720211,1.0740649413268122,0.9310941047405502,19.0,green,1.95,0.2101,228.0,47.74416706891969,14.202754687348348,45.36356831017045,36.4863156770405,47.21702775213453,0.7727363922306836,106.0,5.578947368421052,0.0,146.0,0.79,25000.0,19.75,,True
8SFZ,True,CR2,165.0,700.5954040971036,97.75345391247608,32.350218633094194,29.956186789181977,0.3775322789289116,0.9213251480164808,47.40962258499053,42.47068730487706,2.189857687870889,True,488.0,507.0,gfp,keyword,trans,-172.41704749200647,7.582952507993525,1.0799177766102317,0.921325148016481,19.0,green,1.9,0.2066,228.0,41.378307170588016,10.971716589762329,39.89828206369005,35.9463159661544,41.42053604658458,0.8678380194241458,97.0,5.105263157894737,0.0,406.0,0.79,25000.0,19.75,,True
8SG3,True,CR2,156.0,702.4453542226072,97.29145412883334,32.646540793840344,30.50561018348998,0.3561707075033463,0.932551918021885,48.14425329403169,70.33962270278585,2.218692025760366,True,488.0,507.0,gfp,keyword,cis,-1.6015921611106705,1.6015921611106705,1.0701815370180354,0.932551918021885,19.0,green,3.11,0.2732,227.0,74.11341382852632,17.101943113257736,71.89048672566372,63.69105208547492,74.29913188910976,0.8572247140186344,88.0,4.631578947368421,0.0,6.0,0.79,25000.0,19.75,,True
8SLC,True,CR2,156.0,694.2898610296518,96.65371425331308,31.525104095553488,30.651840102732617,0.233738866908168,0.9339284195975516,49.20112801845302,26.16767290903084,2.182385904355259,True,488.0,507.0,gfp,keyword,cis,0.6027243553601975,0.6027243553601975,1.0284897738567746,0.9339284195975516,19.0,green,2.97,0.2197,229.0,68.16240491049038,16.507934817304115,66.74499985209683,56.5099983215332,68.24200324717474,0.8280823485918514,101.0,5.315789473684211,0.0,9.0,0.79,25000.0,19.75,,True
8SMU,True,CRO,282.0,1356.2178584977312,139.81956478007604,48.873704992326005,38.41126897161818,0.6183165739848105,0.8717730335727111,68.166685414085,60.29006034344757,2.585311130740396,True,488.0,507.0,gfp,keyword,cis,-1.1402077140639235,1.1402077140639235,1.272379338168662,0.8717730335727111,19.0,green,2.45,0.2087,395.0,68.97287882741703,15.693669502645871,67.22862945595368,56.790909160267226,69.05713080202335,0.822375741660603,113.0,5.136363636363637,0.0,76.0,0.79,25000.0,19.75,,False
8SXC,True,NRQ,180.0,763.2247130371419,104.43798746394384,34.89389090241376,29.71965466693239,0.52400510026328,0.879316656090575,48.649093366006994,54.858530867057205,1.9535335064780908,True,,,,,trans,-172.71374338102228,7.286256618977717,1.1741014925465636,0.879316656090575,,,1.5,0.16089,230.0,32.35737289055989,10.29621886372435,28.418927033060097,31.005217344864555,31.37125617386676,0.9883320314948968,115.0,5.0,0.0,121.0,,,,,True
8U20,True,C12,187.0,803.16883891103,104.82351165013246,33.42734522477554,30.800111800680867,0.3886044838385769,0.9185426049143014,47.87890131363597,23.61457880091968,1.923807743318518,True,488.0,507.0,gfp,keyword,,,,1.0852994768686717,0.9185426049143014,19.0,green,1.9,0.1733,211.0,31.52624874419861,12.21435570396275,27.04635513608701,24.50954541293057,30.054363197313165,0.8155070613880685,122.0,5.545454545454546,0.0,556.0,0.79,25000.0,19.75,,True
8U21,True,C12,181.0,781.2171378532822,102.9774826304256,34.49873117399973,29.74753393149357,0.5064334117247425,0.925757169585022,47.76632029051615,81.25452558795314,1.9476077572939416,True,488.0,507.0,gfp,keyword,,,,1.1597173484513985,0.9257571695850222,19.0,green,1.96,0.1774,211.0,40.52745151669803,12.025125852760224,36.457440941254674,39.66545469110663,39.5858049386993,1.002012078636033,118.0,5.363636363636363,0.0,214.0,0.79,25000.0,19.75,,True
8U22,True,C12,194.0,763.128016954581,100.3785846013515,34.75024674449311,29.53587501783908,0.5268678699787045,0.9517549124915768,47.08206747807665,22.37545089411932,1.8894802837677789,True,488.0,507.0,gfp,keyword,,,,1.1765436684541988,0.9517549124915768,19.0,green,1.8,0.18,212.0,27.220642268328707,12.038862709723622,23.54532714202025,19.14454564181241,26.20180166607172,0.7306576046105397,124.0,5.636363636363637,0.0,267.0,0.79,25000.0,19.75,,True
8U23,True,C12,175.0,694.2766194649867,96.65332807557168,32.49869634764103,28.787039539295385,0.4640851470675426,0.9339180705050584,47.42521015526832,83.66693994042375,1.96978443170843,True,488.0,507.0,gfp,keyword,,,,1.1289349953224297,0.9339180705050584,19.0,green,1.78,0.1648,212.0,31.332590478899068,12.963601895254405,26.373791500290423,22.83909086747603,30.232602988855163,0.7554457310836037,111.0,5.045454545454546,0.0,1764.0,0.79,25000.0,19.75,,True
8U24,True,C12,181.0,758.2218590021853,101.2102210506214,34.64417537484165,29.37318709471088,0.5302304753153685,0.9301594826730756,47.88775201850356,54.6751329457252,1.8759744132946905,True,488.0,507.0,gfp,keyword,,,,1.1794489737574272,0.9301594826730756,19.0,green,1.85,0.1679,212.0,32.78899397120869,11.372313952244852,28.980325565781705,23.033636353232644,31.820255821250207,0.723867101591632,115.0,5.227272727272728,0.0,246.0,0.79,25000.0,19.75,,True
8UL0,True,A1BE5,186.0,774.8786467824169,103.82603328814416,36.523812094869314,28.133168605552388,0.6377188360724159,0.9032979682438892,50.11147900570851,37.579706134945205,1.974968434449914,True,,,,,,,,1.298247367971944,0.9032979682438896,,,1.75,0.1721,220.0,28.318377242081336,16.5662211418797,23.766589978748783,,27.153080216629725,,,,0.0,142.0,,,,,True
8UL1,True,PIA,177.0,809.1161259814776,107.34639483710627,36.7227262804677,29.18587180341472,0.6069196328085548,0.8823599632337399,46.55319651357979,38.45871854588231,1.977272204611899,True,,,,,cis,12.064479422284052,12.064479422284052,1.2582364004001134,0.8823599632337402,,,1.75,0.1872,218.0,28.44010701894031,14.197757023486108,26.118525360037104,18.598999881744383,27.06323528399792,0.6872422933388784,100.0,5.0,0.0,346.0,,,,,True
8UL2,True,PIA,176.0,806.790903959533,108.09744612299316,35.751811444375775,29.6522486211154,0.5586678217948764,0.8676408478573595,46.495947906120456,38.47462476587769,1.9806088682615577,True,,,,,cis,11.201616263295792,11.201616263295792,1.205703213311009,0.8676408478573595,,,1.7,0.1904,218.0,27.24449822760576,13.866039586141346,25.24548387307725,14.190499973297118,25.96337371383984,0.5465583991395093,100.0,5.0,0.0,346.0,,,,,True
8UL3,True,PIA,178.0,787.4780446437002,105.34760901443995,36.279953151952185,29.26484636175147,0.5910436359357326,0.8916593167560232,46.53831168672016,38.514392781334536,1.981532616168388,True,,,,,cis,11.381734412283182,11.381734412283182,1.2397110411407903,0.8916593167560235,,,1.75,0.1649,218.0,25.07336764232506,11.18033902529396,22.643410071799284,14.050500059127808,24.13978082553464,0.5820475405586715,103.0,5.15,0.0,346.0,,,,,True
8UL4,True,PIA,178.0,837.4419927497178,111.27651787690664,36.92473298227613,28.56984678577313,0.6335130796610666,0.8498798730740479,46.61256351036752,38.5358538925253,1.983408953185954,True,,,,,cis,10.859774426937138,10.859774426937138,1.2924372069318717,0.8498798730740481,,,1.75,0.1689,218.0,26.042294577172253,14.566327470019448,22.798479234018632,14.74350004196167,25.16084775352698,0.5859699238430854,103.0,5.15,0.0,346.0,,,,,True
8UL5,True,PIA,181.0,783.0556208194906,105.20651070939611,36.23952704143191,28.899656130046367,0.6033687927941763,0.8890316888919538,46.56755323173277,38.49314817495003,1.9850124936233484,True,,,,,cis,8.266531913255198,8.266531913255198,1.253977794004076,0.8890316888919538,,,1.75,0.1734,218.0,26.125087523067524,15.461581011279126,22.907880211755423,16.159499883651733,25.21014994320985,0.6409918195668711,104.0,5.2,0.0,346.0,,,,,True
8UQQ,True,CR2,167.0,673.6321488342936,95.99869745965312,32.05094281433839,30.660061575531525,0.2913909729273669,0.9185482808279264,46.32813589530015,42.73187080983544,2.1323764623665884,True,514.0,527.0,yellow fluorescent,keyword,cis,2.8656979863572163,2.8656979863572163,1.045364593785319,0.9185482808279264,13.0,yellow,1.57,0.1788,224.0,27.93430481438288,8.891531304991165,24.70637555101553,18.8310526797646,27.359561036259656,0.6882805120596702,118.0,6.2105263157894735,0.0,146.0,,,,,True
8XC6,True,CRQ,170.0,666.3428322682514,94.32096826793736,34.691823462221386,27.88308060882995,0.5949855723400514,0.9412198844298314,51.7979790564524,56.28472106051559,2.0742253744784622,True,558.0,583.0,red fluorescent,keyword,cis,22.77387646254576,22.77387646254576,1.244189045999288,0.9412198844298314,25.0,red,3.0,0.19562,223.0,52.58721791220977,11.875806337915732,50.49146017564082,71.1066665649414,52.33807734737482,1.3586029554161294,112.0,4.666666666666667,0.0,0.0,,,,,True
8XLD,True,CR2,184.0,806.31375083587,104.72785165779524,33.969957868478495,30.77672103011428,0.4232815175233603,0.9238246389003918,45.57579314131053,26.03149087407435,1.9582341787947724,True,488.0,507.0,gfp,keyword,trans,-157.98337149929938,22.01662850070062,1.1037549398209026,0.9238246389003916,19.0,green,2.1,0.1623,214.0,36.65817177634848,14.413196348226148,33.83786453710538,28.77463190179122,35.9779288482666,0.7997856692403117,98.0,5.157894736842105,0.0,247.0,0.79,25000.0,19.75,,True
8YDO,True,GYC,173.0,742.6057859281741,99.91601904913186,35.649040954024656,27.914553663216576,0.6219738688355927,0.9347553261922976,46.863219395910335,63.45956333342856,1.9517757391324853,True,440.0,620.0,keima,keyword,cis,23.866827878685285,23.866827878685285,1.2770772330492222,0.9347553261922976,180.0,red,2.0,0.16152,218.0,31.309552705579925,8.796972019073237,28.44645164419429,44.86047563098726,30.56915017972864,1.4675081043219724,104.0,4.9523809523809526,0.0,527.0,,,,,True
8YQ4,True,CR2,176.0,706.7718399625605,96.92667790964944,33.55508827088308,29.113526171480224,0.4972039040735677,0.9453713699323952,46.545854163129874,19.263925803644486,2.017286262613432,True,,,,,trans,-167.42493822477434,12.575061775225665,1.15256008747418,0.9453713699323952,,,1.9,0.17018,214.0,20.64880422410511,9.107835876570904,18.997963009057223,10.761052633586685,20.09048565484544,0.5356292933113502,99.0,5.2105263157894735,0.0,297.0,,,,,True
8ZUP,True,GYS,214.0,935.9212021735578,112.46185221706256,34.80119001724411,33.62396748981374,0.2578950997486593,0.9299052206749024,48.3224452957968,52.19545889684761,2.2063328514459752,True,488.0,507.0,gfp,keyword,cis,0.6243297597241372,0.6243297597241372,1.035011410470433,0.9299052206749024,19.0,green,1.2,0.139,228.0,14.223583562270134,10.327923607286666,9.035555535927417,6.623084340776716,10.367570408476077,0.6388270423861283,116.0,5.523809523809524,0.0,493.0,0.79,25000.0,19.75,,True
8ZUQ,True,GYS,222.0,924.1420484737774,111.2999692559816,35.80360174099095,33.187068568289284,0.3752594063658377,0.9374724340968632,48.17618501860076,52.92864220503719,2.269814678846319,True,488.0,507.0,gfp,keyword,cis,4.684461865926705,4.684461865926705,1.078841949156118,0.9374724340968632,19.0,green,1.48,0.156,228.0,17.081456909672905,10.971835274994213,12.017168203396585,8.663333733876547,14.488973977457237,0.5979259640714002,121.0,5.761904761904762,0.0,449.0,0.79,25000.0,19.75,,True
8ZUR,True,GYS,240.0,935.7925185201308,112.37574702169348,37.0774621500957,33.030109784967905,0.4543159361158595,0.9312027488456006,47.46671732916462,48.63694538655107,2.273335612244462,True,488.0,507.0,gfp,keyword,cis,1.553031541697379,1.553031541697379,1.1225352380442208,0.9312027488456008,19.0,green,1.2,0.1287,228.0,16.17566243630306,8.69840266675479,12.241223554791144,9.963662510826474,13.893844006903729,0.7171278521534874,117.0,5.571428571428571,0.0,406.0,0.79,25000.0,19.75,,True
8ZUS,True,GYS,233.0,930.0186493061836,110.92553889998888,35.227590184174794,33.78042200576024,0.2836784370793629,0.9498136941430266,48.45572241197737,52.643890973238825,2.222488824764948,True,488.0,507.0,gfp,keyword,cis,7.50601969771493,7.50601969771493,1.0428404410746492,0.9498136941430266,19.0,green,1.2,0.1327,228.0,14.941679283548298,10.432257652567234,9.553447524260044,6.579634280431838,11.86421704163549,0.5545780439907421,118.0,5.619047619047619,0.0,519.0,0.79,25000.0,19.75,,True
8ZUT,True,GYS,204.0,868.0864468739546,107.87616603537262,34.09335169093072,33.49254963920488,0.1869063515468009,0.9373932754706013,48.353841249252085,51.88301061267119,2.286739079801631,True,488.0,507.0,gfp,keyword,cis,8.978751205789557,8.978751205789557,1.01793837907827,0.9373932754706013,19.0,green,1.48,0.161,228.0,18.889266675756883,10.107921630001115,13.92407020988306,9.959739094688778,16.533995006838417,0.6023794667029629,117.0,5.571428571428571,0.0,402.0,0.79,25000.0,19.75,,True
8ZXH,True,NRQ,172.0,682.0799331357609,97.06268793361926,34.855316954759786,27.14955463951805,0.6271214771936248,0.9097886380914952,46.59930850663463,50.59139002376993,2.0487951432860725,True,569.0,594.0,mscarlet,keyword,twisted,-120.450619263477,59.549380736523005,1.283826472203911,0.9097886380914952,25.0,red,1.46,0.1852,215.0,22.73806617474482,6.962115903780953,18.878611092214232,27.644347895746645,21.797403343825827,1.2682404165162626,135.0,5.869565217391305,0.0,178.0,0.7,100000.0,70.0,,True
8ZXO,True,NRQ,174.0,729.5554809540221,99.03012366856989,35.16330379517902,27.75029167248628,0.6141577480149789,0.9348319474227784,46.43145434039098,78.78999355022216,1.9825826212952773,True,569.0,594.0,mscarlet,keyword,trans,-156.60474681116088,23.39525318883912,1.2671327642311796,0.9348319474227784,25.0,red,1.816,0.1838,217.0,15.0036406062663,8.81476251054668,11.043119250087564,15.13652171259341,14.078610956428374,1.0751431202580386,114.0,4.956521739130435,0.0,173.0,0.7,100000.0,70.0,,True
9BCF,True,CRO,166.0,755.0944149875503,101.28337556206029,34.364774847737536,28.90305176002792,0.5409321493425013,0.9249852085669352,74.83555936767284,83.63494648546971,7.184938565950255,True,488.0,507.0,gfp,keyword,cis,-1.5491440910661365,1.5491440910661365,1.1889670036595588,0.9249852085669348,19.0,green,3.2,0.19881,341.0,94.80545412957132,21.72790598664917,92.9402046315154,75.05909035422586,95.01208612047743,0.7899951829186159,111.0,5.045454545454546,0.0,27.0,0.79,25000.0,19.75,,False
9C74,True,QCA,194.0,828.7465424187981,106.7537493068376,33.99907462347044,31.34091662666264,0.3876259421855126,0.9138298074189524,45.99562286012388,61.92064088887067,2.142819030805834,True,485.0,510.0,superfolder,keyword,,,,1.084814302927772,0.9138298074189524,25.0,green,1.51,0.1699,225.0,26.991145018109297,10.516725589885423,22.02816185972239,,25.016445674408263,,,,0.0,347.0,,,,,True
9CJM,True,NRQ,176.0,696.3340333483422,97.35714319567175,33.19097260502906,28.87866036085518,0.4929180361879341,0.9231915963848534,49.20528202037873,83.42234711061784,2.250447010270636,True,558.0,605.0,mruby,keyword,cis,3.845760995249981,3.845760995249981,1.1493252176620763,0.9231915963848534,47.0,red,3.0,0.27821,220.0,5.489081229615946,4.659528907441885,5.408506773715645,9.880869554436725,5.464439997196197,1.8082126548203648,135.0,5.869565217391305,0.0,22.0,0.35,112000.0,39.2,,True
9F22,True,CRO,182.0,741.6258954354901,100.7321241976903,34.36971531824907,29.404025538284685,0.517767520468379,0.9184568661751196,51.44439044915226,58.97472600915792,2.256680384897709,True,488.0,507.0,gfp,keyword,trans,-159.27179514494745,20.72820485505256,1.1688778896447,0.9184568661751196,19.0,green,2.2,0.1741,229.0,59.30607582115736,16.149870509776107,57.279739164269486,47.413181651722304,59.612639645496046,0.7953545075956814,94.0,4.2727272727272725,0.0,156.0,0.79,25000.0,19.75,,True
9F23,True,CRO,227.0,904.0978310978368,110.15842869012724,35.8500448892928,31.692438138404547,0.4674342294062082,0.9362456792498186,48.86467999266555,70.13633871013624,2.1325944964462007,True,488.0,507.0,gfp,keyword,trans,179.2435807971049,0.7564192028951027,1.1311860808162346,0.9362456792498188,19.0,green,1.59,0.17363,228.0,18.227538455042065,9.769907671944422,15.147992000043631,9.978181795640426,15.75841972488342,0.6331968541162997,122.0,5.545454545454546,0.0,744.0,0.79,25000.0,19.75,,True
9F24,True,CRO,171.0,770.3523088769605,101.42132118416706,33.18390472314469,30.68382150965973,0.3807943288087886,0.9411107304876778,48.26627043263288,66.96662859003783,1.993958299249975,True,488.0,507.0,gfp,keyword,cis,4.285926055030401,4.285926055030401,1.0814788735717908,0.9411107304876778,19.0,green,2.06,0.18222,232.0,55.39041727049932,15.535239766035994,53.00198280400243,41.76681813326749,55.27560869092527,0.7556102795141983,116.0,5.2727272727272725,0.0,261.0,0.79,25000.0,19.75,,True
9FEL,True,NRQ,173.0,770.0752456839509,102.47845945445432,33.04113019955297,30.032316617983177,0.4169327675432422,0.921462892792688,47.473538191808046,79.19582440126838,2.091339526489692,True,587.0,610.0,mcherry,keyword,cis,11.31027938201048,11.31027938201048,1.1001858637760942,0.921462892792688,23.0,red,1.5,0.18913,215.0,23.42688750828849,8.874856827985491,20.22695461186496,29.202608937802523,22.52554659025853,1.296421768092925,113.0,4.913043478260869,0.0,366.0,0.22,72000.0,15.84,,True
9FEM,True,CR2,170.0,664.7365811277687,93.98370741470713,31.64006638210291,31.11157849935629,0.1820089265254718,0.9457019781807487,48.996425430749255,51.07380489151913,2.1634165359596103,True,506.0,517.0,mneongreen,keyword,cis,8.467404246091803,8.467404246091803,1.0169868553200394,0.9457019781807487,11.0,green,2.32,0.23001,215.0,54.11789558458766,12.912366517308628,52.685140253227445,47.34631528352436,54.23403172776445,0.8730001029830499,94.0,4.947368421052632,0.0,21.0,0.8,116000.0,92.8,,True
9FEN,True,CRF,192.0,776.5213322971031,103.96670037450733,34.48137896408585,29.57986349202192,0.5138995555176729,0.9027650417917016,49.39389106105418,9.75077045771763,2.175704774924484,True,548.0,562.0,morange,keyword,cis,-7.687299942616921,7.687299942616921,1.1657044655863922,0.9027650417917016,14.0,orange,1.6,0.17044,229.0,38.45694353821496,9.952711964414036,35.30334713045231,33.037856919424875,37.68145623430009,0.8767669888870082,104.0,3.7142857142857135,0.0,218.0,0.69,71000.0,48.99,,True
9FEO,True,OFM,170.0,693.6026291298915,99.283080564596,31.759418656948167,30.118777035771785,0.3172511017668336,0.8842398974493885,46.50428374297989,77.69386307031404,2.027502827756565,True,548.0,562.0,morange,keyword,,,,1.05447238509146,0.8842398974493882,14.0,orange,1.9,0.20353,213.0,23.635105228784337,7.886106046129525,21.678981458699266,18.24939398332076,23.42896773878081,0.7789243720334055,115.0,3.484848484848485,0.0,231.0,0.69,71000.0,48.99,,True
9FEQ,True,CRF,192.0,800.2187148805502,103.1754031235575,34.014465391999664,30.786624718730263,0.4251904987406271,0.9446397559954952,46.62689288225298,50.21833138013036,2.113768707434663,True,548.0,562.0,morange,keyword,cis,3.618304648256506,3.618304648256506,1.1048455523383705,0.9446397559954952,14.0,orange,1.6,0.17745,226.0,21.63025529719961,8.828431748320739,18.63294116989905,15.143928630011422,20.333616912037822,0.7447729882747017,145.0,5.178571428571429,0.0,188.0,0.69,71000.0,48.99,,True
9FER,True,CH6,169.0,717.6786444582165,100.20002789704294,32.53262912238374,29.328722164191525,0.432743433778825,0.8982644298692348,46.55698940139777,29.74935510008676,1.906411894410972,True,439.0,476.0,cfp,keyword,cis,2.937664818985767,2.937664818985767,1.1092412734607298,0.8982644298692348,37.0,cyan,1.65,0.2092,218.0,19.24177952989193,8.860538952205747,17.514357829312665,16.443043501480766,18.84799999815382,0.8724025627701283,112.0,4.869565217391305,0.0,329.0,,,,,True
9FES,True,CH6,160.0,705.8372876733629,99.28624796053931,33.42586496475204,28.382971740476364,0.5281806867697013,0.8997798505392053,46.83521777313652,64.70482063248375,1.9412998656988112,True,587.0,610.0,mcherry,keyword,cis,3.436437778883173,3.436437778883173,1.1776731932930091,0.8997798505392053,23.0,red,1.66,0.19711,220.0,32.404224894452824,9.519371813671896,29.81000000592236,30.37652148371157,32.25892254135674,0.9416471193285554,122.0,5.304347826086956,0.0,92.0,0.22,72000.0,15.84,,True
9FGI,True,CRF,164.0,726.4488961752685,100.20473916143976,32.354692042539895,29.63944171637308,0.4009987000926577,0.9091559984269298,51.35443078573349,20.21653154488128,2.3120509364272848,True,548.0,562.0,morange,keyword,cis,-10.88729941002749,10.88729941002749,1.09160936134188,0.9091559984269296,14.0,orange,1.77,0.19874,230.0,44.95591768232579,14.022311267783191,42.23406123698538,36.89541649818421,45.12369440820482,0.817650615315654,98.0,4.083333333333333,0.0,171.0,0.69,71000.0,48.99,,True
9G7Q,True,A1IJF,185.0,768.2449516086532,101.27896073444468,32.841086225682844,31.017324447031346,0.3286060799274021,0.9411765688684292,46.44169893727273,46.07565915767225,1.9186304342872071,True,,,,,,,,1.0587981655789156,0.9411765688684292,,,1.65,0.1544,215.0,20.7459775696274,8.902564094212174,17.4690690081695,,19.559850749784506,,,,0.0,339.0,,,,,True
9GA0,False,,185.0,691.9809339176062,98.30582951210118,34.16463450094025,28.855674829419904,0.5353874658011601,0.8997988800172404,50.23467644627023,56.70697714138536,1.7845588393739338,True,,,,,,,,1.183983209642617,0.8997988800172404,,,1.59,0.1989,225.0,18.35680231310752,9.9201384970202,14.93883620459458,,16.850174598985205,,,,0.0,475.0,,,,,True
9GVR,True,5SQ,191.0,854.3676231749038,107.7107117563089,36.15359875117357,30.266476524254937,0.5469525788143416,0.9254156818691104,53.31014118153515,33.15538830418658,2.0775261207133258,True,506.0,516.0,eos,keyword,,,,1.194509665576725,0.9254156818691104,10.0,green,1.86,0.1678,218.0,14.631238685442527,10.878119013900625,9.717061407733382,8.32679998397827,12.85522412356581,0.6477366636271888,140.0,5.6,0.0,240.0,,,,,True
9H25,True,QYX,208.0,737.6111755509455,99.2400869321795,31.803969358760884,26.762369644602696,0.5402899543477406,0.9411591743174595,46.753012270009606,31.51997647913314,1.9763492159866336,True,,,,,,,,1.1883839055027383,0.9411591743174595,,,1.9,0.1557,221.0,22.88478049873098,9.559949651701055,18.169203521931067,23.569130441416863,21.538852806390167,1.094261177848077,196.0,8.521739130434783,0.0,214.0,,,,,True
9H26,False,,191.0,756.202698924265,101.06149701634104,34.09806397475956,27.61789617980513,0.5864920768948622,0.9304148488025084,47.00150645719213,30.696739517223232,2.0717161390016883,False,,,,,,,,1.23463654699712,0.9304148488025088,,,1.65,0.1503,221.0,21.398431909140285,10.012587985702988,16.526681061448723,,19.62662485771637,,,,0.0,244.0,,,,,True
9H27,False,,184.0,743.7598213346259,100.61688562650986,32.77707443980742,28.36558073307112,0.5010658352690873,0.9232107152982016,46.84948142362444,31.68400089769941,2.012407696164624,False,,,,,,,,1.1555227706511573,0.9232107152982016,,,1.7,0.1558,220.0,24.87054379199765,10.131836759365791,19.68482453362984,,23.12720400018782,,,,0.0,220.0,,,,,True
9IRJ,True,CRO,166.0,752.0203525649553,103.87802954777632,33.23379479644389,30.26761505071635,0.4129623725512709,0.8757740097989587,46.92720975327358,52.903245224668304,2.005613262931816,True,548.0,562.0,morange,keyword,cis,3.347076678702761,3.347076678702761,1.0979984627383892,0.8757740097989584,14.0,orange,2.8,0.1783,216.0,59.00791680099618,17.882767511912242,53.18121391118959,79.25172684409402,58.80719008821092,1.3476536920947293,84.0,3.8181818181818175,0.0,18.0,0.69,71000.0,48.99,,True
9J0Q,True,5SQ,174.0,770.956500840396,102.55240715437496,32.32492956369073,30.72426825113529,0.3107791822570798,0.921187468432302,50.061022663186606,36.98098184206056,2.116344609558613,True,488.0,507.0,green fluorescent,keyword,,,,1.0520976219668403,0.921187468432302,19.0,green,1.34,0.1447,219.0,16.898864871922523,8.500495946196212,13.210136378895152,9.951999969482422,15.313521382204147,0.6498831797791229,150.0,6.0,1.0,245.0,,,,,True
9J0R,True,5SQ,179.0,770.8678496677267,101.9449220319557,34.47144838299843,29.800424573404555,0.5026399308780289,0.9320916146986078,46.2810826387848,88.57332678190784,1.9995380209656728,True,488.0,507.0,green fluorescent,keyword,,,,1.1567435322301596,0.9320916146986078,19.0,green,1.66,0.1608,215.0,29.40537441572363,12.238986819737406,24.567023295025493,18.553600044250487,28.3466297283117,0.6545257839142602,147.0,5.88,0.0,466.0,,,,,True
9J11,True,5SQ,171.0,737.4256679490492,99.82439510059984,33.74468484911812,29.02671054297739,0.5099801833071194,0.9299395957197686,46.60731356951754,89.7411372071158,2.0386181508183165,True,488.0,507.0,green fluorescent,keyword,,,,1.1625390620530434,0.929939595719768,19.0,green,1.85,0.1533,216.0,26.08011628113333,10.633481015416216,22.24555045311604,16.366399993896483,24.804826582098283,0.6598070718102969,156.0,6.24,0.0,431.0,,,,,True
9JX2,False,,199.0,746.3929304238067,101.0807174850874,31.300291307580203,26.711858546094376,0.5212466617018243,0.9179959166382946,46.73831914523397,30.11323512360332,2.1062962198803974,True,,,,,,,,1.1717751220330834,0.9179959166382946,,,2.0,0.1752,217.0,31.47780856077257,9.073683253046266,27.29981975727253,33.73826076673425,30.80366514387174,1.0952677419766828,199.0,8.652173913043478,0.0,153.0,,,,,True
9K8W,True,CR2,307.0,1552.0969408803671,146.51098037915764,51.38831881866685,39.18691414571381,0.6469120422683925,0.9086326913275004,70.5985991870393,71.18866458990885,2.4698559024922004,True,488.0,507.0,gcamp,keyword,cis,-2.940016907343907,2.940016907343907,1.3113642637841545,0.9086326913275004,19.0,green,2.65,0.18064,403.0,54.331402445134735,24.373068344014623,52.52591119023967,39.51684228997482,54.794523544482864,0.7211823323528777,84.0,4.421052631578948,0.0,90.0,,,,,False
9K8X,True,CR2,315.0,1556.5203773822163,146.6543773871241,51.099359111238726,38.75000022819945,0.651874878814034,0.9094411765372472,71.76728159608274,70.36193685799151,2.5172307011134865,True,488.0,507.0,gcamp,keyword,trans,-177.8628146295491,2.137185370450908,1.3186931305887402,0.9094411765372472,19.0,green,2.05,0.21057,398.0,34.776530649926926,16.803818672760716,33.830322644255,22.890526119031403,35.27523379994844,0.6489121021521015,102.0,5.368421052631579,0.0,286.0,,,,,False
9LPU,True,CRQ,191.0,735.3598580123818,101.63924413263284,33.48111075906601,26.965493930528893,0.592739495638136,0.8945135622539219,47.784546201878754,56.9552777363232,2.120450779448701,True,440.0,620.0,keima,keyword,trans,152.9858626255091,27.0141373744909,1.2416279429304458,0.8945135622539219,180.0,red,2.2,0.2312,222.0,27.594530219411777,8.229215621401472,25.094434427459856,31.81999985376994,27.138075173036928,1.1725223565370897,253.0,5.270833333333333,0.0,314.0,,,,,True
9LSA,True,CRQ,170.0,700.6513979815494,97.46189414068354,32.540458950248976,30.06138428300629,0.3828376926970297,0.9269198056361616,45.70589096444984,75.74494432368424,1.9676653405311395,True,584.0,607.0,mrfp,keyword,cis,14.832665147040478,14.832665147040478,1.0824670828164125,0.9269198056361616,23.0,red,1.62,0.1739,220.0,25.1978457703382,7.6438978635159955,21.23190914934332,24.81166656812032,24.18166954327232,1.0260526686844615,112.0,4.666666666666667,0.0,299.0,0.25,50000.0,12.5,,True
9LSC,True,CRQ,183.0,827.1277972314472,105.05800948111812,35.2588124876988,29.754679819604217,0.5365108548700327,0.9417250965774244,45.78349633477589,78.43763606740659,2.000219309599945,True,584.0,607.0,mrfp,keyword,cis,15.761444547154534,15.761444547154534,1.1849837639478855,0.9417250965774244,23.0,red,1.38,0.1927,220.0,20.397784950475625,6.407343341009293,16.759140282195077,22.82916673024496,19.123769376035813,1.1937587345543086,114.0,4.75,0.0,476.0,0.25,50000.0,12.5,,True
9LSF,True,CRQ,168.0,698.9048804113752,97.52782852005758,32.30357845822566,29.79495267533638,0.3863740677335995,0.9233595128739892,45.7085153527925,75.7242423290828,1.965856499313157,True,584.0,607.0,mrfp,keyword,cis,16.98383609042679,16.98383609042679,1.0841963338631468,0.9233595128739892,23.0,red,1.62,0.1753,220.0,24.66456057488515,7.756476659096318,20.699136352539064,24.605833292007446,23.80494550091059,1.0336437565490844,114.0,4.75,0.0,296.0,0.25,50000.0,12.5,,True
9LSW,True,CRQ,154.0,701.5946979792537,100.29463466000004,32.68018144263374,28.59349025509715,0.4842151843379442,0.8764774780483932,46.20497035224046,89.3414242287933,2.029261596238172,True,584.0,607.0,mrfp,keyword,cis,16.485038895461347,16.485038895461347,1.14292383165109,0.8764774780483929,23.0,red,3.16,0.1855,213.0,57.97958312617193,11.119633584703356,54.7478773908795,54.55875015258789,58.0277921639676,0.9402175770951732,105.0,4.375,0.0,0.0,0.25,50000.0,12.5,,True
9LYL,True,BF6,192.0,770.3426044021701,101.7982339480773,32.8875388017422,30.646924225294548,0.3627913192647742,0.9341428503123906,46.3712095370209,37.22982783030546,2.137155709472587,True,,,,,,,,1.073110585583605,0.9341428503123906,,,2.33,0.2324,225.0,19.76420133886548,9.677459256658617,18.919391333538552,15.26653843659621,19.730703215266384,0.7737452776028741,143.0,5.5,0.0,115.0,,,,,True
9MUS,True,SWG,179.0,747.9450855428682,100.3662214951364,33.50633300047125,29.513817635383926,0.4734085706285057,0.9330489489069284,47.622077654662135,81.13425045239853,2.171137801696509,True,,,,,unknown,,,1.1352761413115438,0.9330489489069284,,,2.0,0.1859,226.0,32.72279018879908,11.24255154587976,30.40508690709653,25.569565233976945,32.524744130347806,0.7861573063112524,121.0,5.260869565217392,0.0,282.0,,,,,True
9MUT,True,SWG,177.0,756.1309012309774,101.2784663874353,33.29859689188552,29.759832986140136,0.448612568669987,0.9263446938532532,47.79843976415427,81.78110768651709,2.1844943772599485,True,,,,,unknown,,,1.1189107448080595,0.9263446938532532,,,2.2,0.1985,226.0,35.67761004007705,9.894769456090046,34.77452177794083,28.24913041487984,35.597036835338386,0.7935809529751636,112.0,4.869565217391305,1.0,208.0,,,,,True
9MUU,True,SWG,184.0,763.8834084644167,102.1083554369928,32.50330587198324,31.575248383317103,0.2372554826983437,0.9206920186488674,48.139095222430285,10.94953442001514,1.843191505749464,True,,,,,unknown,,,1.0293919299509446,0.9206920186488676,,,2.15,0.2092,234.0,43.14051518169975,15.785231100654311,40.97226172102258,31.366304065870203,43.299614763156896,0.7244014580138806,105.0,4.565217391304348,1.0,273.0,,,,,True
9MUV,True,SWG,180.0,762.6565216057098,102.878605220726,33.29754988226836,30.93704527266697,0.3698065881249489,0.905500547074701,47.15246835177567,79.92806599587136,2.1768517041726057,True,,,,,unknown,,,1.07630026037706,0.905500547074701,,,2.2,0.1887,228.0,35.352673236956136,9.970082675806648,33.58465944430529,28.57336052604344,34.96830648342065,0.817121656709077,113.0,4.913043478260869,1.0,253.0,,,,,True
9R6H,True,C12,228.0,1421.4518190284125,142.55557372909695,56.32937817214467,32.625203707739786,0.815195214945088,0.8789690903313883,66.19173354217149,73.1110472025337,1.734916595170481,True,488.0,507.0,gfp,keyword,,,,1.72656019796074,0.8789690903313883,19.0,green,2.42,0.229,460.0,63.82549603379618,16.39681207499367,62.81814807069068,43.546363310380414,63.98101826531621,0.6806137896993534,117.0,5.318181818181818,0.0,94.0,0.79,25000.0,19.75,,False
9TAD,True,GYC,156.0,689.4315756304583,95.49058398305782,31.55799199298302,28.86809894118214,0.4039897951230223,0.9501232275725584,46.854216044510224,72.56631931793609,2.042713750574843,True,587.0,610.0,mcherry,keyword,cis,-4.709844866054446,4.709844866054446,1.0931787388314504,0.9501232275725584,23.0,red,2.04,0.16555,218.0,25.03099300973298,8.432357558322204,23.39697243751736,23.43857147580101,24.54012071675268,0.955112313681502,111.0,5.285714285714286,0.0,87.0,0.22,72000.0,15.84,,True
9U9D,True,CRO,152.0,643.6784890499573,94.77144238170558,34.24694746387063,26.547172743265595,0.6317538987887575,0.9005832783200559,47.44023550060672,53.23382561834838,2.391995913532432,True,488.0,507.0,geco,keyword,cis,9.95843021380248,9.95843021380248,1.2900412332065867,0.9005832783200559,19.0,green,1.8,0.1835,201.0,43.68827548032378,10.096209211697506,41.8973267149217,33.09590903195468,43.335588234387,0.7637120062372411,102.0,4.636363636363637,0.0,174.0,,,,,False
2ZO6,True,GYS,,666.5,94.5,31.48,28.21,0.444,0.938,46.1,,,,,,Kusabira-Cyan (KCY),added_missing,,,,,,,,1.4,,,,,,,,0.921,139.0,,,,,,,215.0,False
2ZO7,True,GYS,,737.1,98.91,33.79,28.26,0.548,0.947,45.7,,,,,,Kusabira-Cyan mutant KCY-R1,added_missing,,,,,,,,1.58,,,,,,,,0.961,129.0,,,,,,,219.0,False
3BX9,True,NRQ,,715.7,101.94,34.06,27.97,0.571,0.865,48.2,,,,,,mKate (pH 2.0),added_missing,,,,,,,,1.8,,,,,,,,0.854,130.0,,,,,,,224.0,False
3BXA,True,NRQ,,738.1,101.86,32.34,27.4,0.531,0.894,47.7,,,,,,mKate (pH 4.2),added_missing,,,,,,,,1.75,,,,,,,,0.872,297.0,,,,,,,223.0,False
3BXB,True,NRQ,,716.3,100.27,34.66,28.54,0.568,0.895,47.9,,,,,,mKate (pH 7.0),added_missing,,,,,,,,2.6,,,,,,,,0.914,118.0,,,,,,,222.0,False
3BXC,True,NRQ,,723.3,100.72,34.76,29.1,0.547,0.896,48.2,,,,,,mKate (pH 9.0),added_missing,,,,,,,,2.6,,,,,,,,0.923,117.0,,,,,,,221.0,False
3LS3,False,,,678.1,96.48,34.48,31.2,0.426,0.915,52.0,,,,,,Padron0.9 ON state,added_missing,,,,,,,,1.65,,,,,,,,0.963,0.0,,,,,,,224.0,False
3LSA,False,,,708.5,96.76,35.88,31.2,0.494,0.951,51.7,,,,,,Padron0.9 OFF state,added_missing,,,,,,,,1.79,,,,,,,,0.915,0.0,,,,,,,224.0,False
3ST2,True,CR2,,703.5,97.93,33.72,30.32,0.438,0.922,48.4,,,,,,Dreiklang equilibrium,added_missing,,,,,,,,1.9,,,,,,,,0.805,118.0,,,,,,,236.0,False
3ST3,False,,,708.0,97.73,34.59,31.96,0.383,0.932,49.0,,,,,,Dreiklang OFF state,added_missing,,,,,,,,1.702,,,,,,,,0.772,0.0,,,,,,,236.0,False
3ST4,True,CR2,,715.2,98.18,33.58,30.54,0.416,0.932,48.8,,,,,,Dreiklang ON state,added_missing,,,,,,,,2.0,,,,,,,,0.822,119.0,,,,,,,236.0,False
4ZIO,True,CH6,,645.6,94.02,31.77,29.2,0.394,0.918,46.5,,,,,,mCherry143azF irradiated,added_missing,,,,,,,,2.0,,,,,,,,0.988,114.0,,,,,,,215.0,False
5YT1,True,NRQ,,695.6,98.38,32.75,28.95,0.468,0.903,49.1,,,,,,mNeptune684,added_missing,,,,,,,,2.0,,,,,,,,0.85,121.0,,,,,,,226.0,False
6S68,False,,,669.6,94.27,33.82,29.37,0.496,0.947,45.4,,,,,,AausFP2,added_missing,,,,,,,,2.06,,,,,,,,0.901,0.0,,,,,,,223.0,False
6U1A,True,NRQ,,661.2,96.53,30.77,30.02,0.219,0.892,47.1,,,,,,FusionRed,added_missing,,,,,,,,1.09,,,,,,,,0.81,256.0,,,,,,,219.0,False
6WEM,True,NRQ,,722.5,100.02,35.11,28.73,0.575,0.908,48.0,,,,,,mCrimson 0.9,added_missing,,,,,,,,2.04,,,,,,,,0.923,124.0,,,,,,,224.0,False
7DMX,True,CR8,,620.4,93.38,30.28,28.82,0.306,0.894,45.5,,,,,,PhoCl green form,added_missing,,,,,,,,2.1,,,,,,,,0.761,137.0,,,,,,,215.0,False
7DNA,True,CR8,,690.1,98.03,33.43,29.02,0.496,0.902,45.9,,,,,,PhoCl green+red form,added_missing,,,,,,,,2.3,,,,,,,,0.806,138.0,,,,,,,213.0,False
7LQO,True,NRQ,,723.0,100.68,35.95,28.78,0.599,0.896,46.8,,,,,,pnRFP,added_missing,,,,,,,,2.1,,,,,,,,0.943,106.0,,,,,,,228.0,False
7LUG,True,NRQ,,709.1,98.91,34.17,29.74,0.492,0.911,47.3,,,,,,pnRFP B30Y mutant,added_missing,,,,,,,,1.95,,,,,,,,0.936,103.0,,,,,,,223.0,False
7RHA,True,NRQ,,660.2,93.87,32.98,27.87,0.535,0.941,49.2,,,,,,darkmRuby (pH 5.0),added_missing,,,,,,,,1.8,,,,,,,,0.935,201.0,,,,,,,220.0,False
7RHB,True,NRQ,,682.7,96.99,33.58,29.37,0.485,0.912,50.1,,,,,,darkmRuby (pH 8.0),added_missing,,,,,,,,2.51,,,,,,,,0.942,126.0,,,,,,,219.0,False
7RHC,True,NRQ,,670.7,95.4,31.68,29.08,0.396,0.926,49.3,,,,,,darkmRuby (pH 9.0),added_missing,,,,,,,,2.8,,,,,,,,0.938,127.0,,,,,,,219.0,False
8I4K,True,NRQ,,701.2,98.33,32.35,29.58,0.405,0.911,49.8,,,,,,Azami Red1.0,added_missing,,,,,,,,1.84,,,,,,,,0.923,145.0,,,,,,,223.0,False
8PEI,True,5SQ,,656.8,95.48,31.61,27.95,0.467,0.905,48.8,,,,,,SAASoti C21N/V127T,added_missing,,,,,,,,3.0,,,,,,,,0.9,140.0,,,,,,,215.0,False
8WGP,True,CRQ,,675.4,95.81,33.39,28.19,0.536,0.925,46.8,,,,,,DsRed-Monomer,added_missing,,,,,,,,2.9,,,,,,,,0.8,94.0,,,,,,,217.0,False
8ZBO,True,5SQ,,600.5,90.9,31.8,27.15,0.521,0.913,46.5,,,,,,moxSAASoti F97M,added_missing,,,,,,,,2.0,,,,,,,,0.795,152.0,,,,,,,212.0,False
9LD5,False,,,873.7,109.95,42.84,30.88,0.693,0.908,49.3,,,,,,LSSmOrange cryo pH 8.0,added_missing,,,,,,,,1.9,,,,,,,,0.909,0.0,,,,,,,230.0,False
9LD8,False,,,970.7,116.35,43.51,32.57,0.663,0.901,50.1,,,,,,LSSmOrange RT pH 8.0,added_missing,,,,,,,,1.7,,,,,,,,0.918,0.0,,,,,,,231.0,False
9LD9,False,,,848.1,110.71,42.74,29.44,0.725,0.87,45.4,,,,,,LSSmOrange RT 250ps post-pump,added_missing,,,,,,,,2.0,,,,,,,,0.898,0.0,,,,,,,226.0,False
9S0T,True,CRO,,730.6,98.9,33.26,29.83,0.442,0.939,49.7,,,,,,sfGFP p-(phenylazo)-L-Phe,added_missing,,,,,,,,2.05,,,,,,,,0.629,97.0,,,,,,,223.0,False
