PDB_ID,Has_Chromophore,Chromophore_Type,Resolution_A,R_Factor,Sequence_Length,Canonical_Cohort,Cross_Section_Area_A2,Cross_Section_Perimeter_A,Major_Axis_A,Minor_Axis_A,Eccentricity,Circularity,Barrel_Length_A,Atoms_In_Slice,FPbase_Name,Excitation_nm,Emission_nm,Stokes_Shift_nm,Color_Class,Tau_Megley_deg,Phi_Megley_deg,Chromophore_Configuration,Mean_B_Factor,Chromophore_B_Factor,Barrel_B_Factor,B_Factor_Ratio,Chromophore_Contacts,Contact_Density,Disulfide_Bonds,Water_Molecules,Quantum_Yield,Extinction_Coefficient,Brightness
1B9C,True,CRO,2.4,0.204,224,True,625.8333914137407,92.50351194503342,30.95277992556587,29.04831366629285,0.3453556492765064,0.9190775391436544,45.81435110064683,159,green fluorescent,488.0,507.0,19.0,green,-3.1882987625983543,-3.1882987625983543,cis,39.99152651019083,34.43000066848028,40.05736193447264,0.8595174271536451,130,0.2077230166743476,0.0,286.0,,,
1BFP,True,IIC,2.1,0.181,226,True,646.49131859697,93.62326164195562,31.240581626785204,30.409651875606013,0.229102805070331,0.9268405524263884,51.187986032718285,157,EBFP,380.0,440.0,60.0,blue,,,,28.007124445964937,14.3742104078594,28.153881027678256,0.5105587536484943,100,0.1546811180960979,0.0,82.0,,31500.0,6.3
1C4F,True,CRO,2.25,0.193,224,True,633.1500720126188,93.30750904561698,31.41690045015392,29.360456790186863,0.3558491869682131,0.9138677119984628,46.94221253552582,160,green fluorescent,488.0,507.0,19.0,green,-0.1263189070691517,-0.1263189070691517,cis,43.34884546574629,32.31045454198664,43.49228586759077,0.742900813269589,110,0.173734482332662,0.0,62.0,0.64,,
1CV7,True,CRF,2.5,0.186,225,True,679.622255867955,95.37379628193618,32.46497367497069,29.79276843077311,0.397298141953785,0.9388999522796424,52.56238967807992,168,CFP W66,434.0,476.0,42.0,cyan,-36.29992872910393,-36.29992872910393,twisted,50.247497162967065,26.17375000317892,50.58458580464438,0.5174254090813529,107,0.157440400275516,0.0,30.0,,,
1EMA,True,CRO,1.9,,225,True,656.9658590716925,94.00823259519852,31.35275937682759,30.03561978478757,0.2868026872793002,0.9341591872485152,47.4490978046958,155,EGFP S65T,488.0,507.0,19.0,green,13.024501170160836,13.024501170160836,cis,23.493376608557245,12.611363714391535,23.630257273892664,0.5336955737813699,107,0.1628699551468221,0.0,95.0,0.64,,
1EMB,True,CRO,2.13,0.196,225,True,680.2535126444811,96.6303221892144,31.7567943722209,31.107257626921783,0.2012177974234427,0.9154904154221308,47.49086751373776,161,gfp,488.0,507.0,19.0,green,5.685861550009507,5.685861550009507,cis,33.1154337004762,19.553181626579978,33.280187728982945,0.5875321913990156,107,0.1572942998618826,0.0,74.0,0.85,25000.0,19.75
1EMC,True,GYS,2.3,0.205,225,True,684.2152001818841,96.47730630957746,31.89894768510412,31.04659605763944,0.2296230788291007,0.9237453038086896,46.48073430126005,159,green fluorescent,488.0,507.0,19.0,green,0.7888289975201576,0.7888289975201576,cis,16.37658198139142,5.649047579084124,16.502435736949217,0.3423159871143031,97,0.14176826234526,0.0,158.0,0.84,,
1EME,True,GYS,2.5,0.198,222,True,641.4461831152009,94.16323217917125,31.182696968017,30.51435907813276,0.2059285626048222,0.9090910340098252,46.29267557833819,155,green fluorescent,488.0,507.0,19.0,green,5.282585298377452,5.282585298377452,cis,13.988042497394868,3.832857109251477,14.1087323067616,0.2716655916289929,98,0.1527797694953305,0.0,74.0,0.84,,
1EMF,True,CSH,2.4,0.19,222,True,671.8994696780694,95.64190803506374,31.35546008352882,30.425997273495963,0.2416750990962542,0.9230340011295252,46.71219383604666,149,BFP,381.0,445.0,64.0,blue,,,,16.097047613047753,6.241578942851016,16.203080401685202,0.3852094038984007,92,0.1369252457426115,0.0,87.0,0.25,14000.0,5.32
1EMG,True,CRO,2.0,0.186,225,True,637.8595430759004,93.57536668697,31.41589880872361,29.601503271359263,0.334921749835185,0.9154019773306218,47.33422995518808,155,green fluorescent,488.0,507.0,19.0,green,4.188976161904558,4.188976161904558,cis,30.90883130813097,20.892272645776924,31.03732360584048,0.6731338343182883,113,0.1771549884714257,0.0,99.0,0.64,,
1EMK,True,CCY,2.1,0.195,221,True,644.4739990857648,94.13734033790122,30.97826145989732,30.372350773354245,0.1968143298180415,0.913884721293758,46.479235203557735,155,green fluorescent,488.0,507.0,19.0,green,,,,32.916291031670056,25.02499987862327,33.01583713566492,0.7579695700518932,104,0.1613719097241035,0.0,114.0,0.76,,
1EML,True,GYS,2.3,0.201,220,True,650.646789372897,94.2706135272801,31.13016756657575,30.625394194293545,0.1793514112920277,0.9200310573956144,46.66210467489006,154,green fluorescent,488.0,507.0,19.0,green,4.284392629698002,4.284392629698002,cis,29.11033715752193,16.451428595043364,29.264089083382,0.5621712177053728,97,0.1490824231892238,0.0,105.0,0.84,,
1EMM,True,GYS,2.3,0.194,220,True,675.7252303611511,95.51733809690616,31.266634672055112,30.42846673742922,0.2299904076825012,0.9307125651756016,46.34236509213192,154,green fluorescent,488.0,507.0,19.0,green,-0.6497236430817593,-0.6497236430817593,cis,33.14181870826973,12.141904785519554,33.396289679058974,0.3635704715165737,105,0.1553886036545967,0.0,96.0,0.85,,
1F09,True,CR2,2.14,0.204,225,True,691.8693001414782,95.82787967266944,31.89113261754417,29.84712660863906,0.3522478333888539,0.946782379353992,47.21528181647969,160,gfp,488.0,507.0,19.0,green,2.9354814027434166,2.9354814027434166,cis,37.48884293895122,38.35157896343031,37.47971599882589,1.023262261769319,129,0.1864514005370973,0.0,105.0,,25000.0,19.75
1F0B,True,CR2,2.1,0.188,225,True,690.4940916807061,96.49598142460584,32.67516597482053,30.371729618090384,0.3688095514009986,0.9318615142308868,46.83705375512126,161,gfp,488.0,507.0,19.0,green,-16.717904037172673,-16.717904037172673,cis,37.05761563252773,30.585789329127262,37.1260434008998,0.8238364912428556,120,0.1737885978255258,0.0,125.0,,25000.0,19.75
1G7K,True,CRQ,2.0,0.162,217,True,690.8108818397073,96.77816545860452,32.84275185562089,28.692126182555548,0.4866065125831531,0.926860263672085,46.391754350346105,169,dsred,558.0,583.0,25.0,red,-3.5242144723258555,-3.5242144723258555,cis,17.505133903319283,18.82374986012777,17.48723413919971,1.0764280794944066,121,0.1751564765131715,0.0,418.0,0.68,75000.0,59.25
1GFL,False,,1.9,0.214,230,True,666.1933376292709,95.96516617217635,31.771546743204613,30.305345690025057,0.3002779134119354,0.9090398245544972,50.70810094296702,155,Wild-type GFP,395.0,509.0,114.0,green,,,,26.61676714178634,,26.61676714178634,,0,0.0,0.0,300.0,0.79,,
1GGX,True,CRQ,1.9,0.192,216,True,708.911339213494,98.65141762434332,32.88272288350379,28.40184384242039,0.5039522607195579,0.9153667356602558,46.39382355402898,164,dsred,558.0,583.0,25.0,red,-2.362155032719027,-2.362155032719027,cis,18.58764442191389,18.45000004768372,18.589522457719188,0.9924945672836508,116,0.1636311814798969,0.0,579.0,0.68,75000.0,59.25
1H6R,True,PIA,1.5,0.183,228,True,673.7300200615936,95.24955099728996,32.2674492803961,30.847477744583863,0.2933872426557959,0.9331895973505692,47.0827544046513,174,green fluorescent,488.0,507.0,19.0,green,-4.201266840668776,-4.201266840668776,cis,16.651403339265435,15.776499938964845,16.6608771172871,0.9469189303722408,141,0.2092826440880718,1.0,840.0,,,
1HCJ,True,GYS,1.8,0.209,226,True,666.9415182508619,95.5653237090829,32.37256275136193,30.58018613365316,0.3281292174859122,0.9176920034864006,48.13415206628156,151,green fluorescent,488.0,507.0,19.0,green,3.402922341986089,3.402922341986089,cis,32.808669964998764,25.155238378615607,32.89840869381732,0.7646338949927111,95,0.142441274684997,0.0,633.0,0.79,,
1HUY,True,CRO,2.2,0.164,230,True,680.7312237046672,94.91717781270908,32.457086859783985,29.82774719515994,0.3942801967366866,0.949502038947304,52.6134913599148,160,green fluorescent,488.0,507.0,19.0,green,-0.5828992973937548,-0.5828992973937548,cis,27.84362851466268,15.95842100444593,27.96682488274457,0.5706196921300214,118,0.1733430110019367,0.0,97.0,0.76,,
1JBY,True,CRO,1.8,0.194,223,True,649.4571939537017,93.52364378573223,31.408211316551355,29.43329341051241,0.3490047137746314,0.9330771574461556,45.61695295552848,158,green fluorescent,488.0,507.0,19.0,green,1.9273432243812847,1.9273432243812847,cis,40.58866895674565,30.318181904879484,40.71995931998856,0.7445533446296184,105,0.1616734728285806,0.0,114.0,0.16,,
1JBZ,True,CRO,1.5,0.177,223,True,665.7009902955139,95.50996184713762,30.700435466430704,30.49217931168621,0.1162796972857161,0.9170472732441572,46.26777155605678,151,green fluorescent,488.0,507.0,19.0,green,1.4203206271359334,1.4203206271359334,cis,22.52380112626336,19.66227288679643,22.560023002712303,0.8715537605804972,114,0.1712480553009149,0.0,202.0,0.16,,
1JC0,True,CRO,2.0,0.223,225,True,637.3904639349994,93.32383858035573,31.20661804317136,28.92978436622083,0.3749623561921971,0.9196662268206676,47.90424770449959,159,green fluorescent,488.0,507.0,19.0,green,1.6427276439180425,1.6427276439180425,cis,43.27628473605341,34.15090907703746,43.3915967776952,0.7870396946210614,113,0.1772853633585639,0.0,132.0,,,
1JC1,True,CRO,1.9,0.229,226,True,660.4951407833895,94.07530393440636,31.269942153698373,29.69137364044249,0.3137124874261665,0.9378388743718824,47.95594959446218,163,green fluorescent,488.0,507.0,19.0,green,0.4740225022460146,0.4740225022460146,cis,39.79842873508012,31.045454198663887,39.907840916785325,0.7779286848265976,114,0.1725977875700776,1.0,174.0,,,
1KP5,True,GYS,2.6,0.208,242,True,659.2044662246265,95.00349256562568,32.3602249627759,30.1866596465079,0.3603111128722245,0.9178059365657276,50.11537568306236,158,green fluorescent,488.0,507.0,19.0,green,-166.91263512855372,-166.91263512855372,trans,38.77162279193344,28.92809531802223,38.8817528276032,0.7440018315605721,98,0.148664041312193,0.0,94.0,,,
1KYP,True,CRG,1.35,0.152,225,True,678.1873623957634,95.53894937661006,31.354603873738863,30.21718797597483,0.2669004001789861,0.9336812435666444,46.91285932346862,165,GFP Zn biosensor (apo),,,,blue,-166.3595894472836,,trans,13.519036014060234,10.71900007724762,13.550408965733205,0.7910462410658039,111,0.1636715842180862,0.0,410.0,,,
1KYR,True,CRG,1.5,0.15,224,True,643.8271587999025,91.79458143427054,32.334654980358366,29.15262279430724,0.4325902091673553,0.9601632180852504,45.88467542146639,157,GFP Zn biosensor (Cu),,,,blue,-170.89132686200733,,trans,23.90852761787206,17.544000101089477,23.980321498490024,0.7315998704268487,92,0.1428954941439384,0.0,256.0,,,
1KYS,True,CRG,1.44,0.157,224,True,677.2449900029768,95.04488995853627,32.12660815278104,31.04614350166829,0.2571611162865229,0.9421024226377792,45.97325216073769,165,GFP Zn biosensor (Zn),,,,blue,-162.55248530260673,,trans,21.81201228489445,16.18400001525879,21.87546225411244,0.7398243670126927,101,0.1491336244503721,0.0,246.0,,,
1MOU,True,CRQ,2.2,0.224,218,True,736.5857947016259,101.50033866602804,33.77820650916201,27.302315169228905,0.5887956039623395,0.8984589111170059,46.81002870080846,164,Dronpa,503.0,518.0,15.0,green,136.62774967077897,136.62774967077897,twisted,32.61978233420425,29.47291668256124,32.66364108893099,0.9023157155785974,132,0.1792051936780428,0.0,220.0,0.004,,
1MOV,True,CRQ,2.4,0.225,218,True,714.0204511796501,99.5866762176868,34.16849119855741,26.99725466009813,0.6129504383990946,0.9047280176386112,46.70452317510538,161,,,,,,137.41371514550065,137.41371514550065,twisted,43.44409300785525,44.39041678110758,43.43087311812413,1.022093584450252,125,0.1750650136049808,0.0,183.0,0.004,,
1MYW,True,CR2,2.2,0.218,228,True,668.3093114783267,94.9830336508022,32.357923764860885,29.51960634249649,0.4095588539985069,0.9308834378794176,48.57151463929529,161,yellow fluorescent,514.0,527.0,13.0,yellow,0.4068439103930253,0.4068439103930253,cis,29.329671239460986,21.913157814427425,29.40769657449733,0.7451504322657746,109,0.1630981315506253,0.0,72.0,0.57,,
1Q4A,True,CRO,1.45,0.187,226,True,663.7201827482678,94.3745940931828,31.20747732107729,29.59656860989763,0.3171341718312562,0.9364502170582836,47.16186894927718,154,gfp,488.0,507.0,19.0,green,2.5756784428064283,2.5756784428064283,cis,16.595381672077295,11.703181743621826,16.655208463864966,0.7026739874804314,119,0.1792924233631956,0.0,255.0,0.64,25000.0,19.75
1Q4B,True,CRO,1.48,0.216,226,True,671.5217678358617,94.60630852181096,31.74871820479184,29.41769766245968,0.3761000323838516,0.9428221247933984,47.77910305786249,156,gfp,488.0,507.0,19.0,green,0.8920527774226346,0.8920527774226346,cis,20.639280609348724,13.0504544431513,20.73208448686753,0.6294810563509877,111,0.1652962053005725,0.0,224.0,0.64,25000.0,19.75
1Q4C,True,CRO,1.55,0.194,226,True,645.0939050150193,93.51221036832028,31.84374932414361,28.856551731865444,0.4228664222677691,0.9270350559736684,47.37456404934867,153,gfp,488.0,507.0,19.0,green,1.1798739812351953,1.1798739812351953,cis,18.156653838105253,15.83363658731634,18.18507785340968,0.8706939126107481,111,0.172067972022485,0.0,231.0,,25000.0,19.75
1Q4D,True,CRO,1.58,0.208,225,True,660.5974313809602,94.08978979991996,31.68038121440188,29.3175148320014,0.3789541003615966,0.937695319195773,47.42896896049875,156,gfp,488.0,507.0,19.0,green,2.466013666092992,2.466013666092992,cis,24.191296161371767,19.08545459400524,24.25401448324897,0.7868987877114778,113,0.1710572803224146,0.0,189.0,,25000.0,19.75
1Q4E,True,CRO,1.38,0.183,226,True,692.5596586759754,96.543769904347,31.421933609667743,30.253827159314604,0.2701254864560654,0.933724055433779,47.1677144744382,157,gfp,488.0,507.0,19.0,green,3.7437841356793258,3.7437841356793258,cis,16.47098071699957,11.021818204359574,16.537841606725213,0.6664605011017571,122,0.1761581092280738,0.0,277.0,,25000.0,19.75
1Q73,True,CRO,1.6,0.193,226,True,649.2345131061583,93.38818462226163,31.66177675186283,28.763866146871425,0.4179437639844102,0.9354651144184296,47.60663651102392,155,gfp,488.0,507.0,19.0,green,3.328426246386333,3.328426246386333,cis,14.410694617815029,11.525909033688633,14.446110512263008,0.7978555213117416,115,0.1771316799684615,0.0,255.0,,25000.0,19.75
1QXT,False,,2.0,0.218,226,True,648.9126449988469,94.24478847144516,32.02025538749813,29.881924124372823,0.3593069944605251,0.918081874064385,46.91354674117623,151,green fluorescent,488.0,507.0,19.0,green,,,,27.57300785334424,,27.57300785334424,,0,0.0,0.0,143.0,,,
1QY3,False,,2.0,0.203,227,True,694.2414917454955,96.86627257072936,32.095331409374865,31.310388228612258,0.2198069721994551,0.9297694095656248,47.730653872402215,148,green fluorescent,488.0,507.0,19.0,green,,,,17.02824680795888,,17.02824680795888,,0,0.0,0.0,209.0,0.72,,
1QYF,True,CRO,1.5,0.145,224,True,691.5040717046955,96.77581673989177,31.41323359806288,31.055676510688563,0.1504499390155758,0.9278353507213496,47.23582714188866,153,green fluorescent,488.0,507.0,19.0,green,-5.879669203551637,-5.879669203551637,cis,19.095022348052296,22.371818325736307,19.054247737470256,1.1741118638728536,102,0.1475045544541041,0.0,275.0,,,
1QYO,False,,1.8,0.197,236,True,688.2351963607845,95.76095429933302,32.61467880444152,31.4025518967088,0.2700905453824463,0.943126204989294,54.10753812564365,152,gfp,488.0,507.0,19.0,green,,,,15.897474412193976,,15.897474412193976,,0,0.0,0.0,293.0,,25000.0,19.75
1QYQ,False,,1.8,0.215,224,True,696.7176281646157,97.89134394995236,33.05590594980593,32.0815293364916,0.2410070178756878,0.9136462607697408,47.35270926769172,146,gfp,488.0,507.0,19.0,green,,,,19.884206648535272,,19.884206648535272,,0,0.0,0.0,142.0,,25000.0,19.75
1RM9,False,,2.9,0.207,223,True,692.6843006933623,97.20436004014844,34.34757816866997,30.96537261625695,0.4327165751795673,0.9212419755837784,47.13155900961597,133,green fluorescent,488.0,507.0,19.0,green,,,,25.89265060643663,,25.89265060643663,,0,0.0,0.0,61.0,0.4,,
1RMM,True,CRO,1.9,0.193,224,True,698.8755768157985,97.14642339265724,32.07897906530281,30.100899728611108,0.3457213901092125,0.930585102669058,47.29066245797355,159,green fluorescent,488.0,507.0,19.0,green,-178.94826150178952,-178.94826150178952,trans,37.33732186659408,36.04454586722634,37.35335403795038,0.9649614283795154,105,0.1502413354869241,0.0,32.0,0.14,,
1RMO,True,CRO,1.8,0.185,222,True,661.8031810800745,94.50781957187374,31.25244908557763,29.66314562299667,0.3148354321456107,0.9311147948352944,46.26397657574867,153,green fluorescent,488.0,507.0,19.0,green,-178.02296338468267,-178.02296338468267,trans,24.98141733090172,21.46272754669189,25.02550114368795,0.857634275671851,104,0.1571464190158018,0.0,64.0,0.6,,
1RMP,True,CRO,3.0,0.225,222,True,674.6671420975983,95.3734296366036,31.54339717837785,30.89237915296142,0.2021179107680832,0.9320616156720368,46.25778910207556,156,green fluorescent,488.0,507.0,19.0,green,-178.92883869588712,-178.92883869588712,trans,30.12154369917144,33.14090919494629,30.08336781359267,1.101635608097446,89,0.131916903086893,0.0,12.0,0.14,,
1RRX,True,MFC,2.1,0.225,216,True,632.9372158717722,91.7680558694181,32.01952278122567,28.522954142853084,0.454397848635199,0.9444684047532246,47.330745098361966,152,green fluorescent,488.0,507.0,19.0,green,,,,22.915819124131083,16.10130442743716,23.009113075335826,0.6997794471572503,119,0.1880123288944166,0.0,61.0,0.14,,
1S6Z,True,CR0,1.5,0.189,226,True,668.5833565524861,94.61097676221098,31.832545392045613,29.721800159145232,0.3580765665741471,0.9386039400430232,48.59306165926701,156,green fluorescent,488.0,507.0,19.0,green,-69.61634598888543,-69.61634598888543,intermediate,14.212947328122072,8.879999888570685,14.269145886830602,0.6223217534531122,104,0.1555527803388202,0.0,294.0,0.85,,
1UIS,True,NRQ,2.0,0.2135,224,True,684.2240831674736,97.15231359024848,33.09091897488267,28.549588016861257,0.5056102264578057,0.91096549134915,48.07061718479864,166,red fluorescent,558.0,583.0,25.0,red,173.20257339247274,173.20257339247274,trans,37.63563473877769,31.326522163722824,37.7174788387361,0.8305571615128814,138,0.2016883114683096,0.0,285.0,0.45,,
1W7S,True,GYS,1.85,0.176,227,True,658.8116414463116,95.03362983573874,32.24272585473315,29.973609211506247,0.3685096562273036,0.9166773351998164,46.97924772968694,158,green fluorescent,488.0,507.0,19.0,green,0.0576490949926326,0.0576490949926326,cis,16.023655743677107,10.339047659011117,16.089646218955153,0.6425901177883403,108,0.1639315294473302,0.0,908.0,0.79,,
1W7T,True,GYS,1.85,0.18,226,True,661.8723593779089,95.23310490260502,32.86894083458031,29.981317047499548,0.4098624461552039,0.9170821087269216,47.07839011214728,150,green fluorescent,488.0,507.0,19.0,green,-0.0674433611686014,-0.0674433611686014,cis,17.135219290591124,16.21428566887265,17.145945638930606,0.945662957898188,100,0.1510865328988652,0.0,909.0,0.79,,
1W7U,True,GYS,1.85,0.179,226,True,660.0301939811278,95.10820517471473,32.99667674891284,30.107035395099388,0.4092410814310286,0.9169331949367384,47.050149023910095,151,green fluorescent,488.0,507.0,19.0,green,0.0384942867566914,0.0384942867566914,cis,19.345271817541988,20.05999973842076,19.33693332513173,1.0373930240711575,97,0.1469629736405263,0.0,917.0,0.79,,
1XA9,True,CH6,2.5,0.176,224,True,635.4595618348404,93.86460841474404,32.85524154236122,27.211940258341247,0.5603773618882685,0.9063460316914091,48.29755522101347,153,yellow fluorescent,514.0,527.0,13.0,yellow,0.8177281763817043,0.8177281763817043,cis,39.89443395722587,32.10826085961384,39.99509836489595,0.802804897907078,135,0.2124446748589287,0.0,117.0,,,
1XAE,True,CH7,2.7,0.205,219,True,566.0854646578362,87.25655444370344,31.73001983003176,26.35456420285499,0.5568878450984994,0.9343202212135194,47.56934038338662,145,yellow fluorescent,514.0,527.0,13.0,yellow,0.0396890868683412,0.0396890868683412,cis,55.00567819113019,70.80608699632728,54.79402449135178,1.2922227862182802,86,0.1519205232587657,0.0,83.0,0.42,,
1XMZ,True,CRK,1.38,0.1393,165,False,567.4052763795146,90.87565239300208,31.49886119218438,24.55352891599044,0.6263956445174628,0.8633922593939066,47.97801339461401,140,anemonia,458.0,489.0,31.0,cyan,163.28102534172427,163.28102534172427,trans,21.40978337573661,17.301304236702297,21.47916297940605,0.8054924790733495,98,0.1727160533742582,0.0,463.0,,,
1XQM,True,CH6,2.1,0.2137,227,True,743.2358883859482,101.259138717938,35.676516219232674,28.41257290551178,0.6047777897481462,0.910894496198195,48.17540903486975,200,gfp,488.0,507.0,19.0,green,148.82223459083187,148.82223459083187,twisted,43.86367598911903,39.6473911119544,43.91855689018004,0.902748039082754,116,0.1560742717253763,0.0,130.0,0.001,25000.0,19.75
1XSS,True,DYG,1.6,0.197,224,True,766.5371942392638,102.725207461295,33.622478193875565,29.521964117265483,0.4785827037735583,0.9128281882637476,48.020037282265314,178,,,,,,,,,14.265261427543946,9.266521827034328,14.329347832678684,0.6466813378555605,141,0.1839441074218622,0.0,583.0,0.68,,
1YFP,True,CRO,2.5,0.196,224,True,656.2651139013055,94.61852193132997,31.57996915637628,30.18911524917692,0.2935044146176382,0.921163801599227,47.055443224350014,153,YFP,514.0,527.0,13.0,yellow,2.344923435830542,2.344923435830542,cis,35.407995257175195,23.89315770801745,35.538455551411325,0.6723184037486568,120,0.182852931624896,0.0,102.0,0.67,,
1YHG,False,,2.5,0.213,226,True,708.1008247383922,98.04851002190804,32.521781009539346,30.74947257152291,0.3256106123639292,0.9255991934374944,46.99753505352396,152,gfp,488.0,507.0,19.0,green,,,,17.902535222349034,,17.902535222349034,,0,0.0,0.0,129.0,,25000.0,19.75
1YHH,False,,1.5,0.217,229,True,696.7748665180527,97.772605905874,32.51523709494274,31.08251454762633,0.2935722516764741,0.9159419705953412,47.43094322462609,153,gfp,488.0,507.0,19.0,green,,,,16.288873483020645,,16.288873483020645,,0,0.0,0.0,241.0,,25000.0,19.75
1YHI,False,,1.9,0.225,227,True,739.5755834475256,100.44510501458144,34.723381538798186,32.12157579860599,0.3797954404585515,0.9211595830274568,49.61799309967844,146,gfp,488.0,507.0,19.0,green,,,,21.14305102871966,,21.14305102871966,,0,0.0,0.0,125.0,,25000.0,19.75
1YJ2,False,,1.5,0.171,223,True,687.707973847414,96.79090767787454,33.601094265446534,31.61403417400384,0.3387866250140852,0.9224541707840362,46.08084272091557,140,gfp,488.0,507.0,19.0,green,,,,13.838417504906788,,13.838417504906788,,0,0.0,0.0,420.0,,25000.0,19.75
1YJF,False,,1.35,0.145,225,True,683.0691405789507,96.17505284496228,33.00461860014994,31.49244936525484,0.2992233402245464,0.928003602613012,45.99352312601951,144,gfp,488.0,507.0,19.0,green,,,,15.5818015416287,,15.5818015416287,,0,0.0,0.0,427.0,,25000.0,19.75
1YZW,True,CRU,2.1,0.2233,220,True,745.292320755766,100.65524695693108,32.15804311285065,29.61890703990129,0.3894633602540894,0.9244079525837374,46.75913606728707,171,red fluorescent,558.0,583.0,25.0,red,131.87046999685674,131.87046999685674,twisted,54.08084596998599,56.81708319981893,54.04329897540852,1.0513252202770331,122,0.1636941594625388,0.0,440.0,0.015,,
1Z1P,True,CR0,2.0,0.173,226,True,663.7043566280345,94.63838064773324,31.823449389733323,29.89248494753593,0.3430350846721047,0.9312149323931992,48.34613710281104,154,green fluorescent,488.0,507.0,19.0,green,-19.568554121486592,-19.568554121486592,cis,18.7810021890868,18.90000009536743,18.77981747541807,1.0063995627277351,91,0.1371092401175843,0.0,156.0,0.85,,
1Z1Q,True,CR0,1.5,0.175,226,True,654.6864485780709,94.41450680333968,31.6612319612296,28.79332741935612,0.4158809873880926,0.9229236136404464,47.89796469506104,162,green fluorescent,488.0,507.0,19.0,green,-7.620861504467924,-7.620861504467924,cis,14.958685776941063,14.3122222688463,14.96504096161922,0.9563770861404788,113,0.1726017091776183,0.0,289.0,0.85,,
1ZGO,True,CRQ,1.4,0.143,217,True,686.0463306817019,97.51615275174802,32.05782672284565,27.485723125241115,0.5146847677710266,0.9065884710815064,46.65197021342832,166,dsred,558.0,583.0,25.0,red,-3.30918968133645,-3.30918968133645,cis,19.476138493228817,16.603333282470704,19.52469294749515,0.8503761532700963,195,0.2842373631037934,0.0,535.0,0.68,75000.0,59.25
1ZGP,True,CRQ,1.9,0.226,217,True,725.0512552691033,101.00118675354692,33.69853011391926,28.64011263353773,0.5269568424325101,0.8931525023601767,46.47367474286776,159,dsred,558.0,583.0,25.0,red,-0.4848002027829199,-0.4848002027829199,cis,31.21195531663948,31.7008334795634,31.205311445795665,1.0158794131770954,130,0.1792976690341021,0.0,331.0,0.68,75000.0,59.25
1ZGQ,True,NRQ,1.9,0.194,217,True,678.0884852995017,97.32437705093588,33.41684838637115,27.579024950306767,0.5646901554843096,0.8996072949305473,46.572989665262895,155,dsred,558.0,583.0,25.0,red,-0.3161487939431147,-0.3161487939431147,cis,19.98952007400138,16.33043488212254,20.03709438684096,0.8150101290558022,134,0.197614327488269,0.0,1564.0,0.68,75000.0,59.25
1ZUX,True,CR8,1.85,0.211,219,True,698.2130573467971,96.68831352549816,30.974573555086,29.43645626222972,0.3112056772492885,0.9385336752340694,45.88077741683925,163,eosfp,506.0,516.0,10.0,green,,,unknown,26.141171849210497,20.87039993286133,26.21646859087263,0.7960797565285908,160,0.2291564133847603,0.0,632.0,0.7,,
2A46,True,CR7,1.65,0.165,217,True,673.4002077096601,96.69439507831498,31.892385748624505,28.13142980112405,0.471111726349305,0.905066537857626,47.38098963756603,166,cyan fluorescent,439.0,476.0,37.0,cyan,1.6583219489085324,1.6583219489085324,cis,20.40315605284851,14.340833266576132,20.488440781377545,0.6999475177052454,146,0.2168101499353095,0.0,146.0,0.24,,
2A47,True,CR7,1.72,0.169,217,True,645.2921047539918,94.1041020164249,30.34454449818225,26.94563216387533,0.4598640286938275,0.9156913377253536,46.99427204568976,192,,,,,,24.026342430796184,135.33138480932962,cis,28.043873179268083,27.17479174335797,28.06860104466445,0.9681562575960164,256,0.3967195602022688,0.0,132.0,0.006,,
2A48,True,CR7,2.0,0.18,212,True,649.4935893665736,93.45306024549356,31.542617465925403,27.776345748266188,0.4738652604680269,0.9345395334205046,46.82646156243933,160,,,,,,-0.6088945793918056,-0.6088945793918056,cis,40.319792010806026,31.7370834350586,40.44765359107787,0.7846458475914981,137,0.2109335676948111,0.0,72.0,0.67,,
2A50,True,NRQ,1.3,0.15303,167,False,519.4389321831155,89.4225617040212,30.78988640740925,25.5046300255851,0.5602192005411631,0.8163006589147814,47.49014707456399,135,,,,,,152.97909356647952,152.97909356647952,trans,16.60862746200617,12.495217323303224,16.67850075092062,0.7491810870718408,84,0.1617129460184317,0.0,659.0,,,
2A52,True,NRQ,1.7,0.18082,167,False,515.5158629362658,87.96311391505904,29.131161145052705,27.54688909429483,0.3252853734908519,0.8372414233412896,47.93474232106704,134,,,,,,-169.85327899824173,-169.85327899824173,trans,16.00160609393619,21.96391308825949,15.900251281763657,1.3813563508553086,66,0.1280270981848714,0.0,463.0,,,
2A53,True,NRQ,1.45,0.17263,167,False,497.2945997848863,86.82316341716934,29.34802080390364,25.492258885049647,0.4954799865546389,0.8289959262939305,47.62184797642279,127,,,,,,149.67805279390808,149.67805279390808,twisted,18.027662509544825,19.335652185522992,18.005312017310427,1.0738859824774805,83,0.1669030792530285,0.0,577.0,,,
2A54,True,NRQ,1.45,0.17586,167,False,497.3088672629224,87.03981256456564,27.20998808935543,24.28354091374994,0.4511472569091041,0.8248978520691599,47.63820650688372,149,,,,,,149.93361188017687,-160.92861029152485,twisted,18.49665229142397,16.865652105082635,18.55239226807457,0.9090823361958272,177,0.3559156324200867,0.0,574.0,,,
2A56,True,NRQ,1.9,0.18642,167,False,522.4247208851436,88.47954988497008,29.95935718118948,25.257231660499336,0.5378354262736568,0.838586321439597,47.87505290348419,129,,,,,,-161.43192571868445,-161.43192571868445,trans,26.45688194439158,32.00347842340884,26.36052868229385,1.214068155048245,87,0.1665311699886559,0.0,566.0,,,
2AH8,True,GYS,2.24,0.196,233,True,602.211237555396,91.29097640127088,31.124731114932004,29.526785112961186,0.3162978738512866,0.9080358919709792,46.48722853174304,154,gfp,488.0,507.0,19.0,green,-0.6880513925600715,-0.6880513925600715,cis,40.01362557109125,30.05904742649623,40.133285640373735,0.7489804770994651,118,0.1959445334813192,1.0,163.0,,25000.0,19.75
2AHA,True,GYS,1.98,0.199,225,True,672.1030234727726,94.65673223829884,33.36048724809175,29.04193747446251,0.4920818107546065,0.9426331266475148,48.71157662786528,155,gfp,488.0,507.0,19.0,green,0.1912929232583396,0.1912929232583396,cis,37.244585483938025,28.67904781159901,37.35014668764643,0.7678429766672002,101,0.1502745806411204,0.0,191.0,,25000.0,19.75
2ARL,True,CRQ,2.0,0.2367,218,True,651.6325575461533,95.53934879832862,33.270617951640965,26.279185219044795,0.6132850663156549,0.8971149319507051,46.49096642146388,154,,,,,,131.9041242534037,131.9041242534037,twisted,37.33257175887904,36.09000039100647,37.34993014818576,0.9662668778179632,121,0.18568746849551,0.0,154.0,,,
2AWJ,False,,1.6,0.185,227,True,639.265485902212,93.7599411413736,31.69880994919055,29.11241335159425,0.3956366100847395,0.9138111846797184,47.00495040931556,146,gfp,488.0,507.0,19.0,green,,,,17.850306597840426,,17.850306597840426,,0,0.0,0.0,340.0,,25000.0,19.75
2AWK,True,CRO,1.15,0.141,224,True,669.9400022973473,94.750468068248,31.396403488956857,30.215213877738645,0.2717134972557703,0.9377413057714056,46.89847854767079,153,gfp,488.0,507.0,19.0,green,7.833253642111976,7.833253642111976,cis,15.951247932774718,11.78090914812955,16.00276250507241,0.7361797154957055,98,0.1462817560735886,0.0,462.0,,25000.0,19.75
2AWL,True,CRO,1.85,0.212,224,True,676.3970914368488,95.1881931173536,31.492898241257045,30.57530905154381,0.2396327188561364,0.9380919936433916,46.97727778377912,153,gfp,488.0,507.0,19.0,green,3.1113131031487065,3.1113131031487065,cis,15.170212169521552,10.38863637230613,15.229677781471093,0.6821310681270798,105,0.1552342571091662,0.0,320.0,,25000.0,19.75
2AWM,True,CRO,1.7,0.164,224,True,682.3118372730448,95.811834611897,31.760014710985228,30.45329911915126,0.2838909245127155,0.9340163046359088,46.79372292166118,157,gfp,488.0,507.0,19.0,green,10.542776818131426,10.542776818131426,cis,15.178431909331788,10.279999928040938,15.239316374635964,0.6745709371288321,109,0.1597510024677775,0.0,308.0,,25000.0,19.75
2B3P,True,CRO,1.4,0.206,228,True,636.3138843368006,91.9796049790306,31.09409450578288,30.565410447691328,0.1836200959708917,0.9451444391280626,50.09832961787113,156,superfolder,485.0,510.0,25.0,green,-0.3999887071026674,-0.3999887071026674,cis,13.491036602504504,10.272727294401689,13.530768816184784,0.7592123872602125,114,0.1791568639411612,0.0,328.0,0.65,,
2B3Q,True,CRO,2.3,0.206,226,True,677.1323032059264,94.5598034157087,31.28955430442013,30.74399368535052,0.1859239940379435,0.9516347127316342,46.683512499853,159,green fluorescent,488.0,507.0,19.0,green,-0.1842302379689687,-0.1842302379689687,cis,22.979778485176706,15.244545503096148,23.07516812957456,0.6606472125140357,95,0.1402975453249186,0.0,455.0,0.72,,
2BTJ,True,RC7,2.0,0.1981,158,False,444.48652979403846,83.55697904869575,31.23083294271332,22.46601232188109,0.6946440731265474,0.8000239865130161,47.49326225567427,112,Kaede,508.0,518.0,10.0,green,-175.55160064899778,-175.55160064899778,trans,24.6280152324488,21.59000031153361,24.684492659328704,0.8746382034055851,92,0.2069804006043333,0.0,696.0,0.7,,
2C9I,True,CRQ,1.82,0.245,225,True,720.0955106527967,99.34443929575149,32.841550364917765,30.11331745411732,0.3990540557886431,0.9168807220460942,48.94183557522217,166,anemonia,458.0,489.0,31.0,cyan,179.847788575795,179.847788575795,trans,19.563161152256537,17.220000108083088,19.59516790527882,0.8787880864978005,110,0.1527575139307289,0.0,1563.0,,,
2C9J,True,CRQ,1.35,0.228,218,True,620.1275598824388,92.010369453026,31.258301636805648,28.267872168470426,0.4268304439279857,0.9204863395263604,45.12233529443507,162,,,,,,-166.71408703961816,-166.71408703961816,trans,17.672579552368685,17.018333236376446,17.681624432313278,0.9624869763252824,172,0.2773622898369604,0.0,1543.0,,,
2DD7,True,CR2,1.9,0.204,214,True,681.2513185116861,96.64272261051076,32.24107182275531,30.05533479312484,0.3619269992577572,0.9165980039099428,46.56101376784831,167,gfp,488.0,507.0,19.0,green,1.0918051278723344,1.0918051278723344,cis,19.85146172583241,12.205789515846654,19.936662765122577,0.6122283182318558,114,0.1673391256681207,0.0,436.0,0.53,25000.0,19.75
2DD9,True,CR2,2.3,0.185,214,True,704.7707813769769,97.95002255155563,33.05391332462981,29.698643057493843,0.4389919753500974,0.923099836472885,46.7207940801936,170,gfp,488.0,507.0,19.0,green,2.871829316002208,2.871829316002208,cis,20.48655432895614,12.544210534346732,20.57521739129314,0.6096757227777867,101,0.1433090058056419,0.0,489.0,0.53,25000.0,19.75
2DDC,True,CR8,1.55,0.19,224,True,714.2536955237535,98.0143160199804,32.3867027424862,29.1077515763114,0.4384486278031735,0.9342935118374508,48.63714640428247,159,,,,,,,,unknown,18.42011066134885,21.71719997406006,18.37385519961048,1.1819620726368008,127,0.1778079704675135,0.0,559.0,,,
2DDD,True,CR8,1.55,0.175,224,True,708.9730545779597,97.63724028295408,31.675410490628003,29.36879585718522,0.3746170120364136,0.934563041814176,48.277000273378206,163,,,,,,,,unknown,11.888500267455244,8.28879991531372,11.939001114146343,0.6942624291652378,143,0.2017001902634023,0.0,600.0,,,
2DUE,True,C12,1.24,0.148,220,True,692.7220362008023,97.02584276012917,33.17586319156696,27.536004868823632,0.5577616673902087,0.9246854411539412,47.09872998234295,167,green fluorescent,488.0,507.0,19.0,green,,,,18.963451765246536,13.626363624225965,19.03050826958831,0.7160273089501011,111,0.1602374317536853,0.0,249.0,,,
2DUF,True,C12,1.5,0.17,225,True,666.7924722307245,94.5195872673158,32.30470620807219,29.85861177976818,0.3817138402521677,0.9379008276690036,46.61502976305623,157,green fluorescent,488.0,507.0,19.0,green,,,,27.012132713352493,18.23409115184437,27.12305569689825,0.6722727466850127,102,0.1529711330704792,0.0,294.0,,,
2DUG,True,C12,1.4,0.177,223,True,657.4128801981747,94.28523205957558,32.217102036426475,29.271929162746886,0.4177031482374185,0.929310242983523,45.83984526362435,173,green fluorescent,488.0,507.0,19.0,green,,,,28.61672220918868,21.050909129056063,28.710337444150944,0.7332170570967876,121,0.1840548058071588,0.0,233.0,,,
2DUH,True,C12,1.2,0.152,225,True,682.9307694995555,95.55047608585583,31.984303994405906,29.713910934359927,0.3700410633700862,0.939984806182123,46.96401684966324,162,green fluorescent,488.0,507.0,19.0,green,,,,19.765074817097418,15.040909160267224,19.82336513927928,0.758746512238944,105,0.1537491129253744,0.0,296.0,,,
2DUI,True,GYS,1.36,0.151,225,True,693.443361489787,96.20520351597952,31.20565750582619,31.105203288649875,0.0801738288453749,0.9415073909209776,46.77561592498127,160,green fluorescent,488.0,507.0,19.0,green,9.472147781757323,9.472147781757323,cis,21.88322207154204,14.19619051615397,21.97411602574426,0.6460414835127889,99,0.1427658053965782,0.0,268.0,,,
2EMD,True,CSH,2.0,0.191,222,True,651.5418603778952,93.93493507655764,31.05979743005585,30.40136440779867,0.2048130221042111,0.9278930215386164,46.3362724135393,148,BFP,381.0,445.0,64.0,blue,,,,21.067431465099823,8.636842075147127,21.201018115783707,0.4073786470055031,93,0.1427383344886848,0.0,130.0,0.24,14000.0,5.32
2EMN,True,CSH,2.3,0.198,221,True,663.8632954607823,94.63551445247106,31.614038224739584,30.42635891853289,0.271523176231107,0.9314943537825278,46.37295511815472,147,BFP,381.0,445.0,64.0,blue,,,,34.54384439171613,17.642631480568333,34.72818597915115,0.5080205309646746,91,0.1370764141084763,0.0,89.0,0.85,14000.0,5.32
2EMO,True,CSH,2.6,0.203,221,True,666.1681720627982,94.86292006791636,32.28369280870545,30.227741485103586,0.3511583014969509,0.9302523276749354,46.5989785530017,156,BFP,381.0,445.0,64.0,blue,,,,30.0,30.0,30.0,1.0,88,0.1320987757903637,0.0,61.0,0.25,14000.0,5.32
2FL1,True,XYG,2.4,0.203,225,True,650.0812133930476,93.93606715912458,32.01109328139449,28.509603199036945,0.4547554389480416,0.925790526880052,47.85931311829292,166,red fluorescent,558.0,583.0,25.0,red,,,,21.333009868598825,17.482999992370605,21.37569290492064,0.8178916150290526,116,0.1784392436054983,0.0,412.0,,,
2FWQ,True,XXY,1.4,0.136,232,True,681.4485773095033,95.12589314198632,33.207800066332545,30.51566695987332,0.3944190267057226,0.9463362108736652,53.97158703153968,165,BFP (Y66H),381.0,445.0,64.0,blue,,,,17.63075603710103,13.05750002861023,17.68033062797898,0.7385325706492639,104,0.1526160644587637,0.0,355.0,,14000.0,5.32
2FZU,True,C12,1.25,0.142,233,True,718.4063427429392,98.1165839652918,31.43707385672981,29.28824053876531,0.363365872037387,0.937767512727559,54.90250695555414,193,gfp,488.0,507.0,19.0,green,,,,14.113595621358485,13.52272740277377,14.12746132888794,0.9571944376957802,239,0.3326808044142216,0.0,356.0,,25000.0,19.75
2G16,False,,2.0,0.202,163,False,578.6121089823722,93.44681609377668,36.913225869323526,24.75201906948873,0.741867878187936,0.8326612702312737,46.98596260850266,102,gfp,488.0,507.0,19.0,green,,,,21.375322675741163,,21.375322675741163,,0,0.0,0.0,173.0,,25000.0,19.75
2G2S,False,,1.2,,164,False,567.1148997749443,92.77039174479135,35.25012853668624,25.235900489659407,0.6981931286677232,0.8280606375308595,46.87784667261222,113,gfp,488.0,507.0,19.0,green,,,,16.2744922199631,,16.2744922199631,,0,0.0,0.0,325.0,,25000.0,19.75
2G3D,False,,1.35,0.142,165,False,579.632706747334,92.67668859626409,35.188983119487894,23.78516061144208,0.7369691860830708,0.8480505337294482,46.7631906775445,114,gfp,488.0,507.0,19.0,green,,,,16.387618695593023,,16.387618695593023,,0,0.0,0.0,368.0,,25000.0,19.75
2G3O,True,CR2,2.1,0.23042,215,True,627.807838945324,93.530716013741,31.226594080937915,27.89948887782957,0.4491570317127496,0.9018370637895452,47.35829925735567,156,gfp,488.0,507.0,19.0,green,4.166200944705634,4.166200944705634,cis,39.16828037155009,35.50526327835886,39.21216266964002,0.9054655714220214,119,0.1895484455879241,0.0,214.0,0.6,25000.0,19.75
2G5Z,False,,1.8,0.16,163,False,530.5256799726205,88.99381010557542,35.86025142877212,24.45468832641307,0.7314042587415873,0.8417762596664289,46.71555695336976,110,gfp,488.0,507.0,19.0,green,,,,15.220707848309036,,15.220707848309036,,0,0.0,0.0,320.0,,25000.0,19.75
2G6E,False,,1.3,0.131,228,True,673.7750927400509,95.57969610518144,32.80261861912479,31.69816531113752,0.257304666101949,0.9268160068958896,47.138284260814245,146,gfp,488.0,507.0,19.0,green,,,,15.1864574174173,,15.1864574174173,,0,0.0,0.0,383.0,,25000.0,19.75
2G6X,True,CR2,2.0,0.192,215,True,617.0819716937799,92.13317748478308,31.240729493237293,28.37526663934408,0.4183671991035811,0.913525393033532,46.835710155293896,161,green fluorescent,488.0,507.0,19.0,green,-0.5947512231298882,-0.5947512231298882,cis,32.82486031191452,24.676841936613386,32.91597999945467,0.7496918498863535,105,0.1701556759336101,0.0,270.0,0.53,,
2G6Y,True,CR2,1.6,0.162,215,True,637.9523093637481,92.72190865118456,31.37788336223234,28.70130611985986,0.4041366886879683,0.9324667447672846,46.89104960260202,162,green fluorescent,488.0,507.0,19.0,green,-1.9821865360375257,-1.9821865360375257,cis,25.88542844126319,19.77421057851691,25.95293608044469,0.7619257612018937,103,0.1614540749961787,0.0,886.0,0.53,,
2GW3,True,CR8,1.4,0.197,218,True,630.5541580339135,94.35875992517109,32.88381332040157,26.903464732852623,0.5750233313521667,0.8899545105081046,48.88493134260556,157,kaede,508.0,518.0,10.0,green,,,unknown,13.31699888260515,10.163600006103517,13.36202171065343,0.7606334001089191,157,0.248987335980038,0.0,402.0,0.88,,
2GW4,True,RC7,1.6,0.198,156,False,463.40056747550216,81.86087604471615,28.96598902553913,23.637906933064247,0.5779709987484903,0.8689877400379244,48.5452917016715,108,kaede,508.0,518.0,10.0,green,0.4881934647864982,0.4881934647864982,cis,15.884761178438396,14.648749987284342,15.908045533687766,0.9208390783307308,92,0.1985323421186005,0.0,437.0,,,
2GX0,True,GYC,1.9,0.178,217,True,679.1965990064592,97.35400141465212,32.00735891061843,27.61322240837295,0.5056907798683498,0.9005291048540529,45.96647382753479,152,gfp,488.0,507.0,19.0,green,0.4691401447406217,0.4691401447406217,cis,21.347429056308325,14.835238093421571,21.425979320651017,0.6923948665965021,123,0.1810963131734266,0.0,610.0,0.85,25000.0,19.75
2GX2,True,GYS,1.8,0.182,217,True,690.9454810191307,97.1694381347568,32.72310381900115,27.617027078248405,0.5364043641621579,0.9195900462674615,46.1257976879953,154,gfp,488.0,507.0,19.0,green,0.6616749202317639,0.6616749202317639,cis,19.8940805923384,15.56142856961205,19.946341185375303,0.7801645637657958,123,0.1780169396557561,0.0,2032.0,,25000.0,19.75
2H5O,True,CRO,1.08,0.145,214,True,676.9726455978508,96.45273472745804,34.20328623532267,28.67781329092361,0.544975473055233,0.9144330055664628,50.19411349392141,163,morange,548.0,562.0,14.0,orange,-3.221718637619805,-3.221718637619805,cis,20.485191140214493,15.161363731731068,20.550880541777385,0.7377476454553809,112,0.1654424306924397,0.0,550.0,0.69,71000.0,48.99
2H5P,True,CRO,1.21,0.1375,222,True,791.7435362886534,110.06573208365508,39.26727233273218,28.21648716763961,0.6954492900051723,0.821277901844705,46.242677809260606,175,mstrawberry,574.0,596.0,22.0,red,6.222191140939254,6.222191140939254,cis,19.986380255143025,18.12045457146385,20.00941637469462,0.9055963568422868,112,0.1414599486659618,0.0,246.0,0.29,90000.0,26.1
2H5Q,True,CH6,1.36,0.1467,217,True,655.5919036154526,95.80222379983924,31.203639289977943,28.16187849545013,0.4306499589293023,0.8976194719358421,46.98815323001148,150,mCherry,587.0,610.0,23.0,red,13.115215146231726,13.115215146231726,cis,15.85042456573819,18.591738908187203,15.813767455344976,1.175667908402389,129,0.1967687509387957,0.0,378.0,0.22,72000.0,15.84
2H5R,True,CRO,1.6,0.166,222,True,803.5924192872408,110.815620286086,36.54349891654327,26.78307080018728,0.6803263439843998,0.8223254506234748,46.185425350129776,184,mstrawberry,574.0,596.0,22.0,red,21.382135102671185,28.262190192111262,cis,22.2708021908016,15.201136393980546,22.44595156865077,0.6772328786101132,226,0.2812370980309325,0.0,284.0,0.29,90000.0,26.1
2H6V,True,CRO,1.47,0.15882,233,True,720.2074703209557,99.33696172449288,33.51811268322795,29.51315284102861,0.4740209536138112,0.9171613403736288,53.33469971655329,166,gfp,488.0,507.0,19.0,green,-7.585484202814409,-7.585484202814409,cis,10.93551834715864,8.036818157542836,10.969822491414448,0.7326297361541508,125,0.1735610989209742,0.0,262.0,0.67,25000.0,19.75
2H8Q,True,CRQ,2.0,0.23,216,True,673.6429876698596,96.67312699281672,32.97015760059371,28.274297089334727,0.5143632797688795,0.9057912567550228,46.15664887489563,163,dsred,558.0,583.0,25.0,red,-1.528155735778927,-1.528155735778927,cis,45.57241907395943,44.94541645050049,45.5810823226428,0.9860541733598428,132,0.1959494901840956,0.0,580.0,0.68,75000.0,59.25
2H9W,True,CRO,1.82,0.16632,236,True,670.9993947912723,95.14593215245677,30.20063071065083,28.93803953682357,0.2861219255999233,0.9314328311777368,54.9476265942753,182,green fluorescent,488.0,507.0,19.0,green,10.732424845051671,-2.811012613628937,cis,23.77418674549242,15.734772703864358,23.959873998947344,0.6567134996016946,253,0.3770495204078398,0.0,109.0,0.67,,
2HCG,False,,1.35,0.127,233,True,675.5254927677289,94.31863578242016,34.55291164047865,31.584505728241247,0.405509105346397,0.954237733484434,54.00265333901939,149,gfp,488.0,507.0,19.0,green,,,,14.408105795471757,,14.408105795471757,,0,0.0,0.0,399.0,,25000.0,19.75
2HFC,False,,1.2,0.1544,232,True,696.9331310702835,96.66745166744931,34.216268909287265,30.32224477310508,0.4633147737568798,0.937217598265194,51.486530425382405,163,gfp,488.0,507.0,19.0,green,,,,18.597686570336315,,18.597686570336315,,0,0.0,0.0,357.0,,25000.0,19.75
2HGD,True,X9Q,1.6,0.207,225,True,678.3950651650015,94.77990587590054,31.568766547512404,30.77266262101289,0.2231596371337146,0.9489864205223326,47.157610173567335,158,gfp,488.0,507.0,19.0,green,,,,14.149988898955757,11.794210383766575,14.175092539891592,0.8320376287191967,107,0.1577252039325715,0.0,291.0,,25000.0,19.75
2HGY,False,,2.05,0.22,225,True,715.9755177051654,98.38352213607386,33.78075698798911,32.46720503794467,0.2761471152193628,0.929529770390371,46.77543398372156,144,gfp,488.0,507.0,19.0,green,,,,28.58445757329297,,28.58445757329297,,0,0.0,0.0,130.0,,25000.0,19.75
2HJO,True,CRO,1.25,0.128,223,True,670.0079628991166,96.0885194257322,31.266497807740937,30.490745653179413,0.2213737941386238,0.91189917957869,46.41838848378831,165,gfp,488.0,507.0,19.0,green,7.178624832616172,7.178624832616172,cis,13.12434116877644,8.321363579143178,13.182816822883762,0.6312280365375559,127,0.1895499860187817,0.0,285.0,,25000.0,19.75
2HPW,True,GYS,1.55,0.18169,228,True,698.6332790190019,97.1288333028346,31.216685161370428,30.21231165087275,0.251621387147507,0.930599444654682,46.55026841953502,156,green fluorescent,488.0,507.0,19.0,green,-178.55000147489883,-178.55000147489883,trans,13.34990693782938,9.868095170883905,13.390393121165957,0.7369533576490434,108,0.1545875400491229,0.0,235.0,,,
2HQK,True,PIA,1.19,0.137,213,True,689.2689698781409,97.301648166177,34.0877305301069,30.151753156174102,0.4664759195022773,0.9148674961534038,46.76219180715091,185,cyan fluorescent,439.0,476.0,37.0,cyan,16.808430336409163,16.808430336409163,cis,20.70147513078721,14.675999927520753,20.768798876075103,0.7066369131450816,111,0.1610401814833246,0.0,336.0,0.85,,
2HQZ,True,CRO,1.2,0.13,226,True,699.2440867850297,98.42950095325008,33.140980708417665,29.510185958094368,0.4550929155024137,0.9069599298525222,48.133738753047496,184,gfp,488.0,507.0,19.0,green,7.141352257601464,7.141352257601464,cis,15.234938474566366,10.774583419164022,15.292959353335828,0.7045453512445111,144,0.2059366717880737,0.0,334.0,,25000.0,19.75
2HRS,True,CRO,1.4,0.13,225,True,673.3177932649057,95.31584618189332,30.26462495009289,30.14737417475632,0.0879395358337802,0.9313217379503248,46.519431280954606,165,gfp,488.0,507.0,19.0,green,1.2848953175960771,1.2848953175960771,cis,14.611453370003275,9.972727233713323,14.66746433322961,0.6799216965620833,131,0.194558945731678,0.0,337.0,,25000.0,19.75
2IB5,True,CRQ,1.8,0.195,225,True,747.3401778042286,101.77910115631416,36.804927362349446,27.75990365364169,0.6565939839426322,0.9065901010062616,48.733445409880986,187,,,,,,-34.60802889854734,-34.60802889854734,twisted,15.089093431349724,21.195416688919067,15.006482519184186,1.412417377744784,137,0.18331678674432,0.0,1328.0,0.0001,,
2IB6,True,QLG,2.0,0.198,225,True,766.4790352640722,103.56726152307624,37.33991627974244,27.437877787788587,0.6782691159267038,0.8979768871190998,48.91331117521928,185,,,,,,,,,12.761594198087652,34.80749988555908,12.513049601836563,2.78169598883795,111,0.1448180509748157,0.0,1340.0,0.0001,,
2ICR,True,XYG,1.51,0.178,226,True,662.8866200274565,94.91134397986808,33.5267529692348,27.78337043053571,0.5597040795128722,0.9247255786517428,47.91245558331805,172,red fluorescent,558.0,583.0,25.0,red,,,,23.786511494170668,19.450000190734865,23.83341805234737,0.8160810232093092,131,0.1976205221860927,1.0,427.0,,,
2IE2,True,GYC,1.7,0.19808,214,True,605.04135775383,92.1352218594833,31.478934258046127,27.196233440024585,0.5035771520500499,0.8956607732790589,46.93024226552268,148,green fluorescent,488.0,507.0,19.0,green,7.388269058941596,7.388269058941596,cis,17.9520022985008,15.079999969119118,17.98733448884469,0.8383676846878768,119,0.1966807697936194,0.0,739.0,0.85,,
2IOV,True,GYC,1.8,0.18523,220,True,693.774076806571,97.2535015952609,30.8978950025313,29.714233159058605,0.2741351325787733,0.9217591093866838,49.9278407884398,176,dronpa,503.0,518.0,15.0,green,20.34470899840857,20.34470899840857,cis,30.02093097022433,28.49476178487141,30.03868695520628,0.9486021085862651,116,0.1672014044311742,0.0,883.0,0.85,,
2JAD,True,PIA,2.7,0.214,346,False,883.2685204698098,111.06151369842408,41.971349608295725,29.110119968687204,0.7203880682486201,0.8998610207098762,86.17076170995642,216,yellow fluorescent,514.0,527.0,13.0,yellow,8.754856902561526,8.754856902561526,cis,50.38507809346258,49.79999923706055,50.38935968041027,0.9883038711528052,125,0.1415198177033554,1.0,55.0,,,
2O24,True,CRO,1.45,0.17732,236,True,669.2765655254908,95.43635530768276,31.662553682034265,29.60288326648168,0.3547812781563815,0.923395581045378,52.51134698344926,162,gfp,488.0,507.0,19.0,green,7.471613347152722,7.471613347152722,cis,15.116787020664823,9.66454542766918,15.18028586399246,0.6366510824801671,127,0.1897571296259034,0.0,213.0,0.67,25000.0,19.75
2O29,True,CRO,1.8,0.17753,233,True,715.2367586618464,98.68467196785656,33.419154533356284,29.42824041890437,0.4738974509757347,0.9229119869075174,52.85066826299084,169,gfp,488.0,507.0,19.0,green,7.656155205039079,7.656155205039079,cis,17.566981438553302,13.7990910356695,17.611476118565886,0.7835283620049658,122,0.1705728886589284,0.0,178.0,0.67,25000.0,19.75
2O2B,True,CRO,1.94,0.1816,233,True,724.0780614212194,99.43205899419628,33.06847888498737,29.69541560022387,0.4400002955792056,0.9203274757943264,53.06155150963802,169,gfp,488.0,507.0,19.0,green,7.07766355893372,7.07766355893372,cis,24.305498388134662,20.930454514243387,24.345332596946683,0.8597317137030372,127,0.1753954535657724,0.0,147.0,0.67,25000.0,19.75
2OGR,True,CH7,1.8,0.184,222,True,672.4335001612918,95.8001852503542,33.777978821385524,27.11312383571344,0.5964013426303321,0.9207177331623722,47.74884922130673,152,yellow fluorescent,514.0,527.0,13.0,yellow,-2.366641398916028,-2.366641398916028,cis,30.287988803767355,31.800869817319125,30.26824064070737,1.0506348946674666,90,0.1338422312071191,0.0,497.0,,,
2OJK,True,NYG,2.2,0.182,225,True,644.4221280921575,94.4971515203185,32.8784932091633,26.13488785106155,0.6067494847924889,0.906865486280587,47.74132218577732,157,green fluorescent,488.0,507.0,19.0,green,-172.1647752009719,-172.1647752009719,trans,41.27435399517376,35.944783086362094,41.34260573843805,0.8694368060342804,134,0.2079382351389971,0.0,253.0,0.63,,
2OKW,True,CRO,1.9,0.2323,220,True,650.2954009440008,94.5714406956818,31.036727772992496,30.278664852874822,0.2196652994711777,0.9136935021749792,46.169852562455,155,gfp,488.0,507.0,19.0,green,-0.4891414146881639,-0.4891414146881639,cis,18.172381492083552,13.366818167946557,18.232794288158416,0.7331195622948399,107,0.1645406069990246,0.0,1158.0,,25000.0,19.75
2OKY,True,CRO,2.4,0.2251,220,True,685.7159635258146,97.6135437291024,32.25759140469096,30.07937479839817,0.3612363346321557,0.9043446317746514,46.430159838193546,158,gfp,488.0,507.0,19.0,green,-0.2408721338223065,-0.2408721338223065,cis,36.68832393101591,26.121363813226875,36.82116571535383,0.7094116469630045,104,0.1516662955682886,0.0,114.0,,25000.0,19.75
2OTB,True,PIA,1.79,0.183,213,True,652.1052799641483,94.39104268919556,31.62606491066342,29.02975280952227,0.3967980432167602,0.9197419884888188,46.53636296617762,163,cyan fluorescent,439.0,476.0,37.0,cyan,18.834654063615183,18.834654063615183,cis,17.220105571271386,12.576000022888184,17.275228485792255,0.7279787953734518,116,0.1778853868601976,0.0,410.0,0.5,,
2OTE,True,PIA,1.47,0.19,213,True,630.6934246551888,92.2222423363026,31.390700264227743,28.134284787443093,0.4435254533970416,0.9318731786134316,46.6494615234006,161,cyan fluorescent,439.0,476.0,37.0,cyan,-67.02906828020748,-67.02906828020748,intermediate,18.713091622985704,21.037000036239625,18.68666855973097,1.1257758422265556,103,0.1633123098695882,0.0,450.0,0.5,,
2P4M,True,CRQ,1.8,0.226,218,True,690.9918846252822,98.1145295998057,34.40318733739074,26.444506340675748,0.6396522461681906,0.9020199829561684,46.60398249180479,158,rtms,554.0,585.0,31.0,red,147.4324806506899,147.4324806506899,twisted,30.589367820476664,29.15833322207133,30.60938229038443,0.9525946308047866,133,0.1924769349094809,0.0,1258.0,,,
2POX,True,GYC,1.946,0.17407,219,True,698.7237882873568,98.01242064465332,32.81719108770211,28.36163252225005,0.5030952689823551,0.9140146626425988,49.74566126388848,176,dronpa,503.0,518.0,15.0,green,140.63235413374582,140.63235413374582,twisted,3.0714315131813072,5.611428544634864,3.0436647575017006,1.843642119522005,114,0.1631545997302104,0.0,913.0,0.85,,
2PXS,True,DYG,2.2,0.176,225,True,663.8433807504381,95.65287345763686,31.49735992021036,25.10200340172696,0.6040376367239426,0.9117577243153402,47.78972572870519,179,green fluorescent,488.0,507.0,19.0,green,,,,46.44381468978175,38.57813919422238,46.632555787052425,0.8272791088352408,257,0.3871395082820224,0.0,238.0,0.63,,
2PXW,True,XYG,2.4,0.166,225,True,659.0367221313419,95.36861631945794,31.39858874286951,25.483196693646377,0.5842090065394651,0.9105598890951008,47.68730796711107,178,green fluorescent,488.0,507.0,19.0,green,,,,33.261128060239535,28.15744164932606,33.383593749787124,0.8434514827962646,245,0.3717547016312894,0.0,293.0,0.63,,
2Q57,True,CRF,2.0,0.18806,226,True,680.9287113277619,96.40930481540926,33.08663158745468,28.842317017038063,0.4900022564745381,0.9206055908395304,48.869395276189735,166,gfp,488.0,507.0,19.0,green,179.9358026589118,179.9358026589118,trans,12.749072101010896,11.162499984105429,12.770645886169952,0.8740748184235478,126,0.1850413969977989,0.0,149.0,0.62,25000.0,19.75
2Q6P,True,CRO,2.1,0.227,213,True,689.4393590537795,96.87048554522092,32.55806917916016,29.0747461990174,0.4500328687226493,0.9232577967827018,45.661539298729714,163,superfolder,485.0,510.0,25.0,green,0.0442270636192913,0.0442270636192913,cis,15.084658180714204,7.764545462348244,15.179166678251796,0.5115264643264658,108,0.1566490200794809,0.0,117.0,0.65,,
2QLE,True,CRO,1.59,0.176,226,True,666.4001699957715,94.69568862007418,32.69188003917779,30.589176095450792,0.3528466734436296,0.9338659701473752,49.97281184386173,166,gfp,488.0,507.0,19.0,green,17.690554185033843,17.690554185033843,cis,30.009317975888813,20.16333334786552,30.12437956586572,0.6693360540016838,105,0.1575629850164447,0.0,859.0,,25000.0,19.75
2QLG,True,NRQ,1.8,0.173,216,True,653.9797199247566,94.6419856244105,32.741305641222255,28.290681831274505,0.5033768119135535,0.917500813986175,46.303947801114106,163,mplum,590.0,649.0,59.0,red,-1.8314545895340777,-1.8314545895340777,cis,28.165951552275555,26.79260875867761,28.184412618466528,0.9506179575700292,115,0.1758464314661489,0.0,488.0,0.1,,
2QLH,True,NRQ,1.9,0.182,216,True,641.2006937982542,94.02426475746456,32.771953336851496,28.126471776800607,0.51323477292016,0.9114313349578712,46.30891102090097,165,mplum,590.0,649.0,59.0,red,-3.616875286575101,-3.616875286575101,cis,32.72478721552881,25.91608710910963,32.81599286634282,0.7897395399451722,113,0.1762318741900083,0.0,471.0,,,
2QLI,True,NRQ,1.34,0.1834,215,True,661.4673297101459,95.3366331836128,33.46301611363018,27.879109953308653,0.5530741813125196,0.914531442448754,46.55563332636807,165,mplum,590.0,649.0,59.0,red,3.9909939630108258,3.9909939630108258,cis,29.42815621401783,22.865217208862305,29.516018610478003,0.7746714592714512,132,0.1995563409879097,0.0,480.0,,,
2QRF,True,CZO,1.5,0.144,225,True,636.1344215739922,91.91345985204072,31.755121460733207,28.35050567164809,0.4504824151022152,0.946238319311137,46.51195465490373,157,green fluorescent,488.0,507.0,19.0,green,,,,17.145388354560982,32.28304348821225,16.953877866071444,1.9041686948104035,135,0.212219297402534,0.0,300.0,,,
2QT2,True,CJO,1.31,0.133,226,True,721.3434193283755,98.39385769652002,32.94481114983146,30.31728241153269,0.3913438336315615,0.9363020233343504,47.15877168864106,182,gfp,488.0,507.0,19.0,green,,,,13.766838430526496,15.856818242506549,13.741863115011254,1.1539059958460052,109,0.1511069444585591,0.0,431.0,,25000.0,19.75
2QU1,True,CRO,1.7,0.168,231,True,694.918290391924,96.21312244852354,32.00716835151541,30.85294535478818,0.2661247021894945,0.9433546360578612,54.2366391795356,161,gfp,488.0,507.0,19.0,green,1.946228294617698,1.946228294617698,cis,9.557853790611883,7.075000004334883,9.586708932343576,0.7380009192169478,114,0.1640480637453155,0.0,377.0,,25000.0,19.75
2QZ0,True,CRO,1.2,0.13,224,True,694.6912407550584,97.16114025097062,31.612650748688395,30.104347635583533,0.3052008918241852,0.9247332662841816,47.13975334425598,160,green fluorescent,488.0,507.0,19.0,green,-11.043552186955644,-11.043552186955644,cis,14.362211809458156,12.951818119395863,14.379536578403645,0.9007117891996572,103,0.1482673077726581,0.0,399.0,,,
2RH7,True,CRO,1.5,0.291,212,True,707.7587693294856,100.76552501123928,33.42270566863552,29.95241570280409,0.4437114949592671,0.8759335865141513,47.09357629283897,162,green fluorescent,488.0,507.0,19.0,green,-3.0400093853771404,-3.0400093853771404,cis,26.431604130035595,21.54857126871745,26.491501145273727,0.8134145041668154,113,0.1596589189662088,0.0,537.0,,,
2V4E,True,NRQ,2.4,0.22,217,True,697.8885616648616,98.0656652084538,32.90431876190141,28.82896729828737,0.482046937595927,0.911931016423662,46.388123212490285,159,dsred,558.0,583.0,25.0,red,-14.873186292818438,-14.873186292818438,cis,38.24489036847394,41.05086948560632,38.208137794616285,1.074401210189066,119,0.1705143292735981,0.0,491.0,0.41,75000.0,59.25
2VAD,True,CRQ,1.59,0.176,217,True,630.1753999224906,92.30569239774968,30.19423602935976,26.395601533320484,0.4855779216746607,0.9294249805019762,47.24389895818014,183,tdTomato,554.0,581.0,27.0,red,-168.89289838240558,-170.96546474690723,trans,17.37320732765558,17.95854167143504,17.35716161177813,1.03464737340746,262,0.4157572638224613,0.0,139.0,0.14,138000.0,95.21999999999998
2VAE,True,CRQ,1.64,0.162,216,True,699.1818655042321,98.1223500191354,30.72396570642933,27.097004659673384,0.4713427831680627,0.9125656926090666,46.50759643927421,182,dsred,558.0,583.0,25.0,red,-4.24695039520613,-5.821189243114742,cis,8.281055181057422,10.225833356380464,8.229194429715475,1.242628721889856,288,0.4119099968250775,1.0,1790.0,0.44,75000.0,59.25
2VVH,True,5SQ,1.8,0.18486,222,True,643.4933758123427,92.64596262813156,31.63616220020063,29.23790900648464,0.3819265907823272,0.9421085566769024,50.47561616903722,170,,,,,,,,,20.52419495765377,17.47800006866455,20.566479728461506,0.8498294457498785,144,0.2237785273519174,1.0,1187.0,0.43,,
2VVI,True,7R0,2.0,0.19319,222,True,686.1184814593704,96.52134328621348,32.71451861684408,29.24353534767629,0.4482647721601436,0.9254698334194744,50.1025828388478,176,,,,,,,,,24.793389452986585,25.95120002746582,24.777450430760823,1.0473716857989472,144,0.209876287975384,0.0,1007.0,0.43,,
2VVJ,True,RC7,2.0,0.18626,159,False,537.8741114377162,90.165056981641,32.749599574868526,23.670147939059504,0.6910975997808679,0.8314075857649313,47.4953919130178,117,,,,,,-155.3296019462287,-155.3296019462287,trans,30.044804423145703,33.2820831934611,29.98643125223093,1.1099047737127763,78,0.1450153453035861,1.0,967.0,0.43,,
2VZX,True,5SQ,2.0,0.21229,226,True,789.255640569659,105.24707514087324,35.29233565707315,30.575517318787416,0.4994372467948876,0.8953802022280004,55.14431977907985,188,dendra,490.0,507.0,17.0,green,,,,20.17170520826589,11.661599979400634,20.28770991422098,0.5748110569752507,142,0.1799163575156827,0.0,1280.0,0.5,,
2WHS,True,CRQ,2.1,0.19011,226,True,718.2440407822311,100.81829383188328,35.654418592167886,27.57917229053429,0.6337798864830316,0.8879800492891542,65.23063857766081,164,keima,440.0,620.0,180.0,red,-179.35191843738096,-179.35191843738096,trans,21.96525649003935,23.33833336830139,21.94683623007385,1.0634030856949108,119,0.1656818480114342,0.0,761.0,0.24,,
2WHT,True,CRQ,1.9,0.18261,216,True,737.5836720265472,101.1308420272419,33.34207262257207,26.285760163771467,0.6152063663901767,0.9062622951994556,46.45003625629423,187,keima,440.0,620.0,180.0,red,-163.20028791314263,147.39386808532865,trans,14.5041246476322,9.850833266973495,14.634210836491617,0.6731373066192013,250,0.3389445963643864,0.0,1303.0,0.24,,
2WHU,True,CRQ,2.65,0.2351,215,True,712.8959811442461,98.99353739695265,35.84837541268431,27.16625962288017,0.652475216934835,0.91416027197711,46.674474524596526,168,keima,440.0,620.0,180.0,red,142.64160195888724,142.64160195888724,twisted,37.98442586529001,42.47625033060709,37.921345825987714,1.120114526671094,124,0.1739384191799926,0.0,147.0,0.24,,
2WIQ,True,CRQ,2.0,0.17061,228,True,687.511415650234,97.4641192481868,34.50918469416607,29.54887539653646,0.5165431078065443,0.909494867574466,49.01063168749323,181,,,,,,-168.23329583535167,-168.23329583535167,trans,20.870318142505617,26.182083288828533,20.80185285597944,1.2586418849368295,127,0.1847242054590265,0.0,269.0,0.25,,
2WIS,True,CRQ,2.35,0.222,229,True,693.1552810392678,96.7447931250119,31.906429148222607,29.735148731770643,0.3625906734318388,0.9306474675149132,50.736228499574814,178,,,,,,21.298575601236447,125.05214467289493,cis,45.1643446121861,47.93125009536743,45.12879550533581,1.0620990336358584,134,0.1933188762539469,0.0,77.0,,,
2WSN,True,CRF,1.37,0.14023,224,True,650.6464714677943,95.05688081172376,32.63207660337114,28.39976208776206,0.4925184251934918,0.9048734054641384,46.951629283383895,162,cyan fluorescent,439.0,476.0,37.0,cyan,6.858654423265994,6.858654423265994,cis,11.866401440798624,7.381666700045268,11.92234407789742,0.6191455851144225,127,0.1951904844938304,0.0,224.0,0.4,,
2WSO,True,CRF,1.15,0.14529,224,True,652.0153756208495,94.54636059839912,31.601686694625204,29.301194535480047,0.3745579635293692,0.9165962352370396,46.66410704835022,169,cerulean,433.0,475.0,42.0,cyan,6.387025267898958,6.387025267898958,cis,11.112326677106008,7.009166618188222,11.164707443815596,0.627796711509066,131,0.2009155073609448,0.0,257.0,0.62,,
2WUR,True,GYS,0.9,,227,True,642.299300573803,93.86976373120817,32.10104222933803,29.61357731307812,0.3859698464275936,0.9160008224459536,46.93369740807841,169,gfp,488.0,507.0,19.0,green,1.297343316145989,1.297343316145989,cis,8.628743566764493,4.273809512456258,8.676350862516951,0.4925814527533357,117,0.1821580685133506,0.0,318.0,,25000.0,19.75
2Y0G,True,CRO,1.5,0.13562,225,True,638.2836263010144,93.57508896471457,31.5918024740786,28.53313228200464,0.4292588216777307,0.9160160229257174,46.51765268937375,161,Superfolder GFP,485.0,510.0,25.0,green,-175.04306242935925,-175.04306242935925,trans,14.414005275756594,9.77863632548939,14.468597415427835,0.6758524026014057,130,0.2036712123627185,0.0,264.0,0.6,,
2YDZ,True,CRF,1.59,0.1419,225,True,640.1797638775442,93.97617867379417,31.41229979918038,27.90597898491032,0.4591138154600012,0.9109116218763572,47.03525818963924,158,cfp,439.0,476.0,37.0,cyan,8.578174615782524,8.578174615782524,cis,22.811949898214905,15.576666792233786,22.907781462532533,0.6799727340559207,125,0.1952576558229204,0.0,125.0,0.56,,
2YE0,True,SWG,1.47,0.1415,225,True,649.7334778929992,94.78535829724927,31.701352137957866,28.229099777527058,0.4550421544046065,0.9087880264515013,47.067808328986345,158,mturquoise,434.0,474.0,40.0,cyan,,,unknown,22.61312361879996,14.328260753465736,22.718692508496737,0.6306815741313898,122,0.1877692994912776,0.0,166.0,0.84,30000.0,25.2
2YE1,True,SWG,1.63,0.1458,225,True,622.9363441451164,93.73662980201262,31.43411564693078,27.66085603522989,0.4750423857073891,0.8909121136410179,46.938150309575846,151,mturquoise,434.0,474.0,40.0,cyan,,,unknown,19.58703012701584,11.041304339533268,19.69610431853198,0.5605831570025018,117,0.187820153856273,0.0,143.0,0.82,30000.0,25.2
2YFP,True,CR2,2.6,0.161,225,True,636.1544056921529,93.34435662949998,31.634489198057665,29.774136780962188,0.337871434116543,0.9174792900562824,47.62847677261789,151,gfp,488.0,507.0,19.0,green,-2.3535244255316057,-2.3535244255316057,cis,24.990269034947406,18.84578935723556,25.05782986473706,0.7520918395154613,125,0.196493176627452,0.0,30.0,,25000.0,19.75
2Z1O,True,GYC,1.75,0.168,215,True,623.8128553320423,92.99494071647644,31.601439943690856,27.706580139648565,0.4809453784803733,0.9064535215516624,49.56860977435839,151,gfp,488.0,507.0,19.0,green,16.918582711912503,16.918582711912503,cis,17.584231641314446,13.758095287141346,17.630864759966585,0.7803414905876359,124,0.1987775643610252,0.0,1122.0,0.85,25000.0,19.75
2Z6X,True,GYC,2.3,0.219,216,True,686.8314311300911,98.11165096381929,32.57796371951801,27.23557821985825,0.5487107091986702,0.8966415452643538,46.34211232245775,146,gfp,488.0,507.0,19.0,green,2.6619834161885003,2.6619834161885003,cis,27.68304000418527,34.234762100946334,27.60346443215983,1.2402342533881583,122,0.1776272815576669,0.0,1081.0,,25000.0,19.75
2Z6Y,True,GYC,2.0,0.208,214,True,645.7957744616567,95.66685281446028,32.28452305366572,27.818409108469467,0.5074793262974889,0.8867109853861361,46.87284781601159,150,gfp,488.0,507.0,19.0,green,1.694067463853368,1.694067463853368,cis,27.11881339165472,27.98095248994373,27.10825658636955,1.0321929925959528,115,0.1780748721929396,0.0,596.0,0.85,25000.0,19.75
2Z6Z,True,GYC,1.8,0.195,217,True,669.4767329934544,97.22883929597344,31.486828093501,28.08210969627775,0.452294819703026,0.8899285704622004,49.8998619801187,156,gfp,488.0,507.0,19.0,green,14.64611761765216,14.64611761765216,cis,20.98574842888317,16.44714287349156,21.040650915440327,0.7816841284801747,122,0.1822318745186217,0.0,1254.0,0.85,25000.0,19.75
2ZMU,True,CFY,1.65,0.205,213,True,695.4570252955903,99.22109325241756,33.16525553024178,28.242996445115924,0.5242183925444973,0.8877121146281245,47.70163219815981,161,gfp,488.0,507.0,19.0,green,-29.40509352862975,-29.40509352862975,cis,25.546438590824952,18.76531237363816,25.67575685003233,0.7308572239269561,144,0.2070580852048991,0.0,263.0,0.6,25000.0,19.75
2ZMW,True,CFY,2.0,0.197,213,True,690.0929056747686,97.51734158102636,32.56892586330057,28.16168327543704,0.5023239221380431,0.9119136570169498,49.47070658611058,163,gfp,488.0,507.0,19.0,green,-30.48726308827389,-30.48726308827389,twisted,22.96170176427964,19.673749953508377,23.024404063412344,0.8544737965562188,147,0.2130147966906924,0.0,722.0,0.6,25000.0,19.75
3A8S,True,CRQ,2.9,0.24467,220,True,674.9033676797212,97.95252039997648,33.73227004467551,28.85885379734912,0.5177588842989373,0.8839347931154117,47.53275083066846,170,,,,,,-156.35924172719012,-156.35924172719012,trans,50.32047156203877,68.19541676839192,50.07335250388642,1.3619103446908007,130,0.1926201679018619,0.0,28.0,0.25,,
3ADF,True,CRQ,2.2,0.205,210,True,643.5700577956247,94.4477581501807,31.750801441525,29.16979213952059,0.394931846649786,0.9066139280404172,46.17697341357811,161,green fluorescent,488.0,507.0,19.0,green,-152.6226235276104,-152.6226235276104,trans,23.440433287606773,20.50291653474172,23.481734050388702,0.8731432052992834,146,0.2268595287047435,0.0,115.0,0.81,,
3AI4,True,CR2,1.6,0.18942,256,False,877.7087966887547,110.32486378784895,40.3445807391207,29.897885546519102,0.6714352393612798,0.9061780019699308,49.0491961384618,200,green fluorescent,488.0,507.0,19.0,green,8.669037087119346,8.669037087119346,cis,19.5582037506214,12.4584211048327,19.62394247882315,0.6348582155842027,101,0.1150723342195415,0.0,296.0,,,
3AI5,True,CR2,1.4,0.1787,299,False,951.3570407512124,114.19829008292112,41.9525849531809,30.79184310025043,0.6791843541379052,0.9167147058483428,77.12906264871759,243,green fluorescent,488.0,507.0,19.0,green,14.071228774456632,14.071228774456632,cis,19.60476965760466,11.18894742664538,19.6722667544338,0.5687675734736354,108,0.1135220483728389,0.0,299.0,,,
3CB9,True,CRO,1.31,0.15212,228,True,676.9662981164774,94.85545714070804,32.09765591695243,30.27076934773636,0.3325560581091675,0.9454798326974356,46.99936820323035,152,green fluorescent,488.0,507.0,19.0,green,2.280294001594415,2.280294001594415,cis,9.7100976666095,6.164285682496571,9.750965971585556,0.6321717971798262,105,0.1551037330693438,1.0,309.0,,,
3CBE,True,CRO,1.488,0.16495,227,True,680.631899588645,95.48240861205106,31.06052551709719,30.409849490127744,0.203613483969244,0.9381568023462172,47.17225599555602,163,green fluorescent,488.0,507.0,19.0,green,3.0514337634232422,3.0514337634232422,cis,14.253527482696766,9.287619159335184,14.310952634013171,0.6489867863346207,116,0.170429860942614,1.0,239.0,,,
3CD1,True,CRO,1.312,0.16362,226,True,702.2421317004053,97.55500450993397,33.77024282522034,28.413728720766468,0.5404383643963312,0.9272517020491204,47.59286966602786,162,green fluorescent,488.0,507.0,19.0,green,1.9270311443071204,1.9270311443071204,cis,13.921924757983458,9.482380821591333,13.973348046821975,0.678604783178499,106,0.150945087477637,1.0,263.0,,,
3CD9,True,CRO,1.502,0.16715,226,True,651.9321535221301,94.25174871553271,31.28860169336352,29.32396872681773,0.3487674208799392,0.9222176541588932,47.46685190670392,160,green fluorescent,488.0,507.0,19.0,green,4.715957907172478,4.715957907172478,cis,18.142951922103013,12.921904790969124,18.20427294545525,0.7098281172605199,111,0.1702631161851907,0.0,244.0,,,
3CFA,True,NRQ,1.75,0.20387,164,False,557.931406245564,91.87464880662692,31.098536608754767,26.236223379567505,0.536896425552561,0.8306140801838524,48.79605287779334,134,red fluorescent,558.0,583.0,25.0,red,-162.26848148165587,-162.26848148165587,trans,25.156407627542,30.821739196777344,25.059239375422376,1.2299550970013369,94,0.1684794921880191,0.0,1004.0,,,
3CFF,True,NRQ,1.8,0.19611,164,False,552.0271767480842,91.17392403346948,30.55873814312945,26.08297989834196,0.5210340455837552,0.8345051656802549,48.72079426371148,135,red fluorescent,558.0,583.0,25.0,red,-164.06561093927638,-164.06561093927638,trans,30.62341679529519,37.40043532330057,30.50665917271532,1.2259761093981387,80,0.1449204013310883,1.0,917.0,,,
3CFH,True,NRQ,1.75,0.20212,164,False,557.9734487027077,91.58241198549332,29.02408117132272,25.029830969098672,0.5062589553679386,0.8359864589510346,48.40129556136112,158,red fluorescent,558.0,583.0,25.0,red,152.3289245326116,-173.15626090093517,trans,33.89410624534897,36.88934765691342,33.79181886232598,1.091665050857645,154,0.2759987959248797,0.0,908.0,,,
3CGL,True,CRQ,2.09,0.18476,223,True,661.5405849309066,96.23949172546124,32.95155596158403,28.319530371309828,0.5112547294802152,0.8975521996552794,53.92995845235851,165,cyan fluorescent,439.0,476.0,37.0,cyan,-2.6323094782144443,-2.6323094782144443,cis,17.75599669674945,18.15833365917205,17.75060825528843,1.0229696581671872,135,0.2040691124250522,3.0,567.0,0.46,,
3DPW,True,CR2,1.59,0.2173,230,True,697.9915682721928,96.92373349687644,32.94366186023912,29.612782572659288,0.4381709725999649,0.9336836865747358,53.00979505343368,158,citrine,516.0,529.0,13.0,yellow,-9.254605405383312,-9.254605405383312,cis,26.78212433273728,27.207368649934462,26.77771163911262,1.0160453221922918,112,0.1604603910577954,0.0,174.0,0.76,,
3DPX,True,CR2,1.5,0.19677,230,True,681.931609480297,95.76492373353784,30.94262254151125,30.576868118302706,0.1533006652499435,0.9344105892538028,53.01187960461786,154,citrine,516.0,529.0,13.0,yellow,-6.040495021802568,-6.040495021802568,cis,14.451891884417147,8.687894720780221,14.511703979506771,0.5986819144773864,110,0.1613064982921549,0.0,326.0,,,
3DPZ,True,CR2,1.7,0.22011,230,True,650.2237612434791,93.31651241151006,31.76307367005405,29.23787555118994,0.3907450663321377,0.9383302157914196,53.12616635668911,154,citrine,516.0,529.0,13.0,yellow,-0.6160233304340397,-0.6160233304340397,cis,22.702383783443555,16.24894734432823,22.76935008182869,0.7136324614419216,117,0.1799380566718306,0.0,205.0,,,
3DQ1,True,CR2,1.7,0.22362,230,True,671.0664597656166,95.60147607013016,32.34106827603097,29.307601694635085,0.4228410103720437,0.9226695784179076,52.71038154151844,157,citrine,516.0,529.0,13.0,yellow,1.4053606459605683,1.4053606459605683,cis,21.08939998008109,15.86684226989746,21.143593642830133,0.7504326150951147,116,0.1728591830390619,0.0,190.0,,,
3DQ2,True,CR2,1.6,0.22123,230,True,698.0354250225918,97.48227071212628,32.291977476513715,29.259573570260777,0.4230759939669856,0.9230730120640964,52.711915364555786,158,citrine,516.0,529.0,13.0,yellow,-8.620101228084826,-8.620101228084826,cis,18.58179997985427,11.89052626961156,18.65123427832211,0.6375195385021589,113,0.1618829015681299,0.0,213.0,,,
3DQ3,True,CR2,1.7,0.18532,230,True,691.4605182652726,97.19055423295784,32.10188928444381,29.692254327486378,0.3801182260493982,0.9198756735818296,52.84800522296799,157,citrine,516.0,529.0,13.0,yellow,-5.255467961717567,-5.255467961717567,cis,20.163016218752475,14.482631633156224,20.22196067922562,0.7161833544674275,114,0.1648684154606567,0.0,286.0,,,
3DQ4,True,CR2,1.47,0.19618,230,True,691.4217598431364,97.17956174138644,31.920657541249167,29.83686066246133,0.35538638044271,0.9200322158694204,53.229414091198194,157,citrine,516.0,529.0,13.0,yellow,-3.994240793770453,-3.994240793770453,cis,22.165767568124306,17.334736824035645,22.21589841691605,0.7802852038086517,110,0.1590924763851166,0.0,298.0,,,
3DQ5,True,CR2,1.5,0.21047,230,True,669.6330306170202,95.0514168000666,31.674591876593823,29.11227747916801,0.39401256273804,0.9313856499507324,53.33063880896515,153,citrine,516.0,529.0,13.0,yellow,-2.531565614959999,-2.531565614959999,cis,25.12647570068772,17.2800000341315,25.20789734878415,0.6854994605476273,127,0.1896561164000204,0.0,229.0,,,
3DQ6,True,CR2,1.6,0.19638,230,True,676.8283092763246,95.3903907780285,32.67041999454484,28.817006056892847,0.4711522516697929,0.9347148092604458,52.66075212822152,159,citrine,516.0,529.0,13.0,yellow,-4.55791510085202,-4.55791510085202,cis,19.840010816471,13.49473692241468,19.90585472907999,0.6779280320327334,116,0.1713876302308173,0.0,212.0,,,
3DQ7,True,CR2,1.23,0.21029,230,True,686.4266747306576,96.09777309003408,32.8052277554572,28.88681075585189,0.4739437813269873,0.9340655795570932,52.94807704436536,160,citrine,516.0,529.0,13.0,yellow,-8.06598516018726,-8.06598516018726,cis,19.13336756577363,11.691052637602152,19.210595301238,0.6085731573788732,114,0.1660774620169469,0.0,273.0,,,
3DQ8,True,CR2,1.51,0.22145,230,True,705.5665135037633,97.67425148013868,32.393103536280684,29.06573204176916,0.4414588733321563,0.929367842945648,53.25814012447823,157,citrine,516.0,529.0,13.0,yellow,-6.48206621954806,-6.48206621954806,cis,25.713405379218024,20.56736845719187,25.7668049977426,0.7982118256025049,124,0.1757453020045269,0.0,221.0,,,
3DQ9,True,CR2,1.4,0.21119,230,True,696.7252829393431,97.51065267617156,32.2496424067368,29.262046866180548,0.4203536519843228,0.9208042347506368,53.34949676279695,156,citrine,516.0,529.0,13.0,yellow,-6.3793843028368,-6.3793843028368,cis,23.5241459325842,16.974210437975433,23.592113586542453,0.719486635892511,122,0.1751048842167843,0.0,267.0,,,
3DQA,True,CR2,1.44,0.20281,230,True,692.2845820681757,97.21062118327184,32.526558451109686,29.21981418934381,0.4393067890524442,0.9205917676189656,53.48700337926537,157,citrine,516.0,529.0,13.0,yellow,0.5988244581721135,0.5988244581721135,cis,24.57470812153172,20.435263282374333,24.61766249179059,0.8301057539150605,118,0.1704501343182874,0.0,303.0,,,
3DQC,True,CR2,1.49,0.2186,230,True,674.1182962839026,95.44895352507228,32.21433192259981,29.34205115113324,0.4127630977144865,0.9298301752360632,53.46539462079526,158,citrine,516.0,529.0,13.0,yellow,-2.6456591664784663,-2.6456591664784663,cis,26.390443239985284,22.52210526717337,26.43058437678672,0.8521228644098363,116,0.1720766231082192,0.0,233.0,,,
3DQD,True,CR2,1.4,0.21271,230,True,677.9167574871358,95.6364713888633,31.730016758976824,29.705808507326488,0.3514537181562368,0.9314062449290952,53.1163235390287,157,citrine,516.0,529.0,13.0,yellow,-4.95896047460678,-4.95896047460678,cis,26.297178396792024,20.87894750896253,26.35340252943472,0.7922676203060443,121,0.1784879908390465,0.0,260.0,,,
3DQE,True,CR2,1.43,0.2037,230,True,670.9918499725429,95.2976332539386,31.93048699819548,29.314373308415668,0.3964218541950397,0.9284593183328717,53.27130273304088,152,citrine,516.0,529.0,13.0,yellow,-7.666548314572154,-7.666548314572154,cis,21.50901619112169,16.590526480423776,21.560054587901192,0.7695029904856477,114,0.1698977416859309,0.0,312.0,,,
3DQF,True,CR2,1.46,0.19594,230,True,682.701157334593,96.25719696062856,32.386371723545395,29.28583415270529,0.4269735221925803,0.9259213146234962,53.08163637292274,153,citrine,516.0,529.0,13.0,yellow,-10.13487468901243,-10.13487468901243,cis,19.6863405444171,14.841579085902165,19.736613874680224,0.7519820360341639,118,0.172842829885768,0.0,315.0,,,
3DQH,True,CR2,1.45,0.18182,230,True,679.3256157735136,96.01102954881245,32.36684469318042,29.374810447315976,0.4199253084621932,0.9260738087168792,52.95683833478002,155,citrine,516.0,529.0,13.0,yellow,-12.388570339524955,-12.388570339524955,cis,17.13404326155379,13.61157879076506,17.170595323238654,0.7927260840131252,113,0.1663414382973511,0.0,393.0,,,
3DQI,True,CR2,1.42,0.20897,230,True,680.9187024861078,96.03467237803127,32.48791846700832,29.18599781220947,0.4392504280259478,0.9277885503839334,53.25271381900696,159,citrine,516.0,529.0,13.0,yellow,-3.903650399578408,-3.903650399578408,cis,25.94829728255401,21.96684204904657,25.98961221943912,0.8452162296063928,123,0.1806383046183247,0.0,270.0,,,
3DQJ,True,CR2,1.51,0.22102,230,True,674.1227257340233,95.42107149900563,32.09281047590601,29.35829510551271,0.4039217910466796,0.930379760400366,53.31064844536786,153,citrine,516.0,529.0,13.0,yellow,-4.822509175493589,-4.822509175493589,cis,23.9765945872745,19.76789464448628,24.02026760688836,0.8229672944533466,115,0.1705920830287711,0.0,242.0,,,
3DQK,True,CR2,1.4,0.21307,230,True,674.2938783090071,95.39720845657806,32.30656044928104,29.32804279201909,0.41939347462939,0.9310816082008304,53.39541864281525,156,citrine,516.0,529.0,13.0,yellow,-10.679956843708585,-10.679956843708585,cis,22.50005404755876,17.813157784311397,22.54868923543517,0.789986397804361,117,0.1735148482934657,0.0,270.0,,,
3DQL,True,CR2,1.47,0.21338,230,True,673.8610639552078,95.40430660294672,32.17312504867838,29.285409137552733,0.4140712571544673,0.9303455153221576,53.35348591830052,154,citrine,516.0,529.0,13.0,yellow,-4.291039752603811,-4.291039752603811,cis,23.09702703475952,18.258420994407253,23.147236491213203,0.7887948525232475,118,0.1751102806079972,0.0,250.0,,,
3DQM,True,CR2,1.44,0.2034,230,True,678.4611672630568,95.76199803673784,32.30244685823066,29.5999405266663,0.4004069792047363,0.9297120534119118,53.27917711957947,157,citrine,516.0,529.0,13.0,yellow,-8.224700037027848,-8.224700037027848,cis,22.156129738060205,19.6557896262721,22.182075375484548,0.8861113891983038,117,0.1724490739418194,0.0,299.0,,,
3DQN,True,CR2,1.44,0.19779,230,True,700.3759185559295,97.88153243392608,32.746189148849425,29.329869989986303,0.4447137129094218,0.918627725656018,53.394475036614224,159,citrine,516.0,529.0,13.0,yellow,-5.2357361027132585,-5.2357361027132585,cis,20.78329188733488,17.926315859744424,20.812938279756622,0.8613063479451228,115,0.1641975358563338,0.0,314.0,,,
3DQO,True,CR2,1.5,0.21558,230,True,677.9556487739542,95.90281276429218,32.72336366205781,29.297635291442827,0.4454386546380973,0.9262931615463452,53.271287895783416,158,citrine,516.0,529.0,13.0,yellow,-6.969184500762021,-6.969184500762021,cis,15.259583795135086,12.963157804388748,15.283413447687888,0.848184723181054,118,0.1740526835544427,0.0,244.0,,,
3DQU,True,CR2,1.42,0.20394,230,True,692.9928873275012,97.03034489122636,32.04842632647916,29.768414138286097,0.3704377835930831,0.924961148001288,53.14337162872376,155,citrine,516.0,529.0,13.0,yellow,-3.6823191740992622,-3.6823191740992622,cis,22.850594610265784,16.261579011615954,22.918967792338066,0.7095249296982863,114,0.1645038529033629,0.0,280.0,,,
3E5T,True,NRQ,1.1,0.116,228,True,746.4841481917591,100.85110137079728,32.64575281042902,30.46878238851727,0.3590577213527204,0.9222935320998454,48.00178779188461,187,eqFP611,559.0,611.0,52.0,red,174.9638372510977,174.9638372510977,trans,17.11452973666896,11.8504348008529,17.173275095001696,0.6900509504038624,132,0.1768289391271728,1.0,458.0,0.42,,
3E5V,True,NRQ,2.1,0.226,228,True,775.028349954536,104.83101136116322,33.421397660044626,27.17099340828756,0.5822888725747878,0.8862329675712022,48.50768568426256,195,eqFP611 mutant,559.0,611.0,52.0,red,-14.24574668876419,14.438748320300425,cis,48.86449973630931,44.19913051439368,48.98352745910916,0.9023264106753148,250,0.3225688454037394,0.0,75.0,0.35,,
3E5W,True,NRQ,1.71,0.183,226,True,699.078458439603,99.73297429251733,33.26466151283731,28.50726442699267,0.5153439281995662,0.8831983354892157,48.54830111053164,175,eqFP611,559.0,611.0,52.0,red,-1.9246231691690283,-1.9246231691690283,cis,21.2721346078232,21.57913033858589,21.26818996994189,1.014619973259758,117,0.1673631887630367,0.0,1117.0,,,
3ED8,True,CRO,2.7,0.17434,230,True,652.0086736607218,94.60322811098229,31.828397762925107,30.78791101307583,0.253598821720398,0.915485194923702,47.25042856127253,160,superfolder,485.0,510.0,25.0,green,-3.5907212338858674,-3.5907212338858674,cis,32.07848922917377,30.31526304546156,32.09722597273671,0.9444823384803176,111,0.1702431340012507,0.0,188.0,,,
3EVP,True,CRO,1.453,0.1321,223,True,664.9710795163546,94.6294338253534,31.063722252511763,30.057722770433617,0.2524307111163336,0.9331686460628136,46.33525971184483,158,gfp,488.0,507.0,19.0,green,12.52869026942288,12.52869026942288,cis,13.413117585187331,8.427272753282027,13.472991267666544,0.6254938183999572,112,0.1684283774889272,0.0,377.0,,25000.0,19.75
3EVR,True,CRO,2.0,0.1628,397,False,1514.689318636601,144.86031039030962,50.982307374720456,38.40573875596876,0.6576598325395663,0.907057051758746,71.62121864945206,290,gcamp,488.0,507.0,19.0,green,16.553655369302607,16.553655369302607,cis,29.188604511516413,14.490454630418258,29.29048204692415,0.4947154712989753,110,0.0726221533660863,0.0,450.0,,,
3G9A,True,GYS,1.614,0.1606,226,True,629.4867903675542,91.59333933753038,31.423165950453807,28.60111959978783,0.414186206863593,0.9429066509178876,48.22027855237758,155,green fluorescent,488.0,507.0,19.0,green,8.780273057937126,8.780273057937126,cis,12.931740777611472,8.358571438562302,12.984421280145776,0.6437384661373572,113,0.1795113125948518,0.0,685.0,,,
3GB3,True,CRQ,1.75,0.186,229,True,694.8390122817489,97.31699875637908,32.81517476770994,29.87114423975952,0.4139832952999249,0.9219696916676374,49.85301467719796,178,,,,,,-164.26029035719444,-164.26029035719444,trans,33.64561991272306,30.81458346048991,33.683220839592785,0.9148348255422488,135,0.1942896089796108,0.0,230.0,0.25,,
3GEX,True,CRF,1.6,0.19324,233,True,682.778995534445,96.9963090924138,31.44158866335876,28.890990282849405,0.3945413288691674,0.911967998208645,65.53068025192488,157,cypet,435.0,477.0,42.0,cyan,13.24646732627746,13.24646732627746,cis,19.380996337034468,14.53375001748403,19.44277749033729,0.7475140845852422,119,0.1742877282082363,0.0,180.0,0.51,,
3GJ1,True,CRO,1.8,0.209,226,True,680.6260529036462,95.11320150321896,32.64183020610799,30.340906598198742,0.3687969857022068,0.9454462257755843,48.40710126960202,168,gfp,488.0,507.0,19.0,green,-2.8431911691332803,-2.8431911691332803,cis,19.496459376177533,12.742381005060103,19.57686507107179,0.6508897598670781,125,0.183654445002116,0.0,616.0,,25000.0,19.75
3GJ2,True,CRO,1.9,0.205,228,True,682.7549559624333,97.15853041371902,33.3001503549436,29.936690728778007,0.4379575308811834,0.9088931930818576,49.442991097536975,166,gfp,488.0,507.0,19.0,green,-2.4976306614834023,-2.4976306614834023,cis,20.611228347856763,13.865714254833405,20.68876299260416,0.6702050895836611,123,0.180152482125326,0.0,491.0,,25000.0,19.75
3GL4,True,CRQ,2.15,0.229,229,True,678.18496587312,97.1849801075223,32.41692606785964,29.48544043822904,0.4155522904379796,0.9023182094467206,50.33903014346094,172,,,,,,21.013993937266346,21.013993937266346,cis,53.09858716455253,43.28791650136312,53.23027401909199,0.81321986968989,143,0.2108569301826038,0.0,128.0,0.25,,
3H1O,True,NRQ,2.0,0.175,223,True,714.0291374015871,100.6783463917272,33.270830738639496,28.687690750341115,0.5064871591334361,0.8852249598904626,47.46834777439607,170,,,,,,137.50435826826362,137.50435826826362,twisted,36.79941596459423,61.39173905745797,36.48377788918359,1.6827133210801308,120,0.1680603685679974,0.0,221.0,,,
3H1R,True,NRQ,2.41,0.228,223,True,727.9360898736978,101.18631935456996,33.012479222082824,29.22058032916053,0.4653297399420524,0.8934279154319376,47.51708248893111,173,FP611,559.0,611.0,52.0,red,146.75384323291937,146.75384323291937,twisted,35.78732886815907,53.96826072361159,35.55161216428342,1.5180256938623524,115,0.1579809018947711,0.0,0.0,,,
3I19,True,CRF,1.36,0.16759,233,True,685.0913131215879,97.47735466964166,32.445868674583174,29.690653619884863,0.4032661942596429,0.9060472678474162,65.1679261191983,174,cypet,435.0,477.0,42.0,cyan,10.463888320017418,10.463888320017418,cis,14.022089996814728,9.78041672706604,14.073608295637586,0.6949473455288427,117,0.1707801540598942,0.0,218.0,0.51,,
3IP2,True,NRQ,1.6,0.1713,228,True,699.1484679300806,98.71712012985138,34.58219604331181,28.899533583867008,0.5492217622673397,0.9015593460810252,51.02641833934754,179,red fluorescent,558.0,583.0,25.0,red,-171.34927638214938,-171.34927638214938,trans,35.22602683877817,22.071739279705547,35.3902769005907,0.6236667585761995,117,0.1673464297882159,0.0,212.0,0.18,,
3IR8,True,CRQ,1.63,0.193,214,True,668.6124886393311,95.97329092732426,34.9308424818003,27.3659480058228,0.6214772181826439,0.9121863606820904,47.9955285664444,167,red fluorescent,558.0,583.0,25.0,red,9.806674915259258,9.806674915259258,cis,15.786876816813596,18.71458351612091,15.74527530066003,1.1885840773667775,114,0.1705023491738798,1.0,306.0,0.24,,
3K1K,True,GYS,2.15,0.2125,224,True,664.1622082487854,94.28225947614644,30.97104562059424,30.307572883052167,0.2058781021132081,0.938910206943006,47.419839039868336,153,green fluorescent,488.0,507.0,19.0,green,11.15250304510552,11.15250304510552,cis,41.741091418068166,29.54761877514067,41.884624448057785,0.7054526372030252,115,0.1731504722366297,0.0,407.0,,,
3KCS,True,NRQ,1.5,0.173,214,True,651.6821600273115,97.01566193921316,32.56342931286186,28.05922911648865,0.5074534345178451,0.87008562546225,46.47954910259325,147,mcherry,587.0,610.0,23.0,red,81.88578628544535,81.88578628544535,intermediate,15.773316214073738,19.35608718706214,15.725656449829245,1.2308603617798302,102,0.1565180179180066,0.0,303.0,0.46,72000.0,15.84
3KCT,True,NRQ,1.65,0.177,214,True,627.4281026582453,93.32236931709907,33.31235018865685,27.401047716182266,0.5686939230400823,0.9053204242309552,46.3847471884089,158,mcherry,587.0,610.0,23.0,red,129.948981839104,129.948981839104,twisted,26.419228999880843,42.65521754389224,26.20148687946553,1.6279693492250522,98,0.1561931950207524,0.0,247.0,0.46,72000.0,15.84
3LA1,True,CRF,1.29,0.12707,235,True,729.5534481374792,99.1844657916865,31.940544703241283,31.74501265417423,0.1104808824745145,0.9319222082568436,53.48265562579681,169,cypet,435.0,477.0,42.0,cyan,3.1789959396732166,3.1789959396732166,cis,11.7549801273327,7.411249975363414,11.807419525545608,0.627677365010112,116,0.15900137309493,0.0,286.0,0.51,,
3LF3,True,NRQ,1.15,0.149,218,True,705.6790865780557,97.98436545558332,32.5485894366781,28.323098840023206,0.4927357475458642,0.923641721324617,47.07127445605033,191,fluorescent timer,480.0,500.0,20.0,green,-5.658721853227847,-9.621415218986842,cis,12.57579051134295,15.46512814057179,12.518474047690905,1.2353844471502828,248,0.351434532660716,0.0,394.0,,,
3LF4,True,0YG,1.808,0.213,159,False,525.8077206637455,87.76914598465291,32.28404926854528,24.901492465297466,0.636441538668136,0.8577348927885136,45.24782144998123,113,fluorescent timer,480.0,500.0,20.0,green,,,,26.08927574311196,35.05999994277954,25.983034745928624,1.3493419950982908,62,0.1179138258406233,0.0,278.0,0.9,,
3LVA,True,GYS,1.5,0.144,234,True,913.6403720329772,116.9487937788469,39.44701798318167,30.41447313092909,0.6368099063745032,0.8394477170973506,47.05876062887437,196,gfp,488.0,507.0,19.0,green,-10.379241965616234,-10.379241965616234,cis,25.35760644217518,18.45571431659517,25.433690292378422,0.7256404440108204,105,0.1149248689244766,0.0,419.0,0.55,25000.0,19.75
3LVC,True,GYS,1.14,0.139,226,True,641.4556526753086,93.67367488535342,31.087178725613644,29.669590077150364,0.2985321700462831,0.9186316074041018,47.20792604403634,156,gfp,488.0,507.0,19.0,green,-40.48958199244096,-40.48958199244096,twisted,14.91591077577669,8.877142860775901,14.984017180833089,0.5924407823111122,110,0.171484964769154,0.0,486.0,0.55,25000.0,19.75
3LVD,True,GYS,1.751,0.16,226,True,638.0069733030102,93.3561220181085,30.81599321408233,29.89629294501497,0.2424852243620805,0.9199192006661678,47.24669586260232,156,gfp,488.0,507.0,19.0,green,-9.329011873008772,-9.329011873008772,cis,21.24774246488732,15.78809524717785,21.309185440006235,0.7409056198617994,113,0.1771140516144995,0.0,317.0,0.55,25000.0,19.75
3MGF,True,CFY,1.8,0.166,212,True,673.2505046294641,95.81046526734822,32.00746564156562,27.89377482410124,0.4904361152312927,0.9216385952501078,47.62873599662767,157,gfp,488.0,507.0,19.0,green,-28.29418392557965,-28.29418392557965,cis,15.840041095623883,11.035937458276749,15.932040686524608,0.6926882547827659,149,0.2213143532391482,0.0,851.0,0.6,25000.0,19.75
3NED,True,CH6,0.95,0.13343,228,True,604.2774390310141,89.17027324195291,28.6216004987822,26.884246070647684,0.3430991662170871,0.9550058878228028,50.25737358435093,195,,,,,,-6.765264887785896,-6.765264887785896,cis,9.117965054579564,14.94543482946313,8.988590725600488,1.6627116848136048,377,0.6238856122190105,1.0,414.0,0.02,,
3NEZ,True,CH6,1.7,0.182,215,True,662.6767950095425,96.50728155272468,30.69292553608657,27.9348853781481,0.4142989629306197,0.8941110501206043,45.973335607199424,180,mRojoA,578.0,602.0,24.0,red,5.227232714459479,5.227232714459479,cis,30.29763040426172,37.17282610354216,30.11752846680904,1.2342588517682784,277,0.4180016594605689,0.0,489.0,0.02,,
3NF0,True,CH6,1.75,0.2077,217,True,641.0733474415114,94.2359203793594,33.02348058535875,27.74324535972027,0.5424212672699242,0.9071615458690372,46.53781827830207,168,mplum,590.0,649.0,59.0,red,0.9238758658428986,0.9238758658428986,cis,28.17549193110845,24.4691304953202,28.22349098123409,0.8669774590106455,119,0.1856261853264099,0.0,107.0,,,
3OGO,True,CRO,2.8,0.2018,231,True,735.7095480878011,99.83614420838428,32.76140332345328,31.15308938940285,0.3094728746903131,0.9275571062856408,45.358314425271175,170,gfp,488.0,507.0,19.0,green,12.134016397891791,12.134016397891791,cis,30.3641283773308,20.44818184592507,30.48327137224665,0.6708001118456735,108,0.1467970618034048,0.0,312.0,0.14,25000.0,19.75
3P28,True,GYS,1.8,0.18662,234,True,696.8490661612776,97.21424039419392,33.208137885990666,31.461749018529307,0.3200199140317329,0.9265925675402475,54.44864299653081,178,green fluorescent,488.0,507.0,19.0,green,-0.4597692154503102,-0.4597692154503102,cis,24.08758834543446,21.99285697937012,24.11070414085609,0.9121615383311334,104,0.1492432221699073,1.0,262.0,,,
3P8U,True,CR8,2.25,0.23175,222,True,717.6881475212072,99.09796849947251,32.623232248158416,29.710263910476822,0.4130490591727423,0.9183667149445924,50.36317126274875,173,eosfp,506.0,516.0,10.0,green,,,unknown,38.6148883931716,25.41119995117188,38.79705848757005,0.6549774890617858,159,0.2215446925648185,1.0,382.0,0.64,,
3PIB,True,NRQ,1.154,0.1546,235,True,731.519637573428,101.8281410224711,34.56437407105286,28.021763743353706,0.5854447379525209,0.8865438522667413,56.04771468420225,182,red fluorescent,558.0,583.0,25.0,red,-7.264461272084946,-7.264461272084946,cis,14.988949462495606,13.210434789242951,15.009650797255128,0.8801293892632596,139,0.1900154047280071,0.0,721.0,,,
3PJ5,True,NRQ,1.6,0.1871,223,True,667.9882213025412,98.36561609093354,33.05510261046484,26.861665942788104,0.582775830923745,0.8675450493036324,48.78758614591023,201,red fluorescent,558.0,583.0,25.0,red,-157.98371404748937,-16.089480268811137,trans,24.43206787756778,20.431521892547607,24.53052968351264,0.8329017822342404,275,0.4116839058385861,1.0,287.0,0.34,,
3PJ7,True,NRQ,1.85,0.1958,223,True,682.7689246417972,97.72169435777629,33.44185974149222,28.14927806494676,0.5398865111567474,0.8984659723550762,47.55128046697084,157,red fluorescent,558.0,583.0,25.0,red,-175.66189759203203,-175.66189759203203,trans,38.09489703934658,36.04869552280592,38.12142614581808,0.945628198297625,115,0.1684318015210384,0.0,462.0,0.34,,
3PJB,True,NRQ,1.75,0.1765,222,True,684.0021745673165,99.30291341396308,33.604550116986374,27.618527228993667,0.5696769906695223,0.8716524713907708,48.92892748781234,201,red fluorescent,558.0,583.0,25.0,red,-13.808409402717132,30.679164342557584,cis,26.790646710031368,24.53630434948465,26.847468490078025,0.9139150068675002,237,0.346490126511543,0.0,335.0,,,
3RWA,True,NRQ,1.67,0.182,232,True,705.5183451609186,100.36264127960618,35.2581829437062,28.72796999178667,0.579757993128436,0.8801850958634964,50.279945506930886,177,mkate,588.0,633.0,45.0,red,-164.6004793092787,-164.6004793092787,trans,17.02628602042932,16.912608810093094,17.02772576483336,0.9932394404085358,107,0.1516615418066766,0.0,1440.0,0.33,31500.0,10.395
3RWT,True,NRQ,3.0,0.2171,234,True,698.7688991237638,99.64378956550712,35.55474248997388,28.29519299732542,0.6055325998413149,0.8843882407703444,50.54801820980208,173,red fluorescent,558.0,583.0,25.0,red,-172.27619852142735,-172.27619852142735,trans,87.6672356687946,67.90086978414784,87.9143152423527,0.772352825554815,100,0.1431088305810363,0.0,2.0,,,
3S05,True,CR8,2.204,0.1514,221,True,732.8006728670193,100.486911756071,32.89516389139063,28.521384581333542,0.4982405627817705,0.911961963078507,47.06340761921261,161,mEos2,505.0,516.0,11.0,green,,,unknown,16.624660736395334,8.876800041198731,16.733908631138657,0.5304678205712606,153,0.2087880178949628,0.0,525.0,0.84,,
3SRY,True,CR2,1.159,0.1308,231,True,675.1847844516327,95.11840182272124,32.55280818767595,30.10457199519301,0.3804734127044244,0.9377853013717956,53.0274028654066,169,yfp,514.0,527.0,13.0,yellow,-15.03114204851215,-15.03114204851215,cis,14.547487234557856,9.40526314785606,14.597875196211971,0.6442898724258614,123,0.1821723516768781,0.0,338.0,,,
3SS0,True,CR2,1.492,0.1572,231,True,677.742162791459,94.63520018992352,32.43032908944345,30.45123560183647,0.3439881398095488,0.9509746888939816,53.45138666527967,170,yfp,514.0,527.0,13.0,yellow,-6.287878921674602,-6.287878921674602,cis,17.250600618258638,9.921578909221449,17.322789012489693,0.5727472003537082,121,0.1785339715351775,0.0,331.0,,,
3SSH,True,CR2,1.277,0.1295,231,True,675.8635268643756,95.1044155149344,32.37374942765982,29.99947847019921,0.3758990681464069,0.9390041519478648,52.65002355125739,165,yfp,514.0,527.0,13.0,yellow,-12.356041691294816,-12.356041691294816,cis,16.086817007759947,9.683684173383211,16.15125531488556,0.5995623240788219,118,0.1745914601242846,0.0,326.0,,,
3SSK,True,CR2,1.361,0.1294,231,True,677.3008801690568,95.28844674627038,32.182280830716245,30.554246100224628,0.3140329715371151,0.9373699102386917,52.820821632428014,166,yfp,514.0,527.0,13.0,yellow,-10.826981777111722,-10.826981777111722,cis,22.538763953899515,14.644210564462762,22.61914793803633,0.6474253851020213,121,0.1786502919792426,0.0,270.0,,,
3SSL,True,CR2,1.449,0.1341,231,True,691.7308499883225,95.73137487426015,32.40690826087303,30.80810125957513,0.3102205223927133,0.9485023615037076,53.19533688634933,166,yfp,514.0,527.0,13.0,yellow,-8.514120953693046,-8.514120953693046,cis,19.600610649660386,11.45631574329577,19.6821823962186,0.5820653173855758,120,0.1734778779955033,0.0,261.0,,,
3SSP,True,CR2,1.628,0.1458,228,True,678.2223406990294,95.3612446403272,31.73489182128943,30.383089141018324,0.2887541901358121,0.9372126327311256,52.99707473186709,174,yfp,514.0,527.0,13.0,yellow,-4.819433922564312,-4.819433922564312,cis,14.00707746159578,11.599523839496433,14.033659283921796,0.826550196553929,158,0.2329619514408103,0.0,325.0,,,
3SST,True,CR2,1.403,0.1609,228,True,684.4180377251282,96.87383811624596,33.100552428133845,30.016641592626325,0.4214921651132523,0.9164700932116756,53.19361050774473,164,yfp,514.0,527.0,13.0,yellow,-13.192340330649122,-13.192340330649122,cis,21.23630318235844,16.942105443854082,21.28014507221958,0.7961461440397489,117,0.1709481538342927,0.0,266.0,,,
3SSV,True,CR2,1.861,0.1694,228,True,689.4576045009828,97.12804131656102,32.04975436085908,30.27227633428452,0.3283962679625484,0.9183921616478522,53.37197880700235,160,yfp,514.0,527.0,13.0,yellow,-10.21174685099337,-10.21174685099337,cis,28.303250296273443,20.40736840900622,28.38536401048148,0.7189398170645502,113,0.1638969521291848,0.0,193.0,,,
3SSY,True,CR2,1.769,0.1561,227,True,650.9893149006601,94.99897786874934,33.06034857290813,28.86167968252154,0.4877204569009974,0.9064541865885,52.996034934793926,165,yfp,514.0,527.0,13.0,yellow,-12.499619760654284,-12.499619760654284,cis,22.04181864557438,15.651578903198242,22.10685054439877,0.707996775558963,113,0.1735819581266761,1.0,234.0,,,
3ST0,True,CR2,1.19,0.1405,226,True,695.5229858886094,97.01835744505442,32.465759705212484,30.52104168617531,0.3409004122731214,0.9285675788783868,54.01116051734837,167,yfp,514.0,527.0,13.0,yellow,2.1190203782764434,2.1190203782764434,cis,17.19617088887259,11.443158049332467,17.254405968228617,0.6632020870729085,109,0.1567166034933269,0.0,400.0,,,
3SV5,True,CR2,1.53,0.16,228,True,694.7950603973928,96.61845990344356,32.198273591158774,31.23650095093366,0.2425868880110807,0.9352901596886124,53.18576829965447,167,yfp,514.0,527.0,13.0,yellow,0.2204396768985229,0.2204396768985229,cis,17.982159177947107,12.255789505807977,18.04046626464092,0.679349930651691,114,0.1640771595796851,0.0,244.0,,,
3SVB,True,CR2,1.3,0.136,226,True,710.1617114095948,98.40643206098149,32.16683090811281,31.23735568449791,0.2386544849790713,0.9215526363862928,53.96304876483036,171,yfp,514.0,527.0,13.0,yellow,-4.327963034769691,-4.327963034769691,cis,17.83299631945059,12.18428575424921,17.895826256881325,0.6808451076442528,161,0.226708927577118,0.0,314.0,,,
3SVC,True,CR2,1.31,0.134,229,True,675.6787893499684,94.73013773647288,32.542838229281784,30.91735598811948,0.312094694351859,0.9461801058195908,52.93269260700672,181,yfp,514.0,527.0,13.0,yellow,-12.853603337777177,-12.853603337777177,cis,17.2407985403045,10.762105289258455,17.305687929745655,0.621882547111008,116,0.1716792088613539,0.0,303.0,,,
3SVD,True,CR2,1.78,0.1665,229,True,681.78111615126,95.73297377809293,32.14598055303649,31.181021240568047,0.2431768825602255,0.9348280445691162,53.02910779302031,168,yfp,514.0,527.0,13.0,yellow,5.135927906650683,5.135927906650683,cis,27.15037311928105,20.83157900760048,27.215024216815745,0.7654440738924264,116,0.1701425827908443,0.0,179.0,,,
3SVE,True,CR2,1.492,0.153,228,True,673.6950375246647,95.58798520685455,32.85619825299097,29.215402981808342,0.4575381304353649,0.9265451710803112,52.91759156221244,163,yfp,514.0,527.0,13.0,yellow,-15.559671399974558,-15.559671399974558,cis,19.49692349144525,12.838421068693462,19.56436034967141,0.6562147107921718,119,0.1766377861966116,0.0,252.0,,,
3TMR,True,CR8,2.0,0.1566,221,True,680.9448182892509,96.07408558961748,30.67990054140574,29.88444313190803,0.2262366836768133,0.9270630338541176,49.47638141757747,170,IrisFP,488.0,516.0,28.0,green,,,unknown,24.497499998164383,19.543999938964845,24.566954569942283,0.7955401994709173,152,0.2232192622918728,0.0,889.0,0.43,,
3TMT,True,CR8,2.0,0.295,221,True,682.9861773303764,95.3346379625212,31.338300676530743,29.28669955715249,0.3558745223256528,0.9443224943624836,49.158018427843416,166,,,,,,,,unknown,21.31368361083808,20.069600143432616,21.33112729377982,0.9408597992514413,127,0.185948126353613,0.0,2685.0,0.43,,
3U0K,True,CRK,2.1,0.18931,218,False,848.3637689103732,114.15472386785429,51.29326289127916,25.72545089815112,0.8651364027446461,0.8180958717155734,74.58117711728731,146,rcamp,570.0,597.0,27.0,red,5.556136095201421,5.556136095201421,cis,45.05941174904146,21.63521733491317,45.36815471266607,0.476881139908319,38,0.0447921061607884,0.0,138.0,0.14,,
3U0L,True,NRQ,1.25,0.12563,216,True,736.1685318336503,98.87060910778416,34.493129365690166,29.25868554871812,0.529601187981946,0.9463519771967424,49.9217063395943,227,mruby,558.0,605.0,47.0,red,12.994090455008608,-3.125643094372932,cis,14.754833599145266,13.849354805484897,14.76943809581721,0.9377035683847116,178,0.2417924596106236,2.0,230.0,0.35,112000.0,39.2
3U0M,True,NRQ,1.65,0.17232,216,True,730.7399358949536,99.99688885892222,35.005881009846334,29.02824925147437,0.5588938415150859,0.918332026037818,49.07113458408913,198,mruby,558.0,605.0,47.0,red,-2.736967526691998,-2.736967526691998,cis,20.266458000736144,24.13782600734545,20.21693549564604,1.193940892403986,133,0.1820072962580208,1.0,146.0,0.35,112000.0,39.2
3U0N,True,NRQ,1.6,0.15429,221,True,725.2103648912451,99.42763151512544,32.85490370192609,30.5327222081808,0.3692751849700522,0.921848765190732,48.53658978937567,196,mruby,558.0,605.0,47.0,red,-2.44271398204227,14.656225719231706,cis,12.71045357439482,17.33000001599712,12.631812201693188,1.37193300052974,159,0.2192467285321331,1.0,195.0,0.35,112000.0,39.2
3U8P,True,CRO,2.75,0.20099,336,False,1454.9418025279017,141.66319381434496,50.95308085498236,37.79874559110952,0.670583177466418,0.9110483551829592,59.88032939780971,304,gfp,488.0,507.0,19.0,green,-0.6206266479392115,-0.6206266479392115,cis,59.53931429931938,41.04681795293634,59.69301090665615,0.6876318907270829,111,0.0762917113297192,0.0,344.0,,25000.0,19.75
3UFZ,True,CRO,1.85,0.1846,226,True,704.9019416462179,96.7568201594312,32.1722749400046,30.44150823290384,0.3235731429104808,0.9461835570514054,50.22640506747896,167,green fluorescent,488.0,507.0,19.0,green,1.5835848817159877,1.5835848817159877,cis,30.349634752131063,21.77181807431308,30.455355741997728,0.714876498529613,110,0.1560500737777904,1.0,126.0,,,
3UG0,True,CRO,2.093,0.1803,226,True,644.9980967814921,93.00297500274306,32.460919109716585,28.57178998164072,0.4746207189736041,0.937075568294022,50.25221688629976,159,green fluorescent,488.0,507.0,19.0,green,2.8078173260160506,2.8078173260160506,cis,33.58018375239553,24.131818294525143,33.697356266529205,0.7161338742319888,106,0.1643415701983225,1.0,74.0,,,
3V3D,True,CR2,1.95,0.1845,229,True,676.3204046736553,95.67978294697735,32.37476445485999,30.172845613815525,0.3624928096991406,0.9283719101769832,48.97975339783742,160,yfp,514.0,527.0,13.0,yellow,3.973595754348248,3.973595754348248,cis,44.87469555660714,32.202631398251185,45.00815964696677,0.7154842955330971,118,0.1744735175584988,0.0,229.0,0.75,,
3VHT,True,CR2,2.4,0.19114,259,False,1373.4329724226566,140.98421299540394,54.95337905034534,33.08094091861111,0.7985097129632148,0.8683131232270076,57.319865755730056,286,gfp,488.0,507.0,19.0,green,11.442899940386804,11.442899940386804,cis,32.68837525074441,20.503157816435163,32.8013665300279,0.625070232902206,106,0.0771788664815743,0.0,133.0,,25000.0,19.75
3VIC,True,QFG,2.2,0.15964,218,True,710.6331006177112,99.56252635475292,33.091872427823965,28.19917489647024,0.5233007582295282,0.9008728123908596,46.99623180180039,176,rtms,554.0,585.0,31.0,red,,,,31.2244450935286,31.771739296291184,31.217223196418136,1.0177631462088743,127,0.178713881874636,1.0,1443.0,,,
3VK1,True,QFG,2.2,0.2052,216,True,669.7156102356988,95.56944251337666,34.08370884262859,27.13691771524953,0.6050540311507601,0.9214296450745392,46.39496261558112,156,rtms,554.0,585.0,31.0,red,,,,52.59360930106383,78.39565210757048,52.24287231255931,1.5005999600968338,117,0.1747010196743408,0.0,135.0,,,
3W1C,True,CR2,1.3,0.196,228,True,704.5691961685653,98.17298461366464,31.80420429928464,29.73537127104152,0.3547769814215417,0.9186488316296492,49.19495909205558,151,yfp,514.0,527.0,13.0,yellow,-5.110514210440006,-5.110514210440006,cis,11.843460704301645,8.922105312347412,11.874076122088256,0.7513936428073286,114,0.1618009992771894,0.0,410.0,0.67,,
3W1D,True,CR2,1.5,0.191,226,True,651.8282740057698,95.75374543112966,32.65479645965616,29.462223730693573,0.4312496203048919,0.8933703152251364,49.54658267366534,150,yfp,514.0,527.0,13.0,yellow,-7.823396059142541,-7.823396059142541,cis,13.43494480808839,12.624736986662212,13.44353039013362,0.9390938704559084,102,0.1564829328024778,0.0,355.0,0.67,,
3WCK,True,CRQ,2.3,0.181,220,True,654.9143545634051,94.68046346887505,31.37356376992509,29.51993139215628,0.338636214695989,0.9180654066540832,51.03614242584292,172,,,,,,-4.602453491833392,-4.602453491833392,cis,25.14382454506848,21.46833332379659,25.195110469086227,0.8520833179174864,128,0.1954454030639326,0.0,508.0,0.3,,
3ZTF,True,SWG,1.31,0.13205,236,True,728.4845470346962,98.1405103714538,32.73886405778783,30.86451401017688,0.333504605256896,0.9504594289817568,53.7577956428282,168,mturquoise,434.0,474.0,40.0,cyan,,,unknown,22.051006224640176,11.680434683094854,22.176215224879307,0.5267100163237356,128,0.1757072274505002,0.0,212.0,0.93,30000.0,25.2
3ZUF,True,GYC,2.2,0.1868,214,True,680.9119023828306,95.91127263838916,34.54820797187362,27.53533717684718,0.6039634367071687,0.9301681880602324,46.95436667127005,169,padron,503.0,522.0,19.0,yellow,-0.5763792913204827,-0.5763792913204827,cis,30.788047649803552,31.854285648890905,30.77518665153771,1.035063930223126,126,0.1850459649171454,0.0,509.0,,,
3ZUJ,True,GYC,2.345,0.1886,213,True,645.8011133852933,94.7419762804836,33.53714817549172,27.30200301518179,0.5807493438721631,0.9041152070256248,47.63675154965944,163,padron,503.0,522.0,19.0,yellow,-176.19226378627732,-176.19226378627732,trans,21.31558479646364,21.93809536525181,21.30818234915641,1.0295620248491228,125,0.1935580435046778,0.0,534.0,,,
3ZUL,True,GYC,2.3,0.2042,215,True,649.8113879945106,94.93354591290198,32.35117090768601,27.83699715682734,0.509512325084881,0.9060617080737856,46.48280709481789,169,padron,503.0,522.0,19.0,yellow,-178.67450010623844,-178.67450010623844,trans,22.179206104697407,31.993809654599143,22.061766404100293,1.450192567021874,130,0.20005805130811,0.0,512.0,0.61,,
4ANJ,True,CR2,2.6,0.23874,995,False,1304.4974505376586,135.3779218030478,50.33248708608308,34.27974414382241,0.732222059486727,0.8944527689419344,157.3383910787032,282,gfp,488.0,507.0,19.0,green,165.32741833861184,165.32741833861184,trans,21.31420395278494,13.389473613939789,21.333397053669337,0.6276297009920792,114,0.0873899753142591,0.0,91.0,0.6,25000.0,19.75
4AR7,True,SWG,1.23,0.14264,224,True,667.404243579119,95.06871184417778,32.58634407062829,29.06571213102791,0.4521145214338494,0.927947933589917,46.37622298565349,167,mturquoise,434.0,474.0,40.0,cyan,,,unknown,17.614480517643354,10.610869656438412,17.7027452024695,0.5993911980927238,119,0.1783027320321388,0.0,191.0,0.84,30000.0,25.2
4AS8,True,CRF,1.02,0.11631,228,True,705.5999183721989,97.87479118532843,31.417349939911624,29.77996189307666,0.3186195583018199,0.9256071247667436,51.28268930456733,180,cerulean,433.0,475.0,42.0,cyan,6.558182383348751,6.558182383348751,cis,11.447697344109184,7.311111114643238,11.504622842679815,0.6354933329513854,160,0.2267573958470913,0.0,256.0,0.62,,
4B30,True,CRQ,2.1,0.16548,227,True,693.1186883498867,97.83316177665677,32.500053752919634,30.03010427044969,0.3823884088277678,0.9100081757953552,51.01050862000227,188,,,,,,-170.97095250383668,-170.97095250383668,trans,45.04991155853509,41.41958332061768,45.09579248413279,0.9184799964473712,167,0.2409399758035355,0.0,260.0,0.25,,
4B5Y,True,SWG,1.45,0.14539,229,True,637.6577203607775,93.34104169747454,32.63465701727937,28.1111255101282,0.5079463250487444,0.9197127338406722,49.19769304651878,158,mturquoise,434.0,474.0,40.0,cyan,,,unknown,21.20297962139657,13.21521754886793,21.30266411823225,0.6203551572480298,120,0.1881887353800182,0.0,172.0,0.82,30000.0,25.2
4BDU,True,CR2,2.998,0.2149,295,False,1201.7521319350874,132.82768047051047,50.16730771875787,31.38954494616149,0.7800660161751967,0.8559484065034242,74.25040812898067,263,gfp,488.0,507.0,19.0,green,0.6455032389974246,0.6455032389974246,cis,121.63512676848462,87.25631452861585,121.91343841422706,0.7157235138602506,87,0.0723942963678464,0.0,84.0,0.39,25000.0,19.75
4DKM,True,CR2,1.95,0.2932,213,True,770.949172066762,101.33605099671875,32.19041177657798,30.27062101715461,0.3401770391607948,0.9434256032375008,48.68619681276349,175,gfp,488.0,507.0,19.0,green,-174.0398449060567,-174.0398449060567,trans,40.15903713030108,40.83999975104081,40.151209973740855,1.0171548946532476,89,0.1154421111334857,0.0,581.0,0.0015,25000.0,19.75
4DKN,True,CR2,1.35,0.192,214,True,724.9248059045874,100.01018728902454,31.9790637272724,29.97128212610921,0.3487501140021333,0.9107818004529816,49.73558669038936,168,gfp,488.0,507.0,19.0,green,6.836110417268665,6.836110417268665,cis,13.399248270165948,9.21052639107955,13.446146158028435,0.6849937731474176,97,0.1338069813723092,0.0,501.0,,25000.0,19.75
4EDO,True,NRQ,1.8,0.189,218,True,668.6674291315497,98.02404042931948,33.30328620563301,29.092981530719097,0.4866861405451415,0.87448997255263,49.00021350597025,197,red fluorescent,558.0,583.0,25.0,red,21.68483535340243,21.68483535340243,cis,32.648849258546505,33.66304339533267,32.636088610217136,1.0314668463301706,124,0.1854434575362051,1.0,280.0,0.24,,
4EDS,True,NRQ,1.6,0.1796,218,True,667.9402787125982,96.21857451732262,36.35248544120493,26.96699964883036,0.6705990848050669,0.9066291124732916,49.14322380867011,202,red fluorescent,558.0,583.0,25.0,red,13.909930064197832,13.909930064197832,cis,23.67744349427465,21.95565240279488,23.697566052762472,0.9264939848215116,138,0.2066052975065136,2.0,360.0,0.06,,
4EMQ,True,GYC,1.95,0.1835,214,True,604.5526331136474,92.21165768857672,31.627596656242705,27.497539999902187,0.4940807024939361,0.8934542566868177,46.77628212507835,150,dronpa,503.0,518.0,15.0,green,16.458843215005345,16.458843215005345,cis,26.46814219229812,22.14571426028297,26.520824134591976,0.8350311494052552,126,0.2084185778019988,0.0,884.0,0.85,,
4EN1,True,SWG,1.62,0.178,235,True,694.9926121024283,97.54169383912324,32.72400138745997,29.17219916262609,0.4530957416746461,0.9179297934382342,58.499494238374766,168,cerulean,433.0,475.0,42.0,cyan,,,unknown,18.919601892538257,12.14869565549104,19.00217391981932,0.6393318841703642,128,0.184174619659317,0.0,350.0,0.87,,
4EUL,True,CRO,1.35,0.12837,226,True,649.7696479674657,93.68522241533218,32.56704802615326,28.068429651191806,0.507136166480875,0.9303087385966564,46.63957273975869,172,green fluorescent,488.0,507.0,19.0,green,-4.9665637042748285,-4.9665637042748285,cis,9.822941472520574,6.124545422467318,9.865186910267807,0.6208240632615705,120,0.1846808332389334,0.0,389.0,0.6,,
4GES,False,,1.23,0.16293,229,True,631.6583263127698,92.66701499049516,30.943797390972627,30.073942729615776,0.2354386713172113,0.924361272864856,48.1333882064057,158,gfp,488.0,507.0,19.0,green,,,,12.166004323933532,,12.166004323933532,,0,0.0,0.0,206.0,0.79,25000.0,19.75
4GF6,False,,1.1,0.16602,242,True,800.0892460815447,103.89620103253124,36.27473418720029,30.54913922182428,0.5392273294755923,0.9314272969015976,56.57473547101184,191,gfp,488.0,507.0,19.0,green,,,,9.99331149987636,,9.99331149987636,,0,0.0,0.0,297.0,,25000.0,19.75
4H3L,True,NRQ,1.65,0.1904,214,True,604.3831614811136,90.16758025461742,32.20322509970731,27.40835835804029,0.5249938696926482,0.9341602641246752,46.44612474654175,158,mplum,590.0,649.0,59.0,red,15.578071483608165,15.578071483608165,cis,19.489628769682067,17.94043482904849,19.51057613043137,0.9195235809088242,114,0.1886220650499747,0.0,408.0,0.14,,
4H3M,True,NRQ,2.0,0.2148,212,True,568.5397190544742,86.81248005456025,32.23936493297822,27.49990468096169,0.5219247822184309,0.9479956575388018,47.42223767827279,146,mplum,590.0,649.0,59.0,red,1.996981565747593,1.996981565747593,cis,16.15035911122982,13.085217434427012,16.193876554789366,0.8080349007327117,119,0.2093081556340624,0.0,211.0,,,
4H3N,True,NRQ,1.75,0.22126,214,True,587.8453155136497,89.0358917159451,32.46088613135443,27.51396784505576,0.5306297518500953,0.931842899861935,46.50367484636662,157,mplum,590.0,649.0,59.0,red,3.7077685189242815,3.7077685189242815,cis,16.668296876847567,13.036956455396568,16.7183693167117,0.7797983289174508,128,0.217744356588358,0.0,103.0,,,
4H47,True,CRF,1.9,0.1816,227,True,680.4302872133098,96.6368657597192,32.93415457687269,29.38845233102964,0.4513645194018869,0.915604310803324,52.8749863457222,179,cypet,435.0,477.0,42.0,cyan,-150.42927721538197,-150.42927721538197,trans,28.70386847037222,23.34041666984558,28.771368650347384,0.8112376214526649,129,0.1895859170647991,0.0,94.0,0.51,,
4H48,True,CRF,1.45,0.17838,227,True,656.7667183578432,95.0429109514591,31.55807528502956,29.11860548219888,0.3855210738697296,0.9136535420027734,52.93652850688439,161,cypet,435.0,477.0,42.0,cyan,-146.68231041689634,-146.68231041689634,twisted,19.767775976296623,15.72041646639506,19.82103070669007,0.79311801182413,124,0.1888037206118564,0.0,160.0,0.51,,
4HE4,True,CRO,2.05,0.1958,231,True,698.4069467877023,97.32113293959782,32.37733712554409,29.307032082812533,0.4250472391330473,0.9266251906095012,48.58385999521022,158,yfp,514.0,527.0,13.0,yellow,178.36453592930326,178.36453592930326,trans,35.49239390251815,30.87363641912287,35.54834801299982,0.8684970791844552,98,0.1403193373873892,0.0,181.0,0.6,,
4HQ8,True,CR8,1.95,0.184,217,True,695.7311849165097,98.36670899397464,31.64323327752201,28.694942086357795,0.4215027582893926,0.9035559517973534,46.020895311582514,162,dronpa,503.0,518.0,15.0,green,,,unknown,23.50814648641667,18.306400032043456,23.582457150050573,0.776271951457959,147,0.2112885022074158,0.0,1192.0,0.85,,
4HQ9,True,CR8,2.07,0.1888,217,True,611.2140017445503,90.95768396016588,32.090960989022804,26.54075495700232,0.5621317716649146,0.9283769981323626,48.19670384144453,155,dronpa,503.0,518.0,15.0,green,,,unknown,33.18702207771946,32.53399971008301,33.19641537990065,0.9800455662987424,129,0.2110553744380909,0.0,601.0,0.85,,
4HQC,True,CR8,2.05,0.1785,217,True,673.9048189662198,96.50701764082532,30.252663621504112,27.24257926339624,0.4348521998566884,0.9092653393028568,46.16974862395968,185,dronpa,503.0,518.0,15.0,green,,,unknown,28.542408073493338,23.94244910259636,28.67157597582798,0.8350587049271869,276,0.4095533853332407,0.0,958.0,0.85,,
4HVF,True,CR2,1.7,0.1767,224,True,729.4181107066571,100.05428331924657,34.05119769330413,30.036200861628288,0.4710820245745498,0.915619504075936,51.4427020288683,182,gfp,488.0,507.0,19.0,green,1.8659060185959,1.8659060185959,cis,18.493729447180144,15.154736769826789,18.52772776490239,0.8179490200916512,112,0.1535470512124999,0.0,612.0,,25000.0,19.75
4IK1,True,CRO,2.0,0.1733,391,False,1507.7480308235415,144.70034627634203,51.24335320038393,38.134007093532425,0.6679850395142544,0.9048977182896022,71.07339098765715,289,gcamp,488.0,507.0,19.0,green,18.061227778517928,18.061227778517928,cis,41.503249143082606,23.820454597473145,41.62853786450077,0.5722145388581211,107,0.0709667648788477,0.0,359.0,,,
4IK3,True,CRO,2.007,0.1849,393,False,1914.2212833199085,168.59538875650742,51.72096776483675,43.54678486799163,0.5395460197469346,0.8462732638040373,72.1259993136578,323,gcamp,488.0,507.0,19.0,green,15.245185141193463,15.245185141193463,cis,33.667508689017936,22.59772725538774,33.74494436200359,0.6696626022839888,105,0.0548525924954164,0.0,240.0,,,
4IK4,True,CRO,2.01,0.1719,395,False,1433.1901777846906,141.24217267194928,50.3519569418266,38.558915461831766,0.6430933143875562,0.9027861922409368,71.18922191595121,318,gcamp,488.0,507.0,19.0,green,20.6770551228095,20.6770551228095,cis,36.261279948873145,24.825454451821063,36.34114920631288,0.6831224381728852,110,0.0767518517117031,0.0,262.0,,,
4IK5,True,CRO,2.5,0.17586,391,False,1456.8501400570426,141.32015251201778,49.942526967693375,37.88316442271158,0.6516320727492694,0.9166774525492734,71.81838143351919,281,gcamp,488.0,507.0,19.0,green,3.42631267006652,3.42631267006652,cis,42.14861617327575,28.927272536537863,42.24223366925522,0.6847950504471485,108,0.0741325391201673,0.0,306.0,,,
4IK8,True,CRO,1.55,0.179,395,False,1417.4532064391149,140.6904001542985,48.90626132663004,38.77611833980991,0.6093958432503712,0.8998904956788907,70.80348916102587,300,gcamp,488.0,507.0,19.0,green,14.361988628085752,14.361988628085752,cis,26.808523550464727,15.685909011147238,26.886427886620407,0.5834136493436183,113,0.0797204447290894,0.0,543.0,,,
4IK9,True,CRO,1.8,0.15945,393,False,1925.132352619305,168.67009570340431,51.24023182112534,43.50410786089368,0.5283567508296583,0.8503432602706019,71.84605757551583,323,gcamp,488.0,507.0,19.0,green,8.466266778827036,8.466266778827036,cis,21.26945679478603,11.167727318677036,21.34055022040164,0.5233101866324258,98,0.0509055909151714,0.0,465.0,,,
4IZN,True,CR8,2.15,0.1922,217,True,658.5525412692975,95.693540070331,30.81571254454425,28.7235787339856,0.3621799005478589,0.9037224100142376,49.57290038649222,164,dronpa,503.0,518.0,15.0,green,,,unknown,38.366037504858696,42.922000045776365,38.3003517704164,1.1206685594707717,142,0.2156244051937123,0.0,1481.0,0.85,,
4J88,True,CQ1,2.08,0.1654,227,True,693.1182084996551,96.78642864730548,31.878752200369348,30.902887702322275,0.2455329451839349,0.9297972174065906,47.378129215630295,173,gfp,488.0,507.0,19.0,green,,,,26.341347982752847,22.648750225702923,26.389564710810085,0.8582464498334528,131,0.1890009501893863,0.0,314.0,0.92,25000.0,19.75
4J89,True,CQ2,2.1,0.182,228,True,697.1568870076043,97.3814066247218,33.533774590539565,31.034738161882245,0.3788037278459656,0.923821997467124,49.46397899757453,185,gfp,488.0,507.0,19.0,green,,,,33.53133988432375,28.1245455308394,33.5969129139691,0.8371169578245872,103,0.147742928341575,0.0,283.0,0.92,25000.0,19.75
4J8A,True,CRO,1.26,0.1287,227,True,778.185149037147,101.70987433668252,33.711601864941485,30.22183767623284,0.4430805502391248,0.9452932722214192,53.412032344018485,187,gfp,488.0,507.0,19.0,green,-8.028490124439262,-8.028490124439262,cis,20.165147143528053,15.381363651969217,20.218219880196884,0.760767453470757,109,0.1400694939178245,0.0,260.0,0.92,25000.0,19.75
4JC2,True,CRQ,2.35,0.17534,220,True,750.5402577906393,101.32537120273872,33.60128750888707,29.91139788806377,0.4555971583044224,0.918644436512756,49.6012901127956,175,green fluorescent,488.0,507.0,19.0,green,-171.5297641505412,-171.5297641505412,trans,16.331683337158626,8.795416752497355,16.433524777491886,0.53521182287953,145,0.1931941671281372,0.0,768.0,,,
4JEO,True,CR2,2.35,0.1497,217,True,746.8389357728332,101.89487721950896,33.49644900898766,31.322870864323303,0.3543570639989588,0.9039244106822956,48.63480346442863,179,red fluorescent,558.0,583.0,25.0,red,-5.993961522920283,-5.993961522920283,cis,19.474385955067905,16.84210521296451,19.502997702264675,0.8635649488390604,103,0.1379146092502729,0.0,321.0,0.1,,
4JF9,True,CR2,2.33,0.1584,217,True,741.3027853555213,101.27356053828348,32.689658268086774,31.226485495588403,0.2958303363990907,0.9082665872633534,48.349312517751656,184,red fluorescent,558.0,583.0,25.0,red,-16.481221903969484,-16.481221903969484,cis,14.128606239054088,10.435263207084256,14.168797257156852,0.736496049572116,116,0.1564812682369291,0.0,328.0,0.1,,
4JFG,False,,3.001,0.2588,225,True,646.9327765662518,94.16405138064604,33.17758747269846,31.52425779204971,0.3117405244063104,0.9168509679051162,49.15326997122142,141,gfp,488.0,507.0,19.0,green,,,,32.87593753121116,,32.87593753121116,,0,0.0,0.0,130.0,0.7,25000.0,19.75
4JGE,True,CR2,1.94,0.1557,216,True,730.8707963594719,100.75276499114938,32.41822986946595,31.55613402577012,0.2290822639225861,0.9047665293969156,48.40452036580558,180,red fluorescent,558.0,583.0,25.0,red,-19.00893649749253,-19.00893649749253,cis,18.144657528563723,14.640526319804945,18.18307558567071,0.8051732640512423,120,0.1641877067707862,0.0,495.0,0.1,,
4JRB,True,CR2,2.414,0.1976,398,False,1264.044899557682,133.36252412606484,44.08807855531986,36.14875367978842,0.5724762869691894,0.8931095868481006,93.2858842926748,263,gfp,488.0,507.0,19.0,green,-165.13769025421965,-165.13769025421965,trans,58.12998396269378,35.502631639179434,58.26907153763612,0.6092877525300572,94,0.0743644470484337,0.0,100.0,0.39,25000.0,19.75
4KA9,True,CRO,1.58,0.1734,229,True,670.4166050011067,95.94723209132722,33.25418759699562,29.55498127079943,0.4583734542263674,0.9151446080263562,49.547561225579976,200,gfp,488.0,507.0,19.0,green,-9.796160645726363,-9.796160645726363,cis,14.343561717785276,11.85818186673251,14.371416204144502,0.8251227087357463,123,0.1834680094175128,0.0,255.0,0.14,25000.0,19.75
4KAG,True,CRO,1.12,0.14426,224,True,690.817902015586,97.57319743878442,31.79429067042217,30.31501500050589,0.3014767008099485,0.911826844164968,47.01534569950629,196,gfp,488.0,507.0,19.0,green,-3.0303958126179604,-3.0303958126179604,cis,13.081665046448167,10.076818162744695,13.114006842652412,0.768401167061354,129,0.1867351723567371,0.0,280.0,0.6,25000.0,19.75
4KEX,True,CRO,1.6,0.1823,224,True,686.8423757132255,96.4500709375428,31.995359125453177,30.85259115478242,0.2648729446335544,0.9278159687848906,46.17125510433786,195,gfp,488.0,507.0,19.0,green,1.308391769801277,1.308391769801277,cis,16.83193582788635,11.873636332425203,16.88998936109558,0.7029984494706049,122,0.1776244511316206,0.0,208.0,0.6,25000.0,19.75
4KF4,True,CH6,1.994,0.2224,215,True,644.7283445240836,93.7571646341695,31.97905532916708,27.666607250834048,0.5015170969152952,0.9216747663743632,46.65907525763374,149,,,,,,10.065431613452304,10.065431613452304,cis,28.41406340530352,28.671739246534266,28.410601638744925,1.0091915550085786,113,0.1752676161359289,0.0,804.0,,,
4KF5,True,CH6,2.599,0.2028,257,False,1115.7949909449826,124.653335175658,48.8735092740637,30.92631664510865,0.7743293307537576,0.9023737762171822,90.4984623349588,232,gfp,488.0,507.0,19.0,green,24.6066893614556,24.6066893614556,cis,67.16708476549199,56.83565239284349,67.28345251503701,0.8447196192873936,109,0.0976881962050092,0.0,40.0,,25000.0,19.75
4KPI,True,NRQ,1.58,0.2248,223,True,727.1423430083908,100.11644016921952,33.47992949620046,29.919801944678817,0.4487370756487027,0.9116297746430092,47.00730109342015,175,tagrfp,555.0,584.0,29.0,red,174.9433550440831,174.9433550440831,trans,13.00704367951076,17.028260687123176,12.95458310595711,1.3144584081052213,119,0.1636543396821917,0.0,76.0,,100000.0,48.0
4KW4,True,CRO,1.746,0.1701,227,True,657.6850711547702,94.89560772432873,32.092692868004846,29.8772898634264,0.365099213913972,0.9177737354978216,46.660403055258286,168,green fluorescent,488.0,507.0,19.0,green,-172.0171640668994,-172.0171640668994,trans,22.927670932223656,15.649545452811502,23.014221613600448,0.6799945579546897,114,0.1733352405275638,0.0,303.0,,,
4KW8,True,CRO,2.459,0.1524,222,True,639.0455865416595,93.83013955216944,31.33680671106364,29.693865057480505,0.3195438081200846,0.9121305028329784,46.765482237614286,154,green fluorescent,488.0,507.0,19.0,green,-158.95320556237797,-158.95320556237797,trans,26.898012954021187,23.14363653009588,26.94720668917685,0.8588510414844354,102,0.1596130262818904,0.0,83.0,,,
4KW9,True,CRO,1.8,0.1755,222,True,679.7128290166618,96.11418031965891,31.42468357232876,30.259096750263307,0.2698279239831748,0.9246138570883302,46.904919225114966,161,green fluorescent,488.0,507.0,19.0,green,-163.97725067495327,-163.97725067495327,trans,23.73939042532835,19.375454685904764,23.79530573474437,0.8142553368252786,108,0.1588906305567944,0.0,214.0,,,
4L12,True,CRO,1.78,0.19604,229,True,666.8534693535023,95.93269295995762,32.336380141158344,29.173973584028825,0.4313120200429353,0.9105567270966296,48.44588475449396,167,gfp,488.0,507.0,19.0,green,1.2294740399381987,1.2294740399381987,cis,21.23954734246515,14.187272722070867,21.321205259122348,0.6654066948678146,123,0.1844483168382484,0.0,138.0,,25000.0,19.75
4L13,True,CRO,1.66,0.18139,229,True,670.5588308208127,96.01042326636056,33.25583258419005,29.38157684942881,0.4684283927535704,0.9141342513747956,48.571494881239815,167,gfp,488.0,507.0,19.0,green,-1.4761431306158803,-1.4761431306158803,cis,18.414688152769592,13.65318181297996,18.468852133884056,0.7392544871768733,115,0.171498748080361,0.0,167.0,,25000.0,19.75
4L1I,True,CRO,1.2,0.1501,227,True,663.8144914620558,95.01730066736792,30.886135288134746,29.323022584706187,0.3140963237398795,0.9239558429173732,48.63581234706157,157,gfp,488.0,507.0,19.0,green,9.319853616312123,9.319853616312123,cis,18.62184638385249,13.191363594748758,18.683302464799137,0.7060509575115194,119,0.1792669511295267,0.0,197.0,,25000.0,19.75
4LJB,True,CR8,1.9019,0.3393,222,True,625.6393527939492,92.54075664292526,31.41821266644521,28.132478464913827,0.4452235643927503,0.9180531601648304,51.1000409832598,166,,,,,,,,unknown,27.49422247105036,32.95480010986328,27.417615040651743,1.2019572111214496,122,0.1950005213949193,0.0,313.0,0.43,,
4LJC,True,CR8,1.86,0.2015,222,True,672.906053529668,95.5406121467642,32.08132459256848,27.7999871078124,0.4990948548415487,0.926378058590652,50.58852956523042,163,,,,,,,,unknown,26.245383754057663,20.636799964904785,26.3244669998156,0.7839398976263923,121,0.1798170775330455,0.0,688.0,0.43,,
4LJD,True,CR8,2.5,0.1993,221,True,676.8576886987132,95.2050865618626,31.03126527989709,29.97062133431968,0.2592131071692415,0.938397681617526,50.61052940263876,163,,,,,,,,unknown,27.8773081372922,24.888399772644043,27.9194529252878,0.8914357970854649,129,0.1905865917664432,0.0,423.0,0.43,,
4LQT,True,CRO,1.1,0.1343,229,True,637.2551317575837,93.73662562190306,30.837953350129258,30.44116048506633,0.1599015295912587,0.9113906618782004,49.46666695160714,178,superfolder,485.0,510.0,25.0,green,-0.9469969766222652,-0.9469969766222652,cis,13.514158425572145,9.078148223735669,13.577463010904903,0.6686188882594961,156,0.2447999117241216,0.0,257.0,,,
4LQU,True,CRO,1.6,0.1549,228,True,643.7006569766759,93.10277403463648,30.898940139982525,30.43017007312876,0.1735280494041273,0.9331867721971928,47.77651455946283,164,superfolder,485.0,510.0,25.0,green,1.120826473778226,1.120826473778226,cis,23.055650021045075,15.70954552563754,23.145385889395417,0.6787333596730061,117,0.1817615047179289,0.0,633.0,,,
4LW5,True,CRO,2.55,0.2178,226,True,659.004300481416,94.86697914658524,31.174731305304007,30.773004738475088,0.1600203725747627,0.92016978733447,46.2448315957632,158,green fluorescent,488.0,507.0,19.0,green,1.6451198005986392,1.6451198005986392,cis,35.38710021444889,21.939545544711027,35.552840384047904,0.6170968425508702,110,0.1669184858424183,0.0,428.0,,,
4N3D,True,CRO,1.34,0.1806,225,True,659.3654716322928,95.55708749255668,30.92542781415369,29.992676237544448,0.2437476676888888,0.9074239895350912,46.41820004809118,166,gfp,488.0,507.0,19.0,green,-175.78595158863803,-175.78595158863803,trans,15.603492660181862,10.30818189274181,15.665393211129622,0.658022543948547,121,0.1835097608318165,0.0,549.0,0.14,25000.0,19.75
4NDJ,True,CR2,1.85,0.1731,279,False,801.9888411800753,103.75300749877174,36.23058162140714,30.123195217256736,0.555629399288677,0.9362175987157172,73.10030401585855,182,yfp,514.0,527.0,13.0,yellow,2.254605067872869,2.254605067872869,cis,29.6244507625816,21.30526301735326,29.693929693201085,0.7174955702219316,117,0.145887316621316,0.0,333.0,,,
4NDK,True,CR2,2.3,0.1901,272,False,686.7224481660098,97.55056667104932,32.96178151348157,30.054057213098787,0.4106679375667701,0.9068417683144196,72.35640720642003,179,yfp,514.0,527.0,13.0,yellow,0.3095808571983303,0.3095808571983303,cis,35.00575527488678,29.83052635192871,35.05020796455052,0.85107986754598,119,0.1732868938794799,0.0,398.0,,,
4NWS,True,NRQ,2.7,0.1786,223,True,734.763739172517,101.11741688385231,34.92210231863166,29.241450148679647,0.5466922521769849,0.9030372104526546,47.81087161249419,167,mkate,588.0,633.0,45.0,red,-135.3004523477585,-135.3004523477585,twisted,39.12872900327402,37.23565209430197,39.15342597939788,0.9510190018593768,125,0.1701227120172991,0.0,97.0,0.21,31500.0,10.395
4OGS,True,CRO,2.21,0.18119,225,True,651.8645148703924,94.31502200386528,31.27210311119276,30.03230007008718,0.2787822338032601,0.9208851368675344,46.73362649309087,152,gfp,488.0,507.0,19.0,green,-0.1861495065202077,-0.1861495065202077,cis,56.026169456869866,45.09047626313709,56.157472805679696,0.8029292275876185,111,0.1702807829968619,0.0,155.0,,25000.0,19.75
4OHS,True,NRQ,2.19,0.1897,225,True,741.076485748494,102.91628394179884,33.930172496383136,27.5215268169366,0.5848762836909616,0.8792344666333783,48.52555999243635,206,red fluorescent,558.0,583.0,25.0,red,95.98244740397152,95.98244740397152,intermediate,55.35780942087497,57.21543461343517,55.30980337657286,1.0344537698658582,272,0.3670336398884354,0.0,355.0,0.04,,
4OJ0,True,NRQ,1.7,0.1649,224,True,722.7979648478897,99.8848870695914,33.71204011102344,29.1345857194824,0.5031158052965776,0.9103894561646956,47.92145150780885,165,mcardinal,604.0,659.0,55.0,red,-156.02769180278972,-156.02769180278972,trans,32.652722708100995,36.81739143703295,32.59869711263262,1.1294129734640683,114,0.1577204219494321,0.0,631.0,,87000.0,16.53
4OQW,True,NRQ,2.21,0.2225,223,True,747.7536941183,102.06218914408085,34.29153875590168,29.766657647077068,0.4964825240054983,0.9020667448121054,47.70209377986328,173,red fluorescent,558.0,583.0,25.0,red,-170.53620177507125,-170.53620177507125,trans,18.435716693638955,15.526521682739258,18.47366989003753,0.8404676371916979,122,0.1631553290336519,0.0,671.0,0.19,,
4ORN,True,GYS,1.71,0.1581,227,True,689.6910395615923,95.80543052051227,31.8297608156204,31.0000465862574,0.2268369285597579,0.9442439135203666,48.53687388320084,165,blue fluorescent,380.0,440.0,60.0,blue,-1.447812688608972,-1.447812688608972,cis,24.92911796184706,18.57428559802828,25.000827515656944,0.7429468319157035,102,0.1478923085108328,0.0,402.0,,,
4OY4,True,CR8,2.03,0.19613,334,False,1202.228533637635,133.1179851774445,50.8711267584096,31.99731748513995,0.777415180413446,0.8525569987682066,64.39316476435705,276,campari,503.0,515.0,12.0,green,,,unknown,31.12964648269008,17.76119972229004,31.25256342605529,0.5683117727066994,151,0.1256000799973635,0.0,104.0,,,
4P1Q,True,GYS,1.5,0.1362,227,True,691.4350183481183,95.04541015947432,32.99751928208661,29.12601842546724,0.4699876847878527,0.961831368302138,47.88924677854648,166,green fluorescent,488.0,507.0,19.0,green,-8.002000647127126,-8.002000647127126,cis,11.419420135479948,6.014285746074858,11.479925371182244,0.5238958923175896,112,0.1619819607453134,0.0,283.0,,,
4P76,True,CR8,2.9,0.17445,223,True,703.534440032759,99.3615905077656,32.88689927132262,28.548023565786583,0.4964475080220558,0.895484672673956,48.47061100011746,166,mGarnet,598.0,670.0,72.0,red,,,unknown,18.99449943143613,16.56639995574951,19.02873659268383,0.8705990476592629,137,0.1947310496890824,0.0,43.0,0.7,,
4P7H,True,CRO,3.2,0.2263,971,False,876.2470865829696,110.51575717011718,40.8281422431235,28.8393659878826,0.7078527883805265,0.901546318050606,142.75109690355853,206,gfp,488.0,507.0,19.0,green,35.03622554365539,35.03622554365539,twisted,60.37646831418038,68.20909031954679,60.35430811817754,1.1301445157152508,108,0.1232529062335133,0.0,5.0,,25000.0,19.75
4PA0,True,CRO,2.25,0.2012,974,False,695.938725113278,96.24674613505636,34.50460903754459,28.810902771497844,0.5502695476198731,0.9440799084691252,142.4125664889171,168,,,,,,45.50454428670725,45.50454428670725,twisted,44.113103562319786,61.51619012015207,44.06488920642078,1.3960364187455718,102,0.1465646274869924,0.0,306.0,,,
4PFE,True,CRO,2.603,0.1985,342,False,1223.2133437227048,134.87778773457953,48.89068252954431,32.86086357761567,0.7404337322837092,0.8449503807220892,78.37281230386424,278,gfp,488.0,507.0,19.0,green,8.781120855862412,8.781120855862412,cis,52.68358009858245,37.00727289373224,52.81164499219802,0.7007407722141472,103,0.0842044444074912,0.0,141.0,0.76,25000.0,19.75
4Q7R,True,OFM,1.4,0.1473,223,True,722.9652261629078,98.94992071687592,34.54315650284779,29.05965442598624,0.5406362235116106,0.9278897378474094,47.473584473763694,164,morange,548.0,562.0,14.0,orange,,,,18.16739896789116,14.798181851704916,18.22600949231612,0.8119265963261824,114,0.1576839326077241,0.0,301.0,0.45,71000.0,48.99
4Q7T,True,OFM,1.94,0.1998,216,True,704.8032286400307,100.18329545749964,34.10859143367116,28.29440858976736,0.5584487101317482,0.8824439340697757,46.15827821572013,155,morange,548.0,562.0,14.0,orange,,,,43.760783120803744,36.66151509140477,43.8962810068478,0.8351849917692479,109,0.1546530940420398,0.0,160.0,0.51,71000.0,48.99
4Q7U,True,OIM,1.3,0.148,217,True,687.4927327582706,98.08836544337832,32.29652346794596,29.994004441285924,0.3708146160556436,0.8979310321332378,46.23268583509361,169,morange,548.0,562.0,14.0,orange,,,,12.35080041483881,15.665666675567628,12.29829461345451,1.273808049648539,109,0.1585471304731966,0.0,211.0,0.61,71000.0,48.99
4Q9W,True,PIA,1.0,0.1308,217,True,722.4903602640256,99.52669710512424,34.043052665000374,28.910633392479863,0.5280112171786069,0.91656387750573,49.22765907302766,181,mtfp,462.0,492.0,30.0,cyan,8.159181613213368,8.159181613213368,cis,11.868322733974962,6.286999917030334,11.928016026134795,0.527078426391719,112,0.1550193693367353,0.0,761.0,,,
4Q9X,True,PIA,1.9,0.17641,213,True,712.6721226197344,99.00409910927574,32.38391721981046,29.292585657871648,0.426386340803259,0.9136782411134188,46.98292758849087,160,mtfp,462.0,492.0,30.0,cyan,8.926187655999,8.926187655999,cis,41.40638489562535,28.487499713897705,41.55564988905952,0.6855265117968398,116,0.1627676968387536,0.0,64.0,,,
4R6B,True,CR8,2.0,0.1923,222,True,653.3664541823331,93.48659307206364,30.973013310222456,28.969324721187817,0.353833128615878,0.9394377993865436,50.22716871436444,160,,,,,,,,unknown,25.39087874419962,20.17199993133545,25.464466995932057,0.7921626607993767,148,0.2265191288175595,0.0,822.0,0.18,,
4R6D,True,PIA,1.55,0.15066,213,True,703.1537348968167,98.49235196029603,32.008659122808325,30.171165658599666,0.3339413257551507,0.9108673502732192,47.25458637456107,166,mtfp,462.0,492.0,30.0,cyan,7.583310626113202,7.583310626113202,cis,13.038416295839111,7.399000024795532,13.102940509466611,0.5646824099865143,111,0.1578602153287126,0.0,310.0,,,
4U2V,True,CR2,2.3,0.1983,306,False,1336.4130251243205,137.15149742679102,52.82506248054466,33.10811010182098,0.7792203702946507,0.892790286568472,85.86778309542882,285,gfp,488.0,507.0,19.0,green,-13.61282535260491,-13.61282535260491,cis,54.23392593191347,40.78473643252724,54.33869616581603,0.7505652382249197,95,0.0710858082149884,0.0,202.0,0.39,25000.0,19.75
4UTS,True,GYC,2.03,0.17153,213,True,661.5281108492261,95.87417950226912,32.195277749675554,28.1475136688717,0.4854316829146319,0.9043881167162008,46.69605132135614,156,dronpa,503.0,518.0,15.0,green,-166.1163785408867,-166.1163785408867,trans,38.70760142568365,25.6700002579462,38.86818185062352,0.6604373818307223,109,0.1647700199165731,0.0,242.0,,,
4XBI,True,CRO,2.013,0.1668,376,False,702.7511107348985,98.57881023565024,33.34671652918281,29.857699355494777,0.4453199861379592,0.908749657476172,83.97008109921538,167,eos,506.0,516.0,10.0,green,9.579759636649277,9.579759636649277,cis,43.24021132624547,26.024091200395063,43.37027816785561,0.6000443690878405,101,0.1437208685367708,0.0,382.0,,,
4XGY,True,CRO,1.494,0.1451,237,True,724.8273975200445,98.79849328988398,34.14381383856327,30.032729324080563,0.4757232013676457,0.9331335873205912,56.73853709207632,189,gfp,488.0,507.0,19.0,green,5.4877587728431205,5.4877587728431205,cis,21.669994953597524,11.203181743621826,21.78730004306236,0.5142069793631547,122,0.168315933444867,0.0,303.0,,25000.0,19.75
4XL5,True,CRO,2.0,0.20477,226,True,668.3617783524812,94.99573578055724,31.10110898319794,30.8848834655121,0.1177129861904581,0.9307075739810576,46.00372142987207,161,gfp,488.0,507.0,19.0,green,5.820088635146411,,cis,48.33068757219808,35.43136336586692,48.48869711147385,0.7307138668711068,115,0.1720625022625863,0.0,103.0,0.6,25000.0,19.75
4XOV,True,CRO,1.2,0.1431,227,True,722.5788896299183,99.82089572226704,33.06321884495416,32.26360176193189,0.2185957234160652,0.91128077498281,47.68318572142158,258,,,,,,12.06550271100098,-119.16480733510116,cis,19.60847980109643,13.781818173148416,19.73287238315839,0.6984192623123088,239,0.3307597321621285,0.0,291.0,,,
4XOW,True,CRO,1.25,0.1407,226,True,686.5774541031852,98.04160960435316,32.3948172212304,28.60670820233067,0.4692519092467728,0.8975910975869097,47.35872880366096,198,,,,,,-1.8392933999676984,11.344948222342936,cis,11.381557035827502,8.925681860948151,11.43837013135573,0.7803281200422421,232,0.3379079790830604,0.0,365.0,,,
4XVP,True,CRO,3.4,0.20918,227,True,645.2290894538436,94.4813922924628,31.29266840763096,30.14975470032628,0.2677924261269892,0.9083040149859396,47.614049350386,158,gfp,488.0,507.0,19.0,green,8.53297161274487,8.53297161274487,cis,113.40351434548695,93.00727289373224,113.65252506243402,0.8183476156173346,111,0.1720319213970286,0.0,0.0,0.6,25000.0,19.75
4Z4K,True,CR2,2.8,0.20596,282,False,1085.5398442638902,123.0990320032906,46.73664083563872,31.22868959715284,0.7439957946725771,0.9002152318051838,53.72332240444179,233,gfp,488.0,507.0,19.0,green,-0.4270034328437191,-0.4270034328437191,cis,35.92923678470084,18.85052650853208,36.07193489166971,0.5225815184337486,104,0.0958048666288457,0.0,58.0,0.39,25000.0,19.75
4Z4M,True,CR2,2.15,0.23422,253,False,1054.9888146048502,120.9072099530676,41.777293445197365,32.87259005141058,0.6171404254321451,0.9068872999039708,67.79315277781288,241,gfp,488.0,507.0,19.0,green,-11.372380840139687,-11.372380840139687,cis,24.696251203587327,17.005789405421208,24.768337426658444,0.6865939006110956,98,0.092891980126544,0.0,175.0,0.39,25000.0,19.75
4ZB1,True,CRQ,2.25,0.17374,226,True,792.9819439011459,104.27662059189495,35.21580192273868,30.08228130325926,0.5199005650855419,0.916429934172336,48.37450808014902,194,,,,,,-44.177459632200005,-44.177459632200005,twisted,26.85785037011652,25.863333384195965,26.87125205886558,0.962490818348858,122,0.1538496569036743,0.0,226.0,,,
4ZBL,True,4M9,1.57,0.1443,225,True,713.3740842638925,100.00002197064782,32.88082609562628,26.562858843738244,0.5893846582080742,0.8964519190412852,51.804554217204256,202,KillerOrange,512.0,555.0,43.0,orange,,,,15.41733229060343,9.748846154946548,15.576147634921403,0.6258830092936352,310,0.4345546142454543,0.0,158.0,0.5,,
4ZF3,True,CRO,1.9,0.2153,216,True,709.0578298616746,97.11583780030873,33.346549083997665,30.12042603783464,0.429104893103753,0.9447380320267208,47.591090562526574,176,gfp,488.0,507.0,19.0,green,12.81020176177942,12.81020176177942,cis,32.27130334186387,23.73181811246005,32.38253405533153,0.7328585858015269,117,0.1650076976412837,0.0,26.0,,25000.0,19.75
4ZF4,False,,1.823,0.1983,226,True,680.161711392873,95.99016401843778,33.78947420496985,31.38187600483113,0.3707139514269689,0.9276167388644612,48.24730454001763,146,gfp,488.0,507.0,19.0,green,,,,20.761633809586645,,20.761633809586645,,0,0.0,0.0,99.0,,25000.0,19.75
4ZF5,False,,1.7,0.1976,224,True,704.9038439443307,97.24292567775905,35.79107394698543,30.16148513840865,0.5383682419001976,0.9367500167313328,50.56590774069799,142,gfp,488.0,507.0,19.0,green,,,,22.475552424502883,,22.475552424502883,,0,0.0,0.0,58.0,,25000.0,19.75
4ZFS,True,4M9,2.01,0.1919,233,True,722.9101090894312,99.22300870549262,33.51121021763026,29.735376200712583,0.4611422141435177,0.9227188189985518,56.38862077169525,176,,,,,,,,,42.36438497961524,38.42576936575082,42.41991860540725,0.905842600104676,132,0.1825953162645153,0.0,862.0,0.42,,
5AQB,True,CRO,1.37,0.1564,228,True,711.59848036807,98.00405220814665,32.80757533868671,30.130538283779675,0.3956488589565554,0.9310152826697792,48.37839895359559,173,,,,,,-172.79650249927204,,trans,25.990247432964363,18.011818105524238,26.08176226362322,0.6905905330885443,111,0.155986842386996,1.0,717.0,,,
5B61,False,,3.115,0.1855,227,True,675.0870695717934,95.17990833376426,32.02034558043346,29.976179141662904,0.3515732185292827,0.936438130635591,47.017803020429895,161,gfp,488.0,507.0,19.0,green,,,,19.16921962716242,,19.16921962716242,,0,0.0,0.0,0.0,,25000.0,19.75
5BQL,True,NRQ,2.39,0.1925,225,True,718.7411860174335,99.67438899455624,32.71468808291024,29.721036773829937,0.417901954213313,0.909107481363944,48.69002170406098,161,,,,,,-177.2019895703908,-177.2019895703908,trans,75.57505532281589,65.36434787252675,75.70662186139104,0.863390100699518,117,0.1627846049122362,0.0,44.0,,,
5BT0,True,CRO,2.03,0.1716,229,True,696.1522877522905,96.96733703815904,32.92805279229859,31.007274179887244,0.3365449293636375,0.9303860300806036,54.51332576515691,163,gfp,488.0,507.0,19.0,green,-5.496802372943349,-5.496802372943349,cis,38.28343816227613,25.625,38.43628428717738,0.6666877528676383,95,0.1364643938853269,0.0,345.0,0.7,25000.0,19.75
5BTT,True,CRO,2.14,0.1689,226,True,670.1918172303881,94.6926217087609,32.110982512139024,30.44685529144351,0.3177463226705501,0.9392402670655572,48.42740874787111,158,gfp,488.0,507.0,19.0,green,3.236706695993655,3.236706695993655,cis,43.73402761701721,30.97318189794367,43.89104026009306,0.7056834769556679,96,0.1432425725469558,0.0,265.0,0.7,25000.0,19.75
5DPG,True,CRO,1.85,0.1487,231,True,672.518741303963,94.66703537231275,31.929853408307267,30.78290074594991,0.2656157107511395,0.9430108766140802,52.647895422286254,164,gfp,488.0,507.0,19.0,green,8.504279269277088,8.504279269277088,cis,26.6554627707664,21.014999996532097,26.7222497358004,0.7864233065817745,113,0.1680250572361768,0.0,199.0,,25000.0,19.75
5DPH,True,CRO,1.42,0.1798,231,True,675.5713063749116,94.4697247815615,33.37505632396152,30.09322575499641,0.4324286325469605,0.9512523862234084,53.375100570373135,163,gfp,488.0,507.0,19.0,green,5.935370533820947,5.935370533820947,cis,28.41773046149077,16.049091035669502,28.566181125630465,0.5618213707001164,110,0.1628251510417983,0.0,567.0,,25000.0,19.75
5DPI,True,CRO,2.54,0.1889,223,True,666.6832388122447,95.24484483558471,31.19869639444509,30.00512476081836,0.27395363371162,0.9235202940739226,44.998878794982105,160,gfp,488.0,507.0,19.0,green,4.5344622771252245,4.5344622771252245,cis,46.62499439822776,35.10545453158292,46.76817511973408,0.7506269902921653,116,0.1739956747775214,0.0,168.0,,25000.0,19.75
5DPJ,True,CRO,2.5,0.18,224,True,661.4606586238614,94.68123702131636,31.635796565848228,29.82270494436275,0.3336737827721604,0.9272269290966626,46.22496736451788,157,gfp,488.0,507.0,19.0,green,22.76464483792774,22.76464483792774,cis,39.33368161793504,33.70363642952659,39.40299386983486,0.855357248762982,113,0.1708340451193141,0.0,188.0,,25000.0,19.75
5DQB,True,CRF,1.25,0.1792,228,True,653.9792975025533,94.06785865466858,30.15464535189465,27.581452960087464,0.4042086658245746,0.9287340078682438,49.541139941138255,185,cfp,439.0,476.0,37.0,cyan,-0.5051279329487195,2.87191444212361,cis,12.410750525194294,9.67395837108294,12.481990234195022,0.7750333231779544,241,0.3685131944089699,0.0,313.0,0.85,,
5DQM,True,CRF,1.3,0.1622,227,True,697.2860797811552,97.78534624708618,32.49821750659174,29.44445071128605,0.4232074923276869,0.9163751498528436,46.7594646367246,167,cfp,439.0,476.0,37.0,cyan,0.9525035431251212,0.9525035431251212,cis,17.42446391293957,15.355833252271015,17.451155921464327,0.8799321558627452,126,0.1807005813733516,0.0,167.0,0.85,,
5DRF,True,CRF,1.14,0.1346,227,True,679.2288192797694,97.09444961279324,31.32443691883129,30.114471004043924,0.2752485494409294,0.9053930574618316,46.97405139753519,174,cfp,439.0,476.0,37.0,cyan,-4.94177414959174,-4.94177414959174,cis,11.250370181762886,11.106250067551931,11.252196413410754,0.9870295237928056,130,0.1913935279392995,0.0,298.0,0.85,,
5DRG,True,CRF,1.14,0.1346,227,True,679.2288192797694,97.09444961279324,31.32443691883129,30.114471004043924,0.2752485494409294,0.9053930574618316,46.97405139753519,174,cfp,439.0,476.0,37.0,cyan,-4.94177414959174,-4.94177414959174,cis,11.250370181762886,11.106250067551931,11.252196413410754,0.9870295237928056,130,0.1913935279392995,0.0,298.0,0.85,,
5DTL,True,5SQ,2.7,0.21088,219,True,733.9970110609547,100.6942130925875,32.80682114098694,29.07392552239269,0.4632725252793094,0.9096935821547124,46.425509371676256,166,eos,506.0,516.0,10.0,green,,,,33.56400112713524,30.860800247192383,33.602355282639536,0.9184118192791216,138,0.1880116647893812,0.0,471.0,0.63,,
5DTX,True,PIA,1.45,0.1743,245,False,715.3966381776453,97.51525600846864,32.46531247928075,31.48126804342392,0.2443410471077228,0.9453913589846856,55.45676651530224,168,gfp,488.0,507.0,19.0,green,3.118467495400662,3.118467495400662,cis,17.480914914643375,9.694499897956849,17.55870127844644,0.5521194161356905,96,0.1341912931608738,0.0,343.0,0.3,25000.0,19.75
5DTY,True,PIA,1.5,0.1783,245,False,715.0566631002773,97.256586853968,33.19886633707885,31.12876407611775,0.3475933210723318,0.9499752122582878,54.9148027965128,184,gfp,488.0,507.0,19.0,green,-142.74896747283125,-142.74896747283125,twisted,20.48930541353273,13.055999946594238,20.563268652009725,0.6349185125934843,94,0.1314581135324904,0.0,342.0,0.3,25000.0,19.75
5DTZ,True,PIA,1.5,0.17379,230,True,700.0313674499704,97.84505810346748,34.47740484613822,30.249103871225653,0.4798322889413464,0.9188604813787572,48.9851258371377,166,rsFolder,478.0,503.0,25.0,green,-1.9049433552219392,-1.9049433552219392,cis,24.44030713932268,14.77650008201599,24.5455773687051,0.6020025465302601,101,0.1442792490398199,0.0,1004.0,0.25,,
5DU0,True,PIA,2.35,0.20832,227,True,673.420253397473,94.64106926836388,32.6290509255629,29.641448461622808,0.418021035799493,0.9447932049413484,46.89938482383637,159,rsFolder,478.0,503.0,25.0,green,166.1750109614338,166.1750109614338,trans,44.15988460477892,34.185000038146974,44.27071665551927,0.7721808595091966,87,0.1291912435972578,0.0,206.0,0.25,,
5DY6,True,CRO,2.66,0.1941,224,True,674.2668591493408,94.6324224728632,33.52882710949944,29.44581694262233,0.4782497261186319,0.9461538545179784,50.84716238390705,157,gfp,488.0,507.0,19.0,green,-3.916477631623557,-3.916477631623557,cis,111.76403912727548,85.19090895219283,112.09376775888958,0.7599968370715844,104,0.1542416012129189,0.0,0.0,0.7,25000.0,19.75
5EHU,True,CRO,1.45,0.1747,227,True,707.6714381429091,97.41118792970346,32.52587849115342,30.43551428402304,0.3527110844778102,0.9371818139584904,49.53422965769355,166,gfp,488.0,507.0,19.0,green,7.542616754501784,7.542616754501784,cis,19.17738263901671,10.683636405251242,19.279437481803622,0.5541466868696093,115,0.1625047921981791,0.0,553.0,,25000.0,19.75
5EXB,True,5SQ,1.81,0.1821,226,True,808.5296235110277,105.8968648536174,36.48892286134106,29.429503902131515,0.59118969054803,0.9060237769840406,57.535273536178096,195,green fluorescent,488.0,507.0,19.0,green,,,,15.045959699697484,8.855200023651124,15.129124123072636,0.5853081745919793,136,0.1682065765375696,0.0,1918.0,,,
5EXC,True,RC7,2.14,0.1945,166,False,660.5697488800058,95.4862724010872,33.80261716476078,26.70100241711563,0.6132236643498356,0.9104302219225472,54.4538185317339,144,red fluorescent,558.0,583.0,25.0,red,-174.71258016355384,-174.71258016355384,trans,25.9510149877356,16.885416587193806,26.10925088709051,0.6467216030139973,88,0.1332183318252217,0.0,643.0,,,
5F9G,True,CRO,2.772,0.2028,228,True,723.5227653742484,101.46971857614544,34.52343470735026,30.22309623554176,0.483332028523706,0.8830578444910661,47.64163835509752,170,gfp,488.0,507.0,19.0,green,-1.807081056547866,-1.807081056547866,cis,74.55411761830315,58.25285738990421,74.7427272407805,0.7793782691691878,97,0.1340662721923143,0.0,16.0,,25000.0,19.75
5FGU,True,CR2,1.896,0.1768,494,False,1592.388793748201,154.3074051548028,62.2318220037701,34.04080391106577,0.8371326345949515,0.8403988322247898,77.39033558930313,340,gfp,488.0,507.0,19.0,green,-169.39819550290846,-169.39819550290846,trans,35.38119734374985,25.731578927291068,35.42853603466457,0.7262952920807779,84,0.052750936410623,0.0,327.0,,25000.0,19.75
5FHV,True,CH6,1.55,0.1567,220,True,648.0815215888497,94.48620196186096,30.62473330392861,29.17453940453652,0.3040805713459382,0.9122265721595376,49.87032729896876,158,mcherry,587.0,610.0,23.0,red,16.45742685099945,16.45742685099945,cis,15.471179866140652,21.42130441251009,15.398540341423828,1.3911256481164216,121,0.1867049066656829,0.0,315.0,,72000.0,15.84
5FVF,True,5SQ,2.75,0.1759,222,True,666.6313900514576,96.43365929482714,32.47872496382501,29.03084302555018,0.4483824028766361,0.9008206431058844,54.27012132729452,176,IrisFP,488.0,516.0,28.0,green,,,,65.62047130051435,49.70080017089844,65.8365363267035,0.7549121345671347,140,0.2100111127218196,0.0,344.0,0.43,,
5FVG,True,5SQ,1.9,0.19,222,True,646.6511691655186,93.86640440539058,31.38887827052495,29.617398135545617,0.3311918236640462,0.9222731525453162,52.08746164000157,179,IrisFP,488.0,516.0,28.0,green,,,,34.69260692397546,27.31840003967285,34.78999475921454,0.7852372565373053,148,0.2288714643336823,0.0,781.0,0.43,,
5FVI,True,5SQ,2.397,0.1585,222,True,687.7360696525859,96.23692844938928,33.24992181235166,29.4345356979336,0.4651130820040293,0.9331429078159796,49.93784146355839,193,,,,,,,,,39.20001041883011,27.283199920654297,39.3564811449091,0.6932327059474289,146,0.2122907412341377,1.0,915.0,0.43,,
5H87,True,CH6,2.24,0.181,213,True,658.2136270613339,95.64291145343476,33.58340144164305,28.590825385181983,0.52461760514215,0.904213855222166,46.76642109591104,159,,,,,,6.883858501084447,6.883858501084447,cis,55.19397801670136,79.29913097879161,54.86956694699506,1.445229758335726,127,0.1929464763089231,0.0,217.0,,,
5H88,True,CH6,2.06,0.168,213,True,654.2262351895969,94.70933557304976,31.89441046902927,28.97826819867779,0.4177351127773547,0.9165417237109124,46.382250734399165,158,,,,,,5.009596511775951,5.009596511775951,cis,39.93674336094302,47.40217391304348,39.836623884151,1.1899144378021056,126,0.1925939273338446,0.0,425.0,,,
5H89,True,CH6,1.76,0.184,215,True,665.5882811278117,96.66830005990737,32.371058483845104,29.463644065123464,0.4142024920976828,0.8950501463463815,46.12286984489764,161,,,,,,4.510068208525752,4.510068208525752,cis,23.61223729424557,20.388695633929707,23.654676594867937,0.8619308554974364,126,0.1893062176312633,0.0,552.0,,,
5HBD,True,PIA,1.65,0.17314,239,True,785.9987118150335,103.41111364217646,35.65707311959916,29.952742440536586,0.5425516187909629,0.923628378345556,62.723054206954245,185,green fluorescent,488.0,507.0,19.0,green,-3.3894338717022428,-3.3894338717022428,cis,19.02241484274928,14.639999866485596,19.068112600583103,0.7677739361596754,110,0.1399493387794329,0.0,312.0,0.85,,
5HGE,True,PIA,1.863,0.1689,242,True,883.6687148364277,108.13722643138162,38.65445615038055,30.09592034248684,0.6275346474537941,0.9496178970135504,69.04453988915704,195,green fluorescent,488.0,507.0,19.0,green,13.335092515145828,13.335092515145828,cis,24.3701548859454,18.64149980545044,24.429921762111228,0.7630601516850477,101,0.1142962269731317,0.0,164.0,0.85,,
5HW9,True,PIA,3.0,0.1864,244,True,888.676720126043,109.14529963287264,38.85137370380415,30.23383420476306,0.6280262500869136,0.9374402416153412,70.80131360994957,203,green fluorescent,488.0,507.0,19.0,green,10.815528692909924,10.815528692909924,cis,50.01656764550288,54.82749996185303,49.966765033532376,1.097279360091826,110,0.1237795449220257,0.0,6.0,0.85,,
5HZO,True,GYS,2.49,0.175,229,True,673.4743769599122,95.86906264283344,32.129033456016046,30.591284019936303,0.3056674904750432,0.9208183791120086,50.50865390323602,160,gfp,488.0,507.0,19.0,green,8.83456975846429,8.83456975846429,cis,39.93711958729371,32.59952363513765,40.02467044808648,0.8144857476695648,104,0.1544230984250058,0.0,111.0,,25000.0,19.75
5HZS,True,GYS,2.17,0.1659,214,True,645.324436195352,93.968008848853,30.913116977242,28.0729643551641,0.4186998589640849,0.9183916487275828,46.590682959213424,149,dronpa,503.0,518.0,15.0,green,-0.5134057577452151,-0.5134057577452151,cis,31.20868088408,24.22190457298642,31.29423324707298,0.7740053696714857,118,0.1828537606536244,0.0,1346.0,0.85,,
5HZT,True,GYS,2.84,0.2141,214,True,636.8392775892364,93.95038364934877,31.836192403148623,28.447134782725467,0.4489696279531536,0.9066561029647646,46.824317349703335,156,dronpa,503.0,518.0,15.0,green,4.867196619402257,4.867196619402257,cis,52.27266702454211,33.37428565252395,52.50407577603621,0.63565133104879,110,0.1727280396655282,0.0,61.0,0.85,,
5HZU,True,GYS,1.89,0.1509,214,True,658.4571991548281,96.96805765391434,32.32500480019899,27.83879403515485,0.5082400250963768,0.8799946290193293,46.84067609720343,155,dronpa,503.0,518.0,15.0,green,11.691623829771732,11.691623829771732,cis,23.12803568927923,18.49666681743804,23.184746328526263,0.7977946601330691,123,0.1868002964473292,0.0,2004.0,0.85,,
5J2O,True,CRF,1.5,0.1694,225,True,647.6772798198178,92.91326723047504,31.20278611991938,28.29757912850909,0.4213616266530889,0.942785864765452,47.35136633941661,158,cerulean,433.0,475.0,42.0,cyan,5.193241962613799,5.193241962613799,cis,11.055085491621226,5.732083320617676,11.126495246849892,0.5151742029675095,125,0.1929973520682625,0.0,249.0,0.62,,
5J3N,True,GYS,2.45,0.19194,385,False,1407.4558164004254,142.3036092620265,48.19721981320213,39.35266552978722,0.5773561275520503,0.8733992277594069,75.08649078533193,285,gfp,488.0,507.0,19.0,green,7.219074769489856,7.219074769489856,cis,43.24594274097725,26.76714297703334,43.36202955581885,0.6172945143763778,110,0.0781552065210299,0.0,198.0,,25000.0,19.75
5JZK,True,CRO,1.9,0.14232,235,True,692.5667790242062,96.0466573426327,32.542659433556885,31.048962728035857,0.2994871011238253,0.9434241943158064,52.522248719858354,168,green fluorescent,488.0,507.0,19.0,green,7.5563923502585135,7.5563923502585135,cis,32.41272581738262,25.059545516967773,32.49918758467771,0.7710822140299445,116,0.1674928736308122,0.0,380.0,0.45,,
5JZL,True,CRO,1.8,0.17454,231,True,700.4237339577027,99.33325323099496,31.43482605660741,30.17268999737944,0.2805167994954089,0.8920339828359857,48.15386504849894,155,green fluorescent,488.0,507.0,19.0,green,17.07317034050855,17.07317034050855,cis,15.578261805450456,11.204090855338356,15.630504889545172,0.7168092735655951,108,0.154192376363023,0.0,596.0,0.45,,
5KTG,True,CR2,2.802,0.244,308,False,816.4597645591853,107.41652740147488,35.7058272963339,30.933285602182888,0.4994596046994913,0.8892061033154292,91.97824271116887,175,gfp,488.0,507.0,19.0,green,29.40959237079072,29.40959237079072,cis,77.2767291245781,56.23157922845138,77.44087438238861,0.7261227313988,107,0.1310536105325047,0.0,0.0,,25000.0,19.75
5LEL,True,CRO,3.1,0.258,226,True,688.3314949399589,96.03865398033903,31.79637018769275,30.43943838033336,0.2890158328528532,0.9378111159192392,49.02154285820816,162,green fluorescent,488.0,507.0,19.0,green,-149.7161797662186,,twisted,77.9048380278284,63.614091179587625,78.07959980140335,0.8147338272915209,110,0.1598067222096164,0.0,0.0,,,
5LEM,True,CRO,2.98,0.2447,227,True,693.9692962436176,97.529641516665,32.25720402917798,31.48304849983172,0.2177681084051325,0.916804770199105,50.86127111545538,163,green fluorescent,488.0,507.0,19.0,green,-2.7443148994927733,,cis,131.41409439145377,124.32181826504794,131.50053764618005,0.9454092012882302,103,0.1484215520161023,0.0,1.0,,,
5LK4,True,NRQ,1.47,0.1368,216,True,627.2543823322222,92.77487485474856,33.31979011878003,27.68345848468776,0.556509386243533,0.915783498771238,46.24838446391176,171,mscarlet,569.0,594.0,25.0,red,178.5249318648172,178.5249318648172,trans,15.493892762232722,14.597826045492422,15.505081434591585,0.9414865769698512,124,0.1976869408850523,0.0,196.0,0.7,100000.0,70.0
5LTP,True,CR2,1.7,0.18587,225,True,661.746109617359,94.16986622076368,31.829202929276505,30.847869657487323,0.2463978141272391,0.9377290146414236,48.92722973179737,171,green fluorescent,488.0,507.0,19.0,green,-1.7844916415295082,-1.7844916415295082,cis,27.82306299475599,17.910526426214922,27.92130931442333,0.6414644178940015,98,0.1480930504550551,0.0,910.0,0.8,,
5LTQ,True,CR2,2.05,0.22535,221,True,738.3668324454625,101.39925476063016,34.37847055131128,31.79686331037925,0.3801951777444936,0.9024279080437476,48.10792940182008,181,yfp,514.0,527.0,13.0,yellow,1.6835402070454912,1.6835402070454912,cis,32.39586324114436,26.781052840383428,32.45630595933952,0.8251417420680619,93,0.12595365327013,0.0,553.0,0.95,,
5LTR,True,CR2,1.21,0.15798,215,True,691.1298348783915,95.71357323547016,35.2434354232733,30.177592231590097,0.516542805121828,0.9480307962870764,48.80362920598298,195,green fluorescent,488.0,507.0,19.0,green,-4.123018906323349,-4.123018906323349,cis,15.10639937034336,9.45421058253238,15.16479610061438,0.6234314342115921,98,0.1417968014899019,0.0,228.0,0.8,,
5MA3,True,CRO,1.7,0.1612,227,True,679.4189802683859,97.43034935700156,31.29656928148629,30.355220490869225,0.2434172748139983,0.8994127081195874,50.103067085924735,157,gfp,488.0,507.0,19.0,green,-171.47202609157986,,trans,36.025515941573815,26.18454534357244,36.14579447110494,0.7244147134324146,111,0.1633748882849173,0.0,393.0,,25000.0,19.75
5MA4,True,CRO,1.4,0.1418,229,True,666.3669453034321,95.96090073111851,31.333286986576056,30.881545629941225,0.1691943817884528,0.9093575532803324,50.00673581873933,162,gfp,488.0,507.0,19.0,green,-173.50696335170164,,trans,20.40707933282298,12.163181825117633,20.499754726368977,0.593333041661813,111,0.1665748890792532,0.0,725.0,,25000.0,19.75
5MA5,True,CRO,1.85,0.1541,227,True,651.7909627287205,95.06014611551322,31.777235545895188,30.30129605694026,0.3012235211601081,0.906402810662388,47.47074108253396,165,gfp,488.0,507.0,19.0,green,-169.19866400923897,,trans,30.844457521341752,21.630909139459785,30.954083299817363,0.6988063232222229,111,0.1702999985383333,0.0,779.0,,25000.0,19.75
5MA6,True,CRO,2.3,0.20502,226,True,732.6938922817102,100.1852363423299,32.35283002696432,31.53141349992396,0.2239063036801247,0.9173286998829888,47.58214592081914,164,gfp,488.0,507.0,19.0,green,-165.99667440794,-165.99667440794,trans,87.25682278141576,79.58636405251242,87.3508863778683,0.911111121508629,97,0.132388165128453,0.0,45.0,,25000.0,19.75
5MA8,True,CRO,2.35,0.1894,225,True,646.883398631802,94.57911251975378,30.792820060008086,30.24086881651977,0.1884888668796506,0.9087520440404082,47.56376789678872,153,gfp,488.0,507.0,19.0,green,-164.25332286420047,-164.25332286420047,trans,55.88720995971511,27.65818179737438,56.23454699526964,0.4918361269932688,110,0.1700461014035245,0.0,181.0,,25000.0,19.75
5MA9,True,CRO,1.57,0.1584,226,True,728.9580148494712,99.34340472598323,32.202532314312485,30.305144957561428,0.3381852462722154,0.9281844728125064,48.07849707371194,164,gfp,488.0,507.0,19.0,green,-167.902011035269,,trans,23.87007126944107,19.916818098588426,23.91833518162684,0.8327008526031431,115,0.1577594287426105,0.0,2095.0,,25000.0,19.75
5MAD,True,CRO,1.53,0.1706,231,True,669.4338644347089,95.4348601594556,32.61097583880992,30.441509498896025,0.3586441641331053,0.9236415452342936,52.78213583730617,176,gfp,488.0,507.0,19.0,green,-170.22001537573158,-170.22001537573158,trans,35.62127087314924,24.816818237304688,35.746506888949334,0.6942445681308389,110,0.164317949604906,0.0,1246.0,,25000.0,19.75
5MAK,True,CRO,2.5,0.255,227,True,656.1195022885228,94.95509836238932,31.22303352256584,30.309399183024635,0.240139252586062,0.9144421473564106,47.98437331113432,157,gfp,488.0,507.0,19.0,green,-178.3426292214209,,trans,47.27398032786553,30.090454535050824,47.48376810114074,0.6336998039194774,119,0.1813693993013955,0.0,143.0,,25000.0,19.75
5MFC,True,CRO,2.4,0.218,240,True,737.0406810889259,99.30040323678377,33.557499945931625,31.0030489334301,0.382686197025567,0.9392891362744302,68.92184609535042,172,gfp,488.0,507.0,19.0,green,-177.92426680830084,,trans,72.91262126682467,56.77181798761541,73.09795408109534,0.7766539939631196,102,0.1383912755660951,0.0,78.0,,25000.0,19.75
5MSE,True,CRO,1.66,0.17375,226,True,719.2742006243649,99.90760375120632,32.44430713476971,29.576843358116864,0.4110364870833428,0.9055392133032916,46.7084613700852,159,gfp,488.0,507.0,19.0,green,5.038434493578982,5.038434493578982,cis,26.24130128217825,18.854090864008125,26.33010927627647,0.7160658038360568,111,0.1543222319160712,0.0,788.0,,25000.0,19.75
5N9O,True,CRO,1.53,0.16721,234,True,698.8687635702314,97.57371719477176,33.50304330531021,30.05891381964117,0.4416254645048402,0.922443538809072,52.78990148287116,177,gfp,488.0,507.0,19.0,green,-7.838553703713699,-7.838553703713699,cis,19.54809819105676,12.819090886549516,19.62548353381638,0.6531859897597494,119,0.1702751735419941,0.0,293.0,0.6,25000.0,19.75
5NHN,True,CRO,1.96,0.17952,227,True,712.4681516084669,96.94270188903452,31.80776507934957,31.241443525179857,0.1878616836443571,0.9526756829240112,47.61329493183638,156,green fluorescent,488.0,507.0,19.0,green,1.5014115725161334,1.5014115725161334,cis,43.63720725669253,35.58681817488237,43.73576516420495,0.8136777312863387,103,0.1445678656196314,0.0,245.0,,,
5NI3,True,CRO,1.28,0.17411,228,True,680.1370045069359,95.7585764063407,31.49531226902717,30.90722040316336,0.1923436157390283,0.9320751004283874,48.424344822057336,160,gfp,488.0,507.0,19.0,green,-2.5979086330438395,-2.5979086330438395,cis,23.35248369600462,15.353181795640426,23.44928492912234,0.654739871260333,114,0.167613288564771,0.0,975.0,0.92,25000.0,19.75
5O89,True,PIA,1.7,0.1675,243,True,705.4616009757037,96.50233139363544,32.057775455177655,31.460624219735266,0.1921137983981241,0.9519357400047328,54.757151301311175,162,gfp,488.0,507.0,19.0,green,6.440017220118664,6.440017220118664,cis,25.03770406100215,11.875999879837035,25.17339173297292,0.471767968568235,104,0.1474212059964151,0.0,309.0,0.3,25000.0,19.75
5O8A,True,PIA,1.7,0.1512,243,True,738.7135079224455,99.20497437631488,32.49047212091061,31.42876359721887,0.2535493004158106,0.943233042060277,54.98394534966674,342,gfp,488.0,507.0,19.0,green,19.269615211249423,-135.30953645270372,cis,23.20618112075085,11.865500020980836,23.32309535889281,0.5087446515308554,410,0.5550189560673963,2.0,311.0,0.3,25000.0,19.75
5O8B,True,PIA,1.7,0.29,243,True,723.8860028102295,98.34674153934787,32.549276933630004,28.44593629210164,0.4860436990358636,0.940502799392419,54.596717870426616,224,gfp,488.0,507.0,19.0,green,-177.64775525877212,174.74220591096616,trans,25.47734773486912,19.04149994850159,25.60632264040754,0.7436249326349397,228,0.3149667200565714,0.0,311.0,0.3,25000.0,19.75
5O8C,True,PIA,1.7,0.1469,243,True,725.1356625982511,97.46825742470818,31.507579030280755,29.4415201307365,0.3561557501201848,0.9591857657411847,54.983774988245536,380,gfp,488.0,507.0,19.0,green,-177.64567098808155,-135.30330315661217,trans,22.81626515749729,12.402874946594238,23.03097423401076,0.5385301907150076,820,1.1308228822477688,2.0,311.0,0.3,25000.0,19.75
5OOZ,False,,1.92,0.15628,215,True,722.1196944927988,100.00521923299108,34.19478019677845,29.357122453186605,0.5127693191925663,0.9073476552444496,47.09057524956218,134,,,,,,,,,33.93339599444803,,33.93339599444803,,0,0.0,1.0,162.0,0.59,,
5OQ9,False,,1.51,0.175,215,True,666.6495914370105,97.0151651569922,33.65815092492022,29.989370419908305,0.4540057560420809,0.8900783276392025,46.88888197110224,132,,,,,,,,,28.274220702048726,,28.274220702048726,,0,0.0,1.0,207.0,0.59,,
5OQA,False,,1.53,0.1764,215,True,713.305125611846,99.55917159435994,33.68156000057142,30.78293679653225,0.4058485349585059,0.9043210918147456,46.85663265102004,142,,,,,,,,,39.98002215417595,,39.98002215417595,,0,0.0,2.0,224.0,0.59,,
5OQE,False,,1.91,0.16721,216,True,719.6336844726789,99.64903106056023,34.08430761435034,30.134579920894964,0.4672620288153727,0.9106996867043022,46.83714787797855,134,,,,,,,,,41.66665204505858,,41.66665204505858,,0,0.0,2.0,175.0,,,
5OX8,True,B2H,1.29,0.13221,224,True,743.4463918448952,100.09316618206478,33.145176956487965,29.73418042447754,0.4418494759636543,0.932503923169886,46.21055500239838,208,cyan fluorescent,439.0,476.0,37.0,cyan,7.183691478142552,7.183691478142552,cis,21.09674711807354,15.849999957614475,21.1660195744708,0.7488417886909549,163,0.2192491641468704,0.0,296.0,0.4,,
5OX9,True,B2H,1.56,0.14313,226,True,715.3378725819347,98.7281139641409,33.3790207867077,29.98690788772229,0.4392274351069884,0.9222303310786192,54.072099061825824,187,cfp,439.0,476.0,37.0,cyan,-162.00608125407214,-162.00608125407214,trans,22.44089662274228,16.331666588783264,22.51922008471612,0.7252323360819957,127,0.1775384819786029,0.0,156.0,0.56,,
5OXA,True,B2H,1.16,0.11569,228,True,728.6969030033044,99.09751257474562,33.665626049541,30.447829924695704,0.4266454918021771,0.9324622973038664,53.33491100775373,192,cerulean,433.0,475.0,42.0,cyan,-165.08546936186804,-165.08546936186804,trans,16.08274760768527,11.107916673024496,16.14026010403973,0.6882117513239026,128,0.1756560230631576,0.0,388.0,0.62,,
5OXB,True,B2H,1.38,0.1278,225,True,664.9241091042704,96.11091607084634,28.34631268379039,26.90988022692671,0.3142943044872167,0.9045581911299782,47.19001179024816,220,cerulean,433.0,475.0,42.0,cyan,6.066857871150099,8.070688510156911,cis,16.264378651947425,13.692638900544909,16.3582758436822,0.8370465831112147,485,0.7294065493479414,0.0,273.0,0.62,,
5OXC,True,B2H,1.02,0.09893,229,True,710.1204117097898,98.20126806857888,32.04617048975944,30.76851597978493,0.2795510806863398,0.9253534926874124,53.61072306758825,218,cerulean,433.0,475.0,42.0,cyan,5.4889789583449575,5.4889789583449575,cis,14.119892810380264,8.254444422545257,14.191487343143166,0.5816475907673989,160,0.2253139007999511,0.0,420.0,0.62,,
5T3I,True,CRF,1.6,0.134,228,True,744.2474891738015,99.91863388631118,33.276612453619755,30.32740183675693,0.4115816924753373,0.9367727888159114,47.86334257361878,175,CFP variant,439.0,476.0,37.0,cyan,-0.4181495156934203,-0.4181495156934203,cis,18.223204580043426,13.899999936421713,18.28040243640887,0.7603771298129214,110,0.1478002970787478,0.0,154.0,0.89,,
5WJ2,True,CR2,2.409,0.193,234,True,737.5386249704651,99.55060016428396,35.67678037895252,27.886074689194512,0.6237412156250027,0.935205103352394,62.49052420450744,171,green fluorescent,488.0,507.0,19.0,green,-177.14084976945992,-177.14084976945992,trans,47.08998934631347,42.42894754911724,47.13770475264253,0.90010635375153,111,0.1505005924326268,0.0,88.0,0.76,,
5WJ3,True,CR2,1.351,0.142,225,True,673.9717807304476,95.9284181629504,32.311872862879554,29.34426284087749,0.4186291193941218,0.920358464271422,48.373478885534816,159,green fluorescent,488.0,507.0,19.0,green,-177.8023601899715,-177.8023601899715,trans,17.675135135135136,10.128947458769144,17.75344074182599,0.5705343322495218,112,0.1661790644685671,1.0,741.0,,,
5WJ4,True,CR2,1.631,0.1637,227,True,670.8643888468773,95.44160836724366,32.899306186352284,29.54335041339826,0.44000950792282,0.9254844034848886,48.15621592085896,158,green fluorescent,488.0,507.0,19.0,green,7.53731115581328,7.53731115581328,cis,28.335832895834155,20.37263157493189,28.41933224743302,0.7168582075594707,90,0.1341552801076496,1.0,547.0,,,
5WWK,True,CR2,3.199,0.2207,228,True,676.4243838582822,96.10053614619292,31.204417590935385,30.7949871538768,0.1614610384055785,0.920401880949214,48.75893139715917,152,green fluorescent,488.0,507.0,19.0,green,27.963404453340942,27.963404453340942,cis,35.424242558254235,31.80736852947034,35.46235714868513,0.8969332860788046,92,0.1360092897231731,0.0,2.0,,,
5Y8Q,True,CH7,2.9,0.17443,223,True,690.4015411552812,97.2443224251198,33.58150996152862,27.468415348680217,0.5752715642384133,0.917451482901594,48.159130059414,153,,,,,,1.8315308172229137,1.8315308172229137,cis,27.05649745896483,39.42434775311014,26.89578528000137,1.465818801818905,99,0.1433948131609594,0.0,56.0,,,
5Y8R,True,CH7,2.3,0.2056,221,True,705.139425795023,97.72137459174778,34.57631483940946,27.57976479080133,0.6031218683762337,0.9279097263744608,48.10287217007388,155,,,,,,2.127933976770791,2.127933976770791,cis,68.51394267345037,70.26000014595364,68.49105986896743,1.0258273164464156,84,0.1191253770916192,0.0,21.0,,,
5YR2,False,,1.799,0.168,228,True,670.9384921529554,95.296264426899,33.51480554359965,32.382198623262504,0.2577719975456139,0.9284121571741848,48.800812240176846,155,gfp,488.0,507.0,19.0,green,,,,24.65130064024854,,24.65130064024854,,0,0.0,0.0,417.0,,25000.0,19.75
5YR3,True,BF6,1.901,0.2441,224,True,696.7273752740086,96.8512193074009,31.82845168571449,30.058015558313866,0.328868641971812,0.9333887317161296,46.49493102610092,181,yfp,514.0,527.0,13.0,yellow,,,,60.68871723408262,49.26846108069787,60.853128452237655,0.8096290582556926,147,0.2109863990089207,0.0,72.0,,,
5Z6Y,True,BF6,1.87,0.2086,225,True,741.3309571371101,99.3593891097986,34.04516456350694,29.878827229315977,0.4793510918924751,0.9436352912844445,47.37804428257235,173,yfp,514.0,527.0,13.0,yellow,,,,17.97653161407708,18.255384628589336,17.972449306432193,1.015742724730117,128,0.1726624239385786,0.0,66.0,,,
6AA2,True,CR2,2.3,0.18374,233,True,757.5658885458156,101.12316856984997,33.06743200003347,31.778854996538435,0.2764377033179502,0.9309555314187592,54.47807751613418,169,ReQy1,400.0,510.0,110.0,green,-23.79796204488679,-23.79796204488679,cis,49.41391005513498,39.602631418328535,49.514783590903015,0.7998142887088057,115,0.1518019775425053,1.0,388.0,,,
6AA6,True,CR2,2.39,0.19004,237,True,701.3952081939949,97.50435381583364,33.53506475649198,30.998041364210767,0.3815525593896671,0.9270958597579544,56.14769865825546,171,,,,,,-4.236205494647013,-4.236205494647013,cis,28.395247362538388,17.175263153879268,28.508580536363223,0.6024594290821285,119,0.169661837733979,0.0,217.0,,,
6AA7,True,XYG,1.8,0.17662,226,True,636.0880152806707,93.65061428808588,33.53496923164202,26.639180776992045,0.6074339130740867,0.9113932676497254,48.78978870174551,156,,,,,,,,,29.4279878509842,23.14350004196167,29.49824484158255,0.7845721047557772,106,0.1666436050571209,0.0,358.0,,,
6AS9,True,PIA,1.75,0.1559,244,True,902.6430637350128,109.72522350136175,38.94721964720403,30.12969335397352,0.6336703438613366,0.942134624624578,69.82655221979377,204,green fluorescent,488.0,507.0,19.0,green,9.327232993063774,9.327232993063774,cis,14.533000526413648,9.412500023841858,14.585707685472544,0.645323506189334,112,0.1240800538992228,0.0,212.0,0.85,,
6B7R,True,GYS,1.73,0.1579,227,True,712.0919704583475,97.47290896175424,32.288620238305434,30.43780715881095,0.3337006628532091,0.9418420975362296,51.73342519110408,167,green fluorescent,488.0,507.0,19.0,green,11.779871509954535,11.779871509954535,cis,25.26207473805944,17.646666753859748,25.35232505841395,0.6960571353199481,116,0.162900306157553,0.0,366.0,,,
6B7T,True,GYS,1.91,0.1791,207,False,732.0816597048143,98.23222555206914,32.937351619182294,30.68031027160888,0.3638060636698904,0.9533698729889036,48.35845511307126,168,green fluorescent,488.0,507.0,19.0,green,7.462768133042716,7.462768133042716,cis,39.0387270424328,22.00904755365281,39.26044016658927,0.5605909526297813,120,0.1639161402409475,0.0,93.0,,,
6B9C,True,CQ2,1.695,0.161,232,True,697.915602663156,96.74844704301609,32.11872068307083,30.37137117332582,0.3253398290572853,0.9369680160345684,51.237521867149006,223,superfolder,485.0,510.0,25.0,green,,,,23.753557185244965,22.40152176566746,23.78451469111881,0.9418532207441774,258,0.3696722053719751,0.0,254.0,0.92,,
6CIU,True,CRQ,1.7,0.16457,220,True,721.2249827095891,100.61878404672518,34.52853189486073,28.040563960791385,0.5835205749677519,0.8952049946861856,46.96195750000861,163,azami,492.0,505.0,13.0,green,-167.0085239528644,-167.0085239528644,trans,27.54974488794176,19.267916679382324,27.661472755848123,0.696561490035224,158,0.2190717235090854,0.0,443.0,,,
6D38,True,GYC,2.8,0.1954,212,True,651.3224461458051,94.0014687426097,31.013875634680296,28.51901104834068,0.3929578047244452,0.9262679358617218,46.0670883444743,153,green fluorescent,488.0,507.0,19.0,green,19.086323356861488,19.086323356861488,cis,42.29378407013949,40.5447618393671,42.31536425042517,0.95815698523639,97,0.1489277708360838,0.0,9.0,,,
6D39,True,GYC,2.83,0.195,212,True,649.6605081766809,93.96872565738728,32.213856924934014,27.74646734355072,0.5080613694333226,0.9245484119520748,46.184000614560105,153,green fluorescent,488.0,507.0,19.0,green,22.842475660989606,22.842475660989606,cis,44.57306348881752,46.244285583496094,44.55237029071124,1.0379758760700013,97,0.1493087524624784,0.0,5.0,,,
6DEJ,True,CRU,1.6279,0.178,223,True,761.149333425405,104.2250752135214,33.94448115699542,29.894852399396672,0.4736773336166675,0.8805120443967833,49.60325242070567,186,hcred,590.0,637.0,47.0,red,4.804973711770479,4.804973711770479,cis,28.960875844507832,29.4689937432607,28.95405165336621,1.0177848024884149,123,0.1615977241239407,0.0,941.0,0.08,,
6DQ0,True,CRO,2.048,0.185,226,True,662.8479452194874,95.29764249368856,32.1549773418279,30.62529558846729,0.3047641894323368,0.917190323641552,46.58063183052909,168,gfp,488.0,507.0,19.0,green,0.6121755420670468,0.6121755420670468,cis,41.47086694482368,31.39590904929421,41.593189833180006,0.7548329227745079,110,0.1659505785502223,0.0,313.0,,25000.0,19.75
6DQ1,True,CRO,1.598,0.1605,231,True,687.64641723155,94.88097071199842,32.16282664379285,30.57317649068185,0.3104952720618076,0.9598797066647606,51.25345193511953,166,gfp,488.0,507.0,19.0,green,1.6149508785115434,1.6149508785115434,cis,23.706708392191505,18.27863628214056,23.76972558819209,0.7689881069228959,119,0.173054053679348,0.0,272.0,,25000.0,19.75
6EFR,True,CRO,2.4,0.1879,503,False,1393.213445902844,140.60777890628933,47.41964946377691,38.1053919336966,0.5951993223326139,0.8855413091569674,78.59639768065217,286,,,,,,3.959315522682135,3.959315522682135,cis,45.08621789403938,29.0263634595004,45.17479066855927,0.6425345426050232,103,0.0739298061635149,0.0,31.0,,,
6FLL,True,GYS,1.79,0.20207,223,True,690.7669295883251,98.08526180372525,32.30223678406779,30.66955356217554,0.313900052998332,0.9022645419223996,47.0507232967172,168,gfp,488.0,507.0,19.0,green,6.297337855254883,6.297337855254883,cis,16.98921928110049,13.189047722589402,17.033927181788854,0.7742810910152268,107,0.1549002933069893,0.0,123.0,,25000.0,19.75
6FP7,True,PIA,1.576,0.1478,225,True,691.9781278774091,96.88750182948988,32.24996218170758,29.995510327927192,0.3673204915268593,0.926332103071885,51.46306685730048,165,mtfp,462.0,492.0,30.0,cyan,8.996023623748068,8.996023623748068,cis,27.51242590490377,18.73750004768372,27.60806542378356,0.6786965968119556,115,0.1661902238915467,0.0,730.0,,,
6FP8,True,PIA,1.855,0.1483,216,True,711.253134119783,98.23368556647172,31.494715438016183,29.66051989735398,0.3362807046239284,0.9262179224545598,46.30032284357347,162,mtfp,462.0,492.0,30.0,cyan,8.013774588029127,8.013774588029127,cis,30.379717541279767,24.276999950408936,30.449462885175432,0.7972882819627137,114,0.1602804888038653,0.0,410.0,,,
6FWW,True,CRO,1.131,0.1839,226,True,745.1410609025089,101.95235605024855,33.41719303962752,31.353191928088016,0.3459977185502298,0.9008527877855952,47.29724956299978,178,gfp,488.0,507.0,19.0,green,9.892915934346089,9.892915934346089,cis,11.581304118746804,7.340000000866977,11.632404168359813,0.6309959570379963,106,0.1422549441465669,0.0,334.0,,25000.0,19.75
6GEL,True,CR2,2.51,0.1953,530,False,1355.6860707717235,140.14349663140655,55.557479696848304,33.07823237403767,0.8034386419047562,0.8674073536574164,83.16846894685214,230,,,,,,-2.218618448598741,-2.218618448598741,cis,63.19753857693309,50.04953481984693,63.33103660799677,0.7902844718876306,226,0.1667052608066922,0.0,113.0,0.6,,
6GEZ,True,CR2,2.47,0.2067,532,False,1353.2270966723695,139.32325273262023,54.20800677395297,33.3246360239774,0.788718234120891,0.8760589664247568,83.31608693137912,226,,,,,,-0.2758057052373305,-0.2758057052373305,cis,75.13139644561747,62.99674437766851,75.25365278088499,0.8371254025514915,235,0.1736589524240778,0.0,78.0,0.6,,
6GO8,True,PIA,1.648,0.1554,232,True,674.0413547779424,96.31174352530527,33.062126402181576,30.801855264008307,0.3633937750875341,0.9131411554873792,52.91418681796199,170,gfp,488.0,507.0,19.0,green,-3.222541203581573,-3.222541203581573,cis,11.356720869463611,7.039999938011169,11.402497337453566,0.6174086017882254,90,0.133522964669801,0.0,312.0,0.73,25000.0,19.75
6GO9,True,PIA,1.672,0.161,232,True,702.5941429472911,97.7864627820934,32.47379865589331,31.52043028972784,0.2405291300046938,0.923329934348134,52.56342200035007,169,gfp,488.0,507.0,19.0,green,-4.634047717092945,-4.634047717092945,cis,16.35204058427077,11.50599994659424,16.404373636513498,0.7013983100813879,98,0.1394830870478121,0.0,242.0,0.73,25000.0,19.75
6GOY,True,5SQ,1.65,0.1675,220,True,640.5651967775356,94.4582667200136,33.42083630387697,28.053304137319863,0.5435208980776776,0.9021801316849754,57.92823309417469,176,green fluorescent,488.0,507.0,19.0,green,,,,17.477740926827927,12.206800003051756,17.54805764139271,0.6956211480784126,149,0.2326070800436365,0.0,269.0,0.84,,
6GOZ,True,7R0,2.406,0.2015,221,True,636.379929459216,94.27003359757448,33.09632773983109,27.30654464228368,0.565041224234916,0.899868427245736,57.76694243871833,169,eos,506.0,516.0,10.0,green,,,,32.8523474131255,36.88880020141602,32.79555995127561,1.124810805371878,126,0.1979949306494824,0.0,94.0,,,
6GP0,True,5SQ,1.5,0.1538,221,True,670.7234500862097,99.260662018491,32.46544593848888,26.996366066347004,0.5554626095413944,0.8554586455821098,57.85346108417485,197,red fluorescent,558.0,583.0,25.0,red,-160.39447698416035,-160.39447698416035,trans,16.956344460337817,14.43836733759666,17.02141876361541,0.848246996217482,280,0.4174596847091166,0.0,347.0,0.84,,
6GP1,True,7R6,1.504,0.2489,154,False,497.9858266510067,86.02276070854975,33.53869502117828,22.522718700051808,0.7409644283008985,0.8456683832207882,47.666688134568815,132,eos,506.0,516.0,10.0,green,,,,15.438401794860932,20.11708339055379,15.353011408323573,1.310302119598986,85,0.170687588784668,1.0,345.0,,,
6GQG,True,PIA,1.792,0.1826,227,True,679.5914802603847,96.3900704310389,31.635585264376648,29.554703028937904,0.3566885165244204,0.919164398019238,49.42742844428218,157,gfp,488.0,507.0,19.0,green,-0.3817619425293896,-0.3817619425293896,cis,22.9670923948288,16.41100001335144,23.039137366053826,0.7123096560694859,104,0.1530331133052941,0.0,257.0,0.73,25000.0,19.75
6GQH,True,PIA,2.4,0.1911,226,True,680.2168988407391,96.07470082678874,32.05958713656888,28.856343007164377,0.43571502300418,0.9260601572443732,48.9828825138973,169,gfp,488.0,507.0,19.0,green,-5.203790290355326,-5.203790290355326,cis,41.07537667095401,36.279000473022464,41.128316805589016,0.8820930028454855,109,0.1602430051146383,0.0,56.0,0.73,25000.0,19.75
6GRM,True,PIA,2.3,0.2257,225,True,714.487692746697,98.74293845959828,31.56535610570336,30.84922784942974,0.2118008758900318,0.9208576962527986,49.16812481559727,165,gfp,488.0,507.0,19.0,green,-0.9347049047786484,-0.9347049047786484,cis,34.45870328892718,26.83699998855591,34.54338888115353,0.7769069815613217,117,0.163753695392874,0.0,60.0,0.73,25000.0,19.75
6H01,True,FHE,2.776,0.2007,231,False,689.4747011482364,99.66444652141767,35.62467905959136,27.16024271223595,0.6471064668368821,0.8722634618127337,73.06597122740754,140,gfp,488.0,507.0,19.0,green,,,,42.54813142611124,40.68875026702881,42.580734273832135,0.9555671352533242,93,0.1348852972344305,0.0,133.0,,25000.0,19.75
6HR1,True,CR2,1.901,0.1806,406,False,872.494286064332,109.39444493245688,38.69151868953921,29.645041815169098,0.6426144990521669,0.916182342612688,95.9176945236241,184,yfp,514.0,527.0,13.0,yellow,-6.3042133698417615,-6.3042133698417615,cis,36.51022227760064,25.73210525512696,36.57294332612346,0.7035831113091445,120,0.1375367173363379,0.0,366.0,,,
6HUT,True,CRO,1.29,0.1859,241,True,816.9936557072679,104.7245314473476,35.517126463039105,31.47389441418975,0.4633773589205596,0.9361203713055304,64.7025963460578,188,gfp,488.0,507.0,19.0,green,-1.0772842884338774,-1.0772842884338774,cis,18.73107314172511,14.189999970522791,18.78424164080252,0.7554204338864411,101,0.1236239709995847,0.0,211.0,,25000.0,19.75
6IR6,True,CRO,1.642,0.1875,232,True,693.0470025386281,97.42549936093944,33.20022171822922,31.49042424261417,0.3167758723916579,0.9175447879689168,54.02787401145777,176,gfp,488.0,507.0,19.0,green,19.57255244738501,19.57255244738501,cis,32.02792714685441,23.52380961463565,32.124669545649965,0.7322661975155176,100,0.1442903578454281,0.0,174.0,,25000.0,19.75
6IR7,True,CRO,1.277,0.1748,231,True,695.7191823639583,97.21441623085892,32.99933487320294,30.99465126174675,0.3432316396527701,0.9250868269232893,53.13954615194301,171,gfp,488.0,507.0,19.0,green,9.270049301261997,9.270049301261997,cis,14.33694254478531,10.069523765927268,14.384712157981484,0.7000156593568058,108,0.1552350470387072,0.0,368.0,,25000.0,19.75
6J1A,True,QYG,1.96,0.1519,229,True,696.950656509137,96.83595322497162,32.96313452055256,28.131780022876423,0.5212048885151782,0.93398226911015,44.4963278980535,167,,,,,,179.92770054523376,179.92770054523376,trans,28.843891283029,27.303333282470703,28.864454904838453,0.9459154303272131,115,0.1650045077452227,0.0,161.0,,,
6J1B,True,QYG,1.99,0.1427,229,True,709.9379780291509,97.98580577521382,33.11055749885941,28.949757078477013,0.4853208341796676,0.9291887363824732,44.59525033012318,162,,,,,,171.30476376683396,171.30476376683396,trans,21.232857155537868,17.070000131924946,21.28848553447256,0.8018419208019003,117,0.1648031287533061,0.0,218.0,,,
6J1C,True,QYG,2.09,0.1613,229,True,694.9326618922343,96.60496876610132,32.95001881483791,28.47962993946083,0.5029282151404165,0.9357366917443698,44.636403367610825,166,,,,,,172.73641115017247,172.73641115017247,trans,33.29408792558607,30.72000026702881,33.328485533495524,0.9217340594775856,121,0.1741175895669211,0.0,165.0,,,
6JC6,True,BJO,1.9,0.1887,221,True,690.9601768476494,97.6842644371289,31.7927040719698,29.711238771632267,0.3558841112785817,0.90994189400616,48.40986566115092,176,,,,,,,,,16.605746870905985,14.620416720708212,16.631970274100674,0.87905500549596,130,0.1881439833379338,1.0,1799.0,0.79,,
6JGH,True,GYS,0.94,0.1069,227,True,688.5246654254876,95.8184287044849,34.72642829357716,29.09544240589172,0.5459047423351078,0.9423913201881908,48.50515679143935,235,gfp,488.0,507.0,19.0,green,5.593700710253344,5.593700710253344,cis,8.38599919273813,4.116190490268526,8.422433968338236,0.4887174545674305,141,0.2047856919009085,0.0,542.0,0.79,25000.0,19.75
6JGI,True,CRO,0.85,0.0922,227,True,718.5415473865985,97.8077183287062,34.37018543102578,29.34427501859221,0.5206483556900576,0.943877195419368,48.4303926644623,235,gfp,488.0,507.0,19.0,green,1.9535321343126528,1.9535321343126528,cis,8.655384015326963,5.290454561060125,8.684644271451022,0.6091734325205932,140,0.1948391161362802,0.0,669.0,0.79,25000.0,19.75
6JGJ,True,GYS,0.78,0.108,227,True,659.0128166365091,93.27849421603857,33.39272080188023,28.446500434181,0.5237414307313858,0.9517889786916514,48.24734453456046,198,gfp,488.0,507.0,19.0,green,0.3949154281903399,0.3949154281903399,cis,9.209471500971738,5.460909084840254,9.247757653782738,0.5905116990826963,140,0.2124389639560221,0.0,636.0,0.79,25000.0,19.75
6JXF,True,QYG,1.8,0.1536,229,True,684.9102382266822,95.96633444410732,31.659381145888943,27.359555518762807,0.5031745777942058,0.934556815089876,44.77417713046858,177,,,,,,165.78290771786624,-177.64299293808352,trans,28.84601510008777,27.92052620335629,28.865402408839586,0.9672661343119214,170,0.2482077073926521,0.0,216.0,,,
6KKZ,True,CRO,0.9,0.1072,227,True,740.005231614278,98.67257917902052,33.55919574631669,30.01965106730027,0.4470112757830976,0.9551062644149028,48.3943262625303,403,gfp,488.0,507.0,19.0,green,2.982618350154257,2.982618350154257,cis,7.887926438485069,4.999444418483311,7.91203059998717,0.6318788021992,518,0.6999950512106696,0.0,0.0,0.79,25000.0,19.75
6KL0,True,CRO,0.798,0.106,227,True,750.8092220535113,99.36766795257452,33.773932498553364,30.570942972945545,0.4250628115663273,0.9555408700849076,48.67210217524583,444,gfp,488.0,507.0,19.0,green,2.307387047664,2.307387047664,cis,8.223343868830533,5.203888932863872,8.24808786557417,0.6309206470246077,498,0.6632843409114476,0.0,0.0,0.79,25000.0,19.75
6KL1,True,CRO,0.851,0.1034,227,True,706.5502709826096,95.94562686663868,32.75053178807985,29.86287172440609,0.4105710589985223,0.9645007327837996,48.07750467013287,247,gfp,488.0,507.0,19.0,green,2.357363834126103,2.357363834126103,cis,7.755193007487237,4.266086972278098,7.784663972896642,0.5480117044397876,198,0.2802348369701119,0.0,0.0,0.79,25000.0,19.75
6KRG,True,CRO,1.4,0.1482,218,True,699.6352258841731,96.51823960748068,33.686953579563664,29.981546823315576,0.455951361528506,0.9437625659327424,48.031660536936485,171,gfp,488.0,507.0,19.0,green,-175.5926516180756,-175.5926516180756,trans,24.25728905101118,17.76748128370805,24.33799892714497,0.7300304900536173,95,0.1357850440991482,0.0,266.0,,25000.0,19.75
6L02,True,BF6,1.799,0.1734,227,True,729.7072065800859,99.24481654356416,33.03345127826352,29.93405327231704,0.4229051417043044,0.9309853197344689,48.04654074015232,171,yfp,514.0,527.0,13.0,yellow,,,,36.23414527543056,35.51807719010573,36.2444598295682,0.9799587952785576,147,0.2014506622306006,0.0,139.0,,,
6L27,True,GYS,0.77,0.1184,226,True,736.0393872471627,101.30508184294398,32.68479274091968,31.120387454650537,0.3056728539195795,0.9012565948327774,45.72008750772324,231,green fluorescent,488.0,507.0,19.0,green,1.780155858273231,1.780155858273231,cis,7.655563876848663,4.687619050343831,7.685018905845166,0.6099684474137681,129,0.1752623599159126,0.0,0.0,,,
6LNP,True,CRO,2.993,0.2227,369,False,1539.6645195172855,166.24885221807952,62.80995226876413,32.26979512223965,0.8579286675476953,0.7000332276839762,71.23323372984873,301,,,,,,3.6001434314815173,3.6001434314815173,cis,53.04856935386494,60.26727277582342,52.99131936277514,1.13730462839088,100,0.064949213762068,0.0,0.0,,,
6LOF,True,CH7,2.6,0.2034,162,False,484.8611876716095,84.50187781005057,30.54351468794663,23.51666161849555,0.6381167647395289,0.8532858916144161,48.77599689655205,114,,,,,,2.6908193826898925,2.6908193826898925,cis,34.67022536984966,35.4786959938381,34.656009143281054,1.023738649397158,74,0.1526210013949792,0.0,54.0,,,
6LR7,True,CRO,1.67,0.185,231,True,688.9831875639176,96.14831586749806,31.85938748814153,31.021016425155832,0.2278968798602221,0.9365589649865772,46.15491465374389,172,gfp,488.0,507.0,19.0,green,-168.6382847228637,-168.6382847228637,trans,17.300052111070563,13.62863657691262,17.342630467291688,0.7858459881628865,111,0.1611069791012896,0.0,170.0,,25000.0,19.75
6M63,True,CRO,2.25,0.1784,359,False,1417.0797616757072,139.3775923195824,49.66633241684868,36.09498990613522,0.6869024240848112,0.9166810290141169,69.72794715279409,297,,,,,,-174.89589012288647,-174.89589012288647,trans,36.77154549768142,28.95500018379905,36.83518872377521,0.78606900594241,122,0.0860925427766564,0.0,365.0,,,
6M9X,True,JBY,1.81,0.2008,215,True,775.4726781205919,103.50868420310717,33.582595444047534,31.25885308587615,0.3655157401734374,0.909542065003894,49.02153746974265,181,branchiostoma,507.0,516.0,9.0,green,,,,29.775082115411085,22.78500003814697,29.855197669305227,0.7631836938588661,89,0.1147687114079857,0.0,415.0,,,
6M9Y,False,,1.35,0.133,163,False,536.550507124614,88.42617777445005,32.32517668515068,23.333211407081777,0.6920726960478774,0.8623007575922712,48.45101403624737,157,branchiostoma,507.0,516.0,9.0,green,,,,19.56129102616481,,19.56129102616481,,0,0.0,0.0,603.0,,,
6M9Z,True,CR2,1.2,0.128,218,True,728.1657353465879,100.41161516171331,31.675080075292936,29.24128038821525,0.3844073367308958,0.907553418552384,48.85524244123589,199,branchiostoma,507.0,516.0,9.0,green,-7.739530411136825,-7.739530411136825,cis,16.529020770112588,14.468947310196723,16.550657804793847,0.8742218877853809,269,0.3694213926064003,0.0,503.0,,,
6MAS,True,CR2,1.3,0.1195,215,True,746.5271389523484,100.31676862625484,33.90921719305665,30.684116698025715,0.4256451725559413,0.9321984915639472,48.699276261246254,201,branchiostoma,507.0,516.0,9.0,green,-10.586659783008788,-10.586659783008788,cis,13.763381245037236,8.417894639466939,13.818015051118913,0.609197095843755,98,0.1312745309400673,0.0,2461.0,,,
6MXW,True,GYC,2.049,0.155,215,True,667.5654424420585,95.31069450741388,32.65842301142623,28.275512662094823,0.500398153687182,0.9234650049943922,47.31207062939824,157,,,,,,179.40465925954987,179.40465925954987,trans,26.07576946071658,22.65523819696336,26.117677953446343,0.8674292652411658,136,0.2037253448927655,0.0,682.0,,,
6MYB,True,GYC,1.899,0.199,215,True,625.2785136631867,92.4789134457981,31.688813145786664,28.232437758064965,0.4541453939171308,0.9187512276312252,47.30334758907591,154,,,,,,178.0696206974895,178.0696206974895,trans,20.258097979246024,15.568095070975168,20.315560091891115,0.7663138501009932,135,0.2159037885519272,0.0,778.0,,,
6MYC,True,GYC,2.396,0.1527,214,True,644.6506310634503,94.30785027374134,33.21813671976397,27.68662219593424,0.5525510066962362,0.9108326404342914,47.31970255485713,160,,,,,,-0.6478719378615021,-0.6478719378615021,cis,34.44356686404901,29.126190458025253,34.50902108710089,0.8440167104279963,116,0.1799424283640895,0.0,262.0,,,
6MZ3,True,CRO,1.088,0.1668,219,True,658.1083329080576,94.24463586757084,31.229372078459644,28.77224705278515,0.3888050171939414,0.9310949523673808,46.743027302295545,162,mcherry,587.0,610.0,23.0,red,17.824753705727613,17.824753705727613,cis,14.214792460315632,16.013636589050293,14.19320240530627,1.12826098943417,125,0.1899383334771775,0.0,313.0,,72000.0,15.84
6NQJ,True,GYC,2.0,0.174,223,True,711.1438590326529,97.9232321007401,33.554872374617055,29.21385884445732,0.4919394524998419,0.9319569448440486,48.39320553909651,165,dronpa,503.0,518.0,15.0,green,-162.72280317209925,-162.72280317209925,trans,27.427003903942943,17.956666855585006,27.53885827852985,0.6520483410739137,108,0.1518680062103173,0.0,642.0,,,
6NQK,True,KZV,2.0,0.195,217,True,668.8246941976437,94.19301253762646,30.31146949138105,26.696056802646005,0.4736287378443259,0.947294006835456,46.22166377177033,173,dronpa,503.0,518.0,15.0,green,,,,42.23826281552388,36.63090905276212,42.38096007727143,0.8643246633859762,235,0.351362624673896,0.0,1397.0,,,
6NQL,True,KZ7,2.147,0.197,216,True,640.2765590137959,94.71641981380527,32.47904476510386,27.23592122005041,0.5447953504452702,0.896864675039591,46.03518640285037,153,dronpa,503.0,518.0,15.0,green,,,,28.736062858581544,23.691363508051097,28.800289354942464,0.8226085236878142,123,0.1921044871445149,0.0,1598.0,,,
6NQN,True,KZ4,2.1,0.172,220,True,685.5203981463163,95.80870172417576,31.43384188205221,29.021543501195097,0.3841807016732632,0.9384698736844566,49.27721505603507,154,dronpa,503.0,518.0,15.0,green,,,,37.04442754251703,28.91909096457741,37.14651629449571,0.7785142147734209,114,0.1662970209322174,0.0,1106.0,,,
6NQO,True,KZG,2.1,0.182,220,True,690.5037996447029,96.21081233027716,32.46073440329833,28.73470490417837,0.4651835317798847,0.937406959993934,49.31095748575399,158,dronpa,503.0,518.0,15.0,green,,,,36.2066610353487,27.84772751548073,36.311505127388095,0.7669119585592853,114,0.165096846764143,0.0,1069.0,,,
6NQP,True,KY4,2.2,0.225,216,True,671.6136881943869,96.05319001554582,32.79652703837636,27.011112511247543,0.5671758298442697,0.9147571598943226,45.93756459945999,157,dronpa,503.0,518.0,15.0,green,,,,44.594398903914666,39.060435004856274,44.66788687717006,0.8744634621348121,123,0.1831409963228739,0.0,760.0,,,
6NQQ,True,KZ1,2.6,0.263,222,True,719.7613455931223,98.8625189747816,32.931492608648,29.86740914810628,0.4212257422679704,0.9254118142269492,52.47982451733631,176,dronpa,503.0,518.0,15.0,green,,,,72.71931864983787,67.33750009536743,72.79367883711899,0.925045981616616,105,0.1458816879273703,0.0,77.0,,,
6NQR,True,KY7,2.9,0.216,221,True,732.6728705874007,100.51205111433976,32.77604745784867,29.341524911310582,0.4456396694234782,0.9113468643583073,49.586842117697856,159,dronpa,503.0,518.0,15.0,green,,,,59.48885668883687,75.73791710535686,59.26395619864282,1.2779760576816048,123,0.1678784692838266,0.0,0.0,,,
6NQS,True,KXV,2.5,0.214,223,True,695.7849334629984,97.06232274517208,32.15004811610585,30.482974246541435,0.3178318965855353,0.9280759623902626,53.89202248334699,167,dronpa,503.0,518.0,15.0,green,,,,38.77562292828712,33.23173887833305,38.84681741915755,0.8554558928151629,124,0.1782159889304275,0.0,603.0,,,
6NQV,True,KZY,2.7,0.2552,216,True,641.5147715763475,94.08722473252476,32.54876848284652,27.278880204150976,0.5455280804353355,0.9106577922033176,46.25504167159947,154,dronpa,503.0,518.0,15.0,green,,,,58.70640741526493,34.94272726232355,59.01375660007663,0.5921115562786962,113,0.1761455932220131,0.0,171.0,,,
6OA8,True,M3V,1.37,0.1613,232,True,681.9799645295453,95.99019108881416,33.87566695241352,30.095360240159444,0.459057752823249,0.9300959805012284,51.276165654414825,186,superfolder,485.0,510.0,25.0,green,,,,17.086511428699744,17.879565156024434,17.077561362100887,1.0469624308130656,127,0.1862224795527669,1.0,325.0,0.92,,
6OFK,True,CRO,1.15,0.14968,228,True,675.2817319211247,94.9475329398031,32.1300340810259,30.42313431780626,0.3216010654965572,0.941298779543011,48.3560900249191,158,gfp,488.0,507.0,19.0,green,8.17956102930287,8.17956102930287,cis,23.9359159007494,16.05454544587569,24.029337317779145,0.6681226882606138,112,0.1658567005527731,0.0,402.0,,25000.0,19.75
6OFL,False,,1.25,0.12677,229,True,721.6981196997672,100.22615312773677,36.73998059608137,30.99320687987196,0.5369995016073578,0.9028244553786297,51.05990245328653,164,gfp,488.0,507.0,19.0,green,,,,21.031896804384168,,21.031896804384168,,0,0.0,0.0,515.0,,25000.0,19.75
6OFM,False,,1.48,0.1595,237,True,676.7189687235085,95.67344549094648,34.14041620789943,32.759221879782785,0.2815596819620637,0.9290420795019664,55.19847380557476,146,gfp,488.0,507.0,19.0,green,,,,33.28434277633763,,33.28434277633763,,0,0.0,0.0,420.0,,25000.0,19.75
6OFN,True,CRO,1.649,0.1623,235,True,705.1298470292569,96.6218792037135,32.98968683290175,30.87901869733944,0.3519458439248291,0.949135030144722,54.90793455869661,175,gfp,488.0,507.0,19.0,green,-0.920942455509797,-0.920942455509797,cis,32.880205936391604,21.35863633589311,33.01560899793592,0.6469254084402446,101,0.1432360301092308,0.0,290.0,,25000.0,19.75
6OFO,True,GYS,2.603,0.2025,223,True,706.1597690821919,98.13020971162018,32.53935759998774,30.05563449110005,0.3831884487363766,0.9215255516667292,48.244086734121744,161,gfp,488.0,507.0,19.0,green,-161.48004822980667,-161.48004822980667,trans,39.70306302285389,30.47476150876,39.81753102745872,0.7653604008682552,91,0.1288660215212688,0.0,44.0,,25000.0,19.75
6OG8,True,MFC,1.599,0.1589,220,True,679.1450146234049,95.76785397183296,31.19539865667776,28.36531066686735,0.4161878138817208,0.9305353366190598,47.378654649436285,187,gfp,488.0,507.0,19.0,green,,,,13.73590367722821,7.873695632685786,13.88554938757724,0.5670424275563788,239,0.3519130595879125,0.0,727.0,,25000.0,19.75
6OG9,False,,1.798,0.1682,226,True,723.0131924040617,100.57976828427168,37.104246003927386,30.414405423362545,0.5727909575489527,0.8981209440532324,49.941786955816994,156,gfp,488.0,507.0,19.0,green,,,,16.59941991305592,,16.59941991305592,,0,0.0,0.0,697.0,,25000.0,19.75
6OGA,False,,1.6,0.1612,227,True,722.3718417840762,100.20932506527264,36.70846288276393,30.82090285309567,0.5431850520541633,0.9039707926926128,50.56482066446405,161,gfp,488.0,507.0,19.0,green,,,,24.53017714045346,,24.53017714045346,,0,0.0,0.0,346.0,,25000.0,19.75
6OGB,False,,1.65,0.1559,228,True,704.6921515890206,97.15406224219213,34.71370567340795,31.616777326518868,0.4128774669259072,0.9381825918074704,50.97572263370367,154,gfp,488.0,507.0,19.0,green,,,,23.79513703284245,,23.79513703284245,,0,0.0,0.0,339.0,,25000.0,19.75
6OGC,False,,1.178,0.1434,233,True,657.5159024558812,93.76712259077732,32.83228736578318,31.576132451739905,0.2739629176591863,0.9397556528268594,55.10706486244642,153,gfp,488.0,507.0,19.0,green,,,,13.319353392608184,,13.319353392608184,,0,0.0,0.0,655.0,,25000.0,19.75
6PFR,True,OHD,1.51,0.1877,239,True,692.7697789706416,96.52135186053997,31.99739536710676,31.49017097370149,0.1773494222313694,0.9344412595757126,52.9585089284068,165,gfp,488.0,507.0,19.0,green,12.881360733090576,12.881360733090576,cis,31.937801377858392,23.32952372233073,32.03234836047663,0.7283113763559106,106,0.1530089839621772,0.0,216.0,,25000.0,19.75
6PFS,True,OHD,1.759,0.1778,228,True,668.8761889127063,94.10540782960844,32.9833496763919,30.02748252740854,0.413766479458763,0.9491316104118628,51.447934415964326,168,gfp,488.0,507.0,19.0,green,15.27082679367547,15.27082679367547,cis,26.87491809436848,17.93047609783354,26.9786360854934,0.6646175900446977,109,0.1629599046980357,0.0,171.0,,25000.0,19.75
6PFT,True,OHD,1.45,0.1503,240,True,684.9812506869049,94.94620121410584,32.52887203712524,30.663716630370192,0.3337502356029911,0.9548460623362022,53.98662325620005,169,gfp,488.0,507.0,19.0,green,31.917979994064897,31.917979994064897,twisted,22.546848149447293,17.832380930582683,22.59682483374621,0.7891542755135985,97,0.1416097154523975,0.0,309.0,,25000.0,19.75
6PFU,True,OHD,1.619,0.1789,228,True,666.3079580870523,93.47707791268968,31.6991299048201,28.805142303592262,0.4174399522501736,0.9582406901075404,49.62121538085967,196,gfp,488.0,507.0,19.0,green,15.527749199618873,139.73956370714006,cis,24.973154037310604,16.70452372233073,25.16046928716452,0.6639194019664989,207,0.3106671584627175,0.0,167.0,,25000.0,19.75
6QQ8,True,CRF,1.46,0.16335,224,True,657.8261057448665,94.75489109596649,31.48236916179445,29.74639078096168,0.3274782651034997,0.9206990495439232,46.67592374726499,177,cerulean,433.0,475.0,42.0,cyan,5.83585879219178,5.83585879219178,cis,25.9547970959845,16.31374994913737,26.076707070444105,0.6256062126658516,125,0.1900198227287751,0.0,276.0,0.62,,
6QQ9,True,CRF,1.82,0.15214,227,True,664.3990484408173,94.94551999743146,30.778465065580075,29.63142191459456,0.2704561939534483,0.9261682973222324,47.623814499288414,176,cerulean,433.0,475.0,42.0,cyan,8.360543635407087,8.360543635407087,cis,34.272239829142514,28.310370480572736,34.35850481971667,0.823969803957441,129,0.1941604225694356,0.0,228.0,0.62,,
6QQA,True,CRF,1.66,0.13547,229,True,681.4799284562573,96.01584853449012,32.76477619745992,28.64305315374861,0.4855613055164645,0.928917371304142,54.07673860699136,177,cerulean,433.0,475.0,42.0,cyan,6.754616318432317,6.754616318432317,cis,33.994494168359616,19.112592856089275,34.201613413427296,0.5588213814669285,125,0.1834243310483992,0.0,155.0,0.62,,
6QQB,True,CRF,2.45,0.17739,229,True,673.2788691039605,95.55703186094894,32.69784208112463,28.942427818194773,0.4653096929623808,0.926572796309076,53.93139777732872,181,cerulean,433.0,475.0,42.0,cyan,6.229787010005798,6.229787010005798,cis,56.565388920468365,29.83592602058693,56.93739690928115,0.5240128218036517,131,0.1945701937361298,0.0,80.0,0.62,,
6QSL,True,PIA,1.6,0.15373,214,True,728.9068009215856,100.95369757906964,32.545198293456906,29.36922500930268,0.4308711484949441,0.8987469009557449,46.765043905055286,164,mtfp,462.0,492.0,30.0,cyan,6.7916781326817866,6.7916781326817866,cis,14.09475728649878,7.034000039100647,14.176337381789342,0.4961789388658591,110,0.1509109255955942,0.0,265.0,,,
6QSM,True,PIA,1.65,0.15211,215,True,746.7815012161276,101.86373127020096,34.38500923024272,29.277677315967395,0.5244092902971724,0.9044077072267068,47.45829403249968,177,mtfp,462.0,492.0,30.0,cyan,8.239999160866612,8.239999160866612,cis,14.47560157012726,6.750499939918518,14.563039053208287,0.4635364854309965,113,0.1513160138755183,0.0,188.0,,,
6QSO,True,PIA,1.8,0.15353,213,True,697.7702304334846,98.21450077456242,31.52066867365686,30.44192560363676,0.2593751610864956,0.909015050627061,46.67491457546898,165,mtfp,462.0,492.0,30.0,cyan,6.866060757098279,6.866060757098279,cis,23.18254711830841,15.108500146865843,23.275834778290413,0.6491066933056976,116,0.166243836352743,0.0,160.0,,,
6QUH,True,CRO,1.5,0.142,228,True,654.6225190701957,94.97813197992546,32.54534807006156,28.7936859763862,0.4661132013022946,0.911913316499758,51.3596921711242,166,gfp,488.0,507.0,19.0,green,8.504123530344497,8.504123530344497,cis,20.51316993136195,14.707272746346211,20.58202693301713,0.7145687251411185,108,0.1649805756047006,0.0,588.0,,25000.0,19.75
6QUI,True,CRO,1.94,0.2008,228,True,657.3659305017654,95.25074941122772,31.716804010435585,29.32962239191276,0.3806128400772359,0.9105006359307328,48.496673770605554,158,gfp,488.0,507.0,19.0,green,8.946681226980585,8.946681226980585,cis,38.20358639040748,27.899545409462668,38.32712257655505,0.7279321674549345,116,0.1764618374905093,0.0,259.0,,25000.0,19.75
6QUJ,True,CRO,1.68,0.1718,228,True,641.9217962870221,93.3187212351628,31.198190415289016,29.49280268445412,0.3260951087518384,0.9263058961264262,48.45933240752115,156,gfp,488.0,507.0,19.0,green,11.760261841318355,11.760261841318355,cis,42.21543896836438,31.11909086054021,42.34768147019111,0.7348475708745758,114,0.1775917263744496,0.0,269.0,,25000.0,19.75
6S67,True,CRO,2.47,0.1824,223,True,700.8892403486665,97.29857321657106,31.158778727492933,30.541696554692223,0.198031979043069,0.9303498958524336,46.27472183170932,155,aequorea,395.0,509.0,114.0,green,-173.05424765209082,-173.05424765209082,trans,37.182893819116345,30.33045473965732,37.26816172621369,0.8138435955729867,103,0.1469561723458064,0.0,340.0,0.97,,
6SM0,True,LKE,1.91,0.1951,226,True,669.8452741282254,96.17394874745452,32.537989900163204,29.541848776892465,0.4191463634930051,0.9100588262172252,49.06898643994076,161,venus,515.0,528.0,13.0,yellow,,,,20.708157173921744,20.435237884521484,20.71129933679313,0.9866709737625572,126,0.1881031409290504,0.0,213.0,,,
6T39,True,PIA,1.6,0.1653,236,True,702.4116185567984,96.42508523836612,32.521805069412025,27.27017031962569,0.5448714659166549,0.9493393609898694,55.38393716629079,268,gfp,488.0,507.0,19.0,green,176.1437848329323,-136.12626126270536,trans,18.41621309883532,9.943499978383382,18.63947299660744,0.5334646521494032,640,0.9111466597249178,0.0,247.0,,25000.0,19.75
6T3A,True,PIA,1.85,0.2328,236,True,724.4247768369953,98.81370520671692,34.216738358634025,31.013305601577,0.4224672354362761,0.9323281369825532,55.68078273606688,205,gfp,488.0,507.0,19.0,green,2.3844734717172926,2.3844734717172926,cis,13.212131065998262,11.350999927520752,13.230377449708826,0.8579498181868247,104,0.1435621797118644,0.0,178.0,,25000.0,19.75
6UHJ,True,CRO,1.5,0.153,225,True,687.4361023241196,96.65575090814204,33.11737787383748,28.73583488363905,0.4970942349158038,0.9246700734217448,47.175612469750384,168,gfp,488.0,507.0,19.0,green,1.546809592810206,1.546809592810206,cis,10.502928303184571,8.105454553257335,10.532149589887286,0.7695916663622017,113,0.1643789140808342,0.0,380.0,,25000.0,19.75
6UHK,True,CRO,1.9,0.1864,228,True,678.2103722666737,97.51814178859496,33.1440876834413,30.32994246106219,0.4032414987640091,0.8961969406900576,49.09745758147126,177,gfp,488.0,507.0,19.0,green,0.1164338146748846,0.1164338146748846,cis,34.297499961352194,23.32818196036599,34.43112399015712,0.6775318158952596,115,0.1695639062783041,0.0,268.0,,25000.0,19.75
6UHL,True,CRO,1.91,0.2282,224,True,639.7404076355031,93.26335838894327,31.95235160648992,28.32550063182244,0.4627441250719907,0.92425444159196,47.33691052071167,156,gfp,488.0,507.0,19.0,green,-3.850333302112785,-3.850333302112785,cis,19.88601480460085,12.830000053752553,19.975640858018096,0.6422822749440187,107,0.1672553409522383,0.0,329.0,,25000.0,19.75
6UHM,True,CRO,2.1,0.2107,229,True,663.0251813902021,94.693232022629,31.71993161816351,29.51109644183068,0.3666360693023192,0.9291846082383608,53.09327010756455,159,gfp,488.0,507.0,19.0,green,2.304632498865989,2.304632498865989,cis,51.91805678858258,41.64227225563743,52.04549041864165,0.800112976564863,108,0.1628897408897054,0.0,172.0,,25000.0,19.75
6UHN,True,CRO,1.92,0.2164,224,True,650.2265542491256,94.2743707156818,31.34775670917192,29.44367668356867,0.3432079371050217,0.9193635497009844,47.70323096069997,156,gfp,488.0,507.0,19.0,green,-0.3026118188898148,-0.3026118188898148,cis,25.75067354058424,18.826818336140025,25.839492674402177,0.7286063458510067,108,0.1660959542396991,0.0,194.0,,25000.0,19.75
6UHO,True,CRO,1.95,0.2136,225,True,657.1721405418554,94.1944941645312,31.71549208854194,29.37439556070781,0.3770707714328892,0.9307605587601828,47.53551451585992,158,gfp,488.0,507.0,19.0,green,-3.8507261476708177,-3.8507261476708177,cis,25.650399774044484,16.46954527768222,25.765553023143667,0.6392079092146248,112,0.1704271880844692,0.0,317.0,,25000.0,19.75
6UHP,True,CRO,2.9,0.3396,224,True,641.5930068943059,93.37466201097494,31.08097046929589,29.274380418272106,0.3359642959866429,0.9247224472530852,47.84643909866208,149,gfp,488.0,507.0,19.0,green,1.5551124227904314,1.5551124227904314,cis,42.40329286282218,8.1059091091156,42.84480394683713,0.1891923491859971,102,0.1589792889011385,0.0,0.0,,25000.0,19.75
6UHQ,True,CRO,2.85,0.1812,230,True,636.6831310691578,93.00933118851924,32.273932142287514,28.3177746832126,0.4797240549741585,0.924868875591542,52.42317775722251,162,gfp,488.0,507.0,19.0,green,5.81995280153541,5.81995280153541,cis,33.345779659249686,34.18909081545743,33.33516590327911,1.0256163390533577,110,0.1727704012124228,0.0,32.0,,25000.0,19.75
6UHR,True,CRO,3.0,0.226,225,True,678.1207346982849,94.9239946000484,31.39296595730825,29.851277237769743,0.3095270684115015,0.945725013819496,48.3876226609153,154,gfp,488.0,507.0,19.0,green,14.557382306711329,14.557382306711329,cis,51.7340784798621,35.830909122120254,51.94484337496471,0.6897876053542841,87,0.1282957378359898,0.0,12.0,,25000.0,19.75
6UN4,True,OHD,1.499,0.1782,245,False,731.837628637019,99.91888109858944,31.812596058984067,29.244013569186635,0.3936533849882686,0.9211481314469312,54.66362444896781,187,gfp,488.0,507.0,19.0,green,-159.50471490128157,14.452560612903898,trans,32.550723664560266,22.13571430387951,32.767595450950246,0.6755367307013547,204,0.2787503566603038,0.0,239.0,,25000.0,19.75
6UN5,False,,1.36,0.174,227,True,711.2733629526489,97.82873291131732,34.92493542445177,31.23334122930806,0.4474695192135924,0.9339283345734076,49.11525924950904,152,gfp,488.0,507.0,19.0,green,,,,36.84279553654095,,36.84279553654095,,0,0.0,0.0,329.0,,25000.0,19.75
6UN6,True,QCA,1.5,0.159,230,True,658.7365446643748,93.95931395681916,31.69931734651243,29.994845616304328,0.323494595716884,0.9376525676125528,50.99724057603041,167,gfp,488.0,507.0,19.0,green,,,,31.92566793379852,22.132799987792968,32.05771847244477,0.6904047150709502,135,0.2049377723058955,0.0,263.0,,25000.0,19.75
6UN7,False,,1.5,0.167,228,True,674.679888411788,95.22203386837737,33.565393515973064,32.622909932158194,0.2353075048488109,0.9350454507339038,49.44960664746053,146,gfp,488.0,507.0,19.0,green,,,,44.13294526606656,,44.13294526606656,,0,0.0,0.0,280.0,,25000.0,19.75
6VIO,True,CR2,3.6,0.2372,226,True,732.7280039632825,99.0535712545719,31.505687813515507,31.44426205452201,0.0624142842777549,0.9384526777665606,46.923696463167616,160,yfp,514.0,527.0,13.0,yellow,1.040644930653758,1.040644930653758,cis,105.4812357909044,101.6526312577097,105.52311459696698,0.9633209903437732,85,0.1160048470104049,0.0,0.0,0.67,,
6WV3,True,CRO,2.197,0.2009,380,False,1504.9520919074885,146.53827322165776,54.11869634034619,38.39251302796208,0.7047928988265522,0.8807048739860082,87.42950291766964,319,,,,,,15.812063979597644,15.812063979597644,cis,46.14369131820689,28.35545470497825,46.27396468887634,0.612773400671988,100,0.0664472979158111,2.0,144.0,,,
6WV4,True,CRO,3.012,0.2694,363,False,1422.5980768378874,141.6694587660061,53.70509408544418,37.26716676996399,0.7200498099989171,0.890716734584829,81.17451714794335,291,,,,,,13.01375719406498,13.01375719406498,cis,74.51388738549966,43.10772757096724,74.7559811191786,0.5766458673352624,102,0.0716998016943217,1.0,8.0,,,
6WV5,True,CRO,2.8,0.2311,370,False,1461.8366518972498,144.9735596847793,53.18278179531467,37.97109636702701,0.7001727318911791,0.8740395909740516,93.4953292483157,303,,,,,,14.207837635694476,14.207837635694476,cis,62.0017683493827,51.97090929204767,62.07752492310786,0.8371936438577615,105,0.0718274506688044,1.0,0.0,,,
6WV6,True,CRO,2.7,0.2261,381,False,1422.8028548477944,142.04555242533377,54.08203941206271,37.49210940260447,0.7207018914923347,0.8861338192699865,86.32627040410662,306,,,,,,7.967412306523974,7.967412306523974,cis,50.95170036229938,36.488636537031695,51.05793989624125,0.7146515627380001,101,0.0709866441832551,2.0,33.0,,,
6WV7,True,CRO,2.483,0.1997,388,False,1650.4238873003303,155.37546809196388,58.12905023832445,39.17194118683193,0.7388418035334384,0.8590935624708737,87.82571027549109,322,,,,,,18.867804020243057,18.867804020243057,cis,42.17539727348998,24.901818535544656,42.2990208038201,0.5887091015897874,97,0.0587727799787647,2.0,203.0,,,
6WV8,True,CRO,3.01,0.2553,394,False,1699.3424995763155,175.33959559609465,70.00691112481763,34.610894711640974,0.8692387560022394,0.6945936072082685,89.26313524985099,315,,,,,,11.278647952723372,11.278647952723372,cis,68.04107693403195,47.76818171414462,68.18504197432812,0.700566874067915,90,0.052961660184712,1.0,7.0,,,
6WV9,True,CRO,3.35,0.2225,411,False,1332.005653106553,135.48322687366704,47.80502806251898,36.77553479972863,0.6389097090959439,0.9118950709042848,82.94390324766225,284,,,,,,14.060420111517908,14.060420111517908,cis,86.33190740043128,47.078182047063656,86.59852733182186,0.5436372129825366,104,0.0780777467103441,2.0,0.0,,,
6WVA,True,CRO,3.35,0.2243,411,False,1334.2982563019034,135.57822756780632,47.5270318485289,36.85920503937422,0.6312960845676717,0.9121848992784602,82.78213476395275,283,,,,,,24.08686603044533,24.08686603044533,cis,95.18423798873138,56.20090918107466,95.44902132734468,0.5888055047555942,100,0.0749457623343949,2.0,0.0,,,
6WVB,True,CRO,2.872,0.2406,408,False,1335.43592717244,139.87043036939622,52.37710354982233,35.925630687580565,0.727692652905059,0.8577902341635739,82.51107850367721,287,,,,,,24.378839711039685,24.378839711039685,cis,59.974157156975245,43.7268180847168,60.085474958155466,0.7277435705579242,94,0.0703890003910776,2.0,5.0,,,
6WVD,True,CRO,2.25,0.195,397,False,1434.5684585053684,142.86006962883874,48.19217071296727,38.76510203756117,0.5941071814530973,0.8833024336265568,98.13008166512748,295,,,,,,12.783537738430272,12.783537738430272,cis,44.54212858912055,33.82136370918968,44.61625078502202,0.758050331753643,103,0.0717985951728734,0.0,95.0,,,
6WVE,True,CRO,2.429,0.2042,296,False,1352.7329331826295,138.29520847274873,54.449992189899554,34.35086884210395,0.7758885168087141,0.8888073978073072,88.65497343745545,293,,,,,,24.73989868444166,24.73989868444166,cis,48.49820229128681,28.909999760714445,48.68307593164399,0.5938408616848089,96,0.0709674449738847,0.0,70.0,,,
6WVF,True,CRO,2.9,0.2588,386,False,1381.0709853986905,140.23691861652748,52.219226283424405,37.45077037550078,0.6968843143649345,0.8824724261596144,88.36856038559387,306,,,,,,31.13456365156435,31.13456365156435,twisted,112.88669039301304,94.43500033291905,113.01908999553166,0.8355668085511273,106,0.0767520287665732,1.0,1.0,,,
6WVG,True,CRO,2.9,0.2157,443,False,873.4722469430328,109.99773005977016,38.01369561671151,30.15673590000184,0.6088147866640411,0.9071759507032888,116.47063914968764,196,,,,,,12.82457209025688,12.82457209025688,cis,59.7797385182874,48.41590898687189,59.85203587215991,0.808926685305829,94,0.1076164701614504,2.0,18.0,,,
6WVH,True,CRO,1.99,0.1946,388,False,1619.5530780536624,154.86371244853004,57.8531981780202,39.09713303451828,0.7370859664256535,0.8486052565787146,87.99011825934511,315,,,,,,14.167856978861955,14.167856978861955,cis,28.810654000523165,19.246964064511385,28.87892174179256,0.6664710073526693,101,0.0623628835440078,2.0,461.0,,,
6WVI,True,CRO,2.4,0.1968,411,False,1324.6427091146818,135.63878465816128,47.548274895415815,36.57021329815561,0.6391073264689497,0.9047755122663996,82.7100819219362,279,,,,,,18.31699903302433,18.31699903302433,cis,68.50481139074546,38.84681805697355,68.70625500091619,0.5654043879477281,106,0.080021578098478,2.0,48.0,,,
6XWY,True,NRQ,1.75,0.2034,217,True,646.0621172694174,93.43519113101172,32.485590771547486,28.88317640151169,0.4576987891872622,0.929957676454273,48.560967523656544,172,red fluorescent,558.0,583.0,25.0,red,30.41485591968512,30.41485591968512,twisted,33.303003483455115,30.270869628242824,33.34366766926846,0.9078446297058762,128,0.1981233639591688,0.0,606.0,0.46,,
6XZF,True,CRO,1.8,0.1732,225,True,730.4273047760353,99.2121403597107,33.62766849645275,29.637167596531125,0.4724960069805015,0.932518004335634,48.73585577144823,172,gfp,488.0,507.0,19.0,green,8.42138522709939,8.42138522709939,cis,40.958299110567445,32.979091210798785,41.055768612952185,0.8032754549477515,111,0.1519658414659553,0.0,220.0,0.14,25000.0,19.75
6Y1G,True,CRU,2.3,0.1679,221,True,691.6398123038617,97.50889734371928,31.291423946492635,29.531727452687743,0.3306191590546069,0.9141160989550596,48.33325969062848,173,hcred,590.0,637.0,47.0,red,142.44473286190274,142.44473286190274,twisted,31.420767940676207,41.476666609446205,31.28464748492297,1.325783409560075,118,0.1706090336340535,0.0,596.0,,,
6YLM,True,NRQ,1.6,0.2009,226,True,662.0639960875227,96.86976628101134,33.24086476224469,27.389769402203445,0.5666205613836034,0.886611441005575,48.91654055669,158,mcherry,587.0,610.0,23.0,red,-3.165907847538512,-3.165907847538512,cis,28.092074134925053,29.820434736168902,28.07044611869621,1.062342743327728,119,0.1797409324525005,0.0,153.0,,72000.0,15.84
6YLS,True,5SQ,1.55,0.1857,219,True,692.7149765111533,98.00231571728683,31.350447346320856,29.13739030602177,0.3690511741092209,0.9063412900227116,46.34854635615012,166,eos,506.0,516.0,10.0,green,,,,21.12246390955562,13.530400123596191,21.229274035975983,0.6373463407494308,157,0.2266444429868222,0.0,198.0,0.84,,
6ZQO,True,CR2,2.2,0.2543,229,True,705.7853290761068,97.6210439658188,31.245387608158858,30.60658644993589,0.2011748626049573,0.9306697437959418,49.06215569077454,168,yfp,514.0,527.0,13.0,yellow,22.51252916785969,22.51252916785969,cis,69.90207780816397,36.51736851742393,70.24793902764273,0.5198354431872266,121,0.1714402312079686,0.0,29.0,0.67,,
6ZSM,True,PIA,1.95,0.1568,398,False,1480.267500729204,142.22518227950084,50.19565570848477,37.16013058224357,0.6722703730210189,0.9195959930330132,72.1620660541467,296,gcamp,488.0,507.0,19.0,green,-2.0487167481542063,-2.0487167481542063,cis,39.88945930414573,27.40699977874756,39.9675234662808,0.6857317492255902,99,0.066879803786296,0.0,444.0,,,
6ZSN,True,PIA,2.6,0.1914,397,False,1506.8550168163597,143.38036916234833,50.340784459510566,37.71666789866877,0.6623134540511252,0.921089738261364,71.49445760698863,289,gcamp,488.0,507.0,19.0,green,166.87937475792228,166.87937475792228,trans,64.12619122318306,47.57199954986572,64.23133057963473,0.7406354363294003,96,0.0637088498419881,0.0,108.0,,,
6ZUI,True,CR2,2.20008218184,0.198501182278,420,False,1409.8940908062357,140.8140469282359,52.69072352236299,37.43313759033408,0.703766588901854,0.8935202391421577,64.54618275249985,307,yfp,514.0,527.0,13.0,yellow,-2.883298002619393,-2.883298002619393,cis,42.36090065988882,29.980040801198857,42.43220600614984,0.7065397636138397,106,0.0751829521743614,0.0,185.0,,,
7A7K,True,CRO,1.55,0.1686,233,True,704.1096793690547,96.92023827286188,32.856543149873936,30.628525804202383,0.3619705289415916,0.9419356458589758,52.621181173935454,185,gfp,488.0,507.0,19.0,green,13.861409105608992,13.861409105608992,cis,22.4071246245543,20.11772723631425,22.43314050396612,0.8967860399553729,116,0.1647470605771907,0.0,271.0,0.36,25000.0,19.75
7A7L,True,CRO,1.3,0.145,230,True,717.5230705118247,97.14189282134716,32.35795961249163,31.23546281307349,0.2611064055182115,0.9555042223240868,52.799025587545046,194,gfp,488.0,507.0,19.0,green,-129.29017753868243,-129.29017753868243,twisted,19.933929647634923,12.494545459747314,20.014792519242395,0.624265549979344,92,0.1282188737630058,0.0,322.0,0.36,25000.0,19.75
7A7M,True,CRO,1.6,0.1631,227,True,684.5392202414904,96.7902024862704,35.24150753986999,28.33550744390133,0.5945780585781761,0.9182171562892752,47.06175910478507,191,,,,,,7.194328080505445,7.194328080505445,cis,21.32833589115192,17.17454546148127,21.376105566767578,0.8034459507994629,117,0.1709178912476701,0.0,219.0,,,
7A7N,True,CRO,1.2,0.1375,227,True,747.7282416561246,99.6427270263354,34.49421614917614,31.894337280871863,0.3808700995862409,0.9463732118954896,47.50712533687335,210,,,,,,-129.45183694377198,-129.45183694377198,twisted,14.13696044703334,8.489545540376144,14.19677899683905,0.5979909627575637,103,0.1377505813768219,0.0,360.0,,,
7A7O,True,CRO,1.8,0.1952,232,True,684.9720466909733,96.08072292163952,32.518217563207465,30.799985880228643,0.3207586825340586,0.9324170114714382,54.64990465132064,183,,,,,,10.282482150599913,10.282482150599913,cis,29.30008480191293,20.73136372999712,29.401163549141973,0.7051205199871121,125,0.1824891987984934,0.0,227.0,,,
7A7P,True,CRO,1.48,0.1696,227,True,665.6450279599441,94.82220941280518,31.74129683791204,28.86007495984972,0.4162985641538522,0.9303201243911084,48.58022641097418,177,,,,,,7.694815724805137,58.32383686121448,cis,21.900734055295903,14.97818188233809,22.06663399843868,0.6787705765817236,203,0.3049673496730689,0.0,282.0,,,
7A7Q,True,CRO,2.0,0.1614,221,True,650.4866578667281,94.7272733673967,31.99913493454813,29.407249534999213,0.394254286252487,0.9109576424976072,46.25861652377988,171,,,,,,5.277184120511042,5.277184120511042,cis,33.66201194610099,31.15636357394132,33.6922667563027,0.9247333757415712,108,0.1660295391056692,0.0,143.0,,,
7A7R,True,CRO,2.35,0.1739,221,True,700.238303350593,95.98765517603448,31.923592319860656,30.82164064730028,0.2604713052032569,0.9550474774504264,46.4908056875868,180,,,,,,-114.1973240476644,-114.1973240476644,intermediate,24.811304141397347,20.47136363116177,24.864259599647585,0.8233248832171913,96,0.1370961850282203,0.0,137.0,,,
7A7S,True,CRO,1.73,0.2002,226,True,678.6428346044773,94.638575059678,32.80505679301263,29.718697008555843,0.4234527951402774,0.9521705539687946,48.52067409022536,165,,,,,,13.81171089773597,13.81171089773597,cis,37.58908656927255,28.04727276888761,37.70255678743929,0.7439090385040313,102,0.1502999734159825,0.0,136.0,0.42,,
7A7T,True,CRO,1.58,0.1621,227,True,749.8989206202104,100.50908453812504,34.88939983624866,29.11303037802694,0.551102289256389,0.9328288254955373,48.7908268803225,228,,,,,,-172.3289595729624,55.41581188763756,trans,22.482255156347943,17.384999903765593,22.59744736544585,0.7693346784977713,217,0.2893723327678992,0.0,295.0,0.42,,
7A7U,True,CRO,2.15,0.1595,223,True,645.7977432156267,92.21278871513512,32.64341483097907,29.24149593563791,0.4444867079118815,0.9543860320443396,46.35648506243476,172,,,,,,7.293100791740097,7.293100791740097,cis,44.11633708321166,37.29636348377574,44.19837066395939,0.8438402349113802,111,0.1718804396052805,0.0,174.0,0.42,,
7A7V,True,CRO,2.0,0.1592,225,True,648.9044518049072,92.91145279373974,30.237090820136352,29.153767723815623,0.26527651196453,0.9446090799463192,47.74778337969534,184,,,,,,-166.09109598349684,64.78752811919706,trans,39.57839981954673,30.890454639088023,39.78936537580511,0.776349518202462,222,0.3421150824015986,0.0,237.0,0.42,,
7A7W,True,CRO,1.3,0.1278,227,True,704.1034327353261,98.51219734246996,31.531875142093032,30.29977819582309,0.2768076396444324,0.9117301426007672,47.45510327650756,237,,,,,,61.10514869955396,8.099067014489494,intermediate,11.534666020376292,7.334772735834122,11.626058356934085,0.6308907551164554,273,0.387727125458599,0.0,398.0,,,
7A7X,True,CRO,1.85,0.1473,227,True,765.0348226592512,100.50447537403886,35.59476097890147,30.11053380922354,0.5333002915217318,0.9517442591661458,47.36358067834998,190,,,,,,-108.29209176014808,-108.29209176014808,intermediate,21.120320909591427,18.34181824597445,21.15285260655767,0.8671084977110012,94,0.1228702239634755,0.0,269.0,,,
7A7Y,True,CRO,0.97,0.1253,238,True,727.7993834984134,99.09716328206252,33.09457696872092,31.705282610552413,0.2866997632559223,0.9313203698758936,53.39524442393092,228,,,,,,3.2223792391928794,3.2223792391928794,cis,11.978359002978909,7.297272703864357,12.02410929110886,0.6068867578624118,141,0.1937347065646523,0.0,506.0,,,
7A7Z,True,CRO,1.1,0.1225,224,True,765.7275681885379,100.35681588048747,32.61208487196127,31.47547271572414,0.2617064610760249,0.9554113581834628,46.94293320323835,242,,,,,,12.912340378142014,2.240405369964137,cis,16.73002704744193,12.115909164602106,16.823413057950187,0.7201813997473319,226,0.2951441340092304,0.0,506.0,,,
7A80,True,CRO,2.05,0.1829,227,True,692.3482948090541,96.74418885233544,33.12270834580463,29.40140341722328,0.4605168802487153,0.9295756001049562,50.1581311730658,196,,,,,,9.340750415814435,9.340750415814435,cis,28.4680535040272,24.38318187540228,28.564581082791697,0.8536159450310146,221,0.3192035015569015,0.0,582.0,,,
7A81,True,CRO,1.7,0.1987,230,True,670.6227287333306,94.39533482470208,31.270344758522253,29.53114604996729,0.3288509090412763,0.9457733448271376,53.76071268318877,194,,,,,,65.59864959189916,-167.75317868359278,intermediate,31.62737306733205,19.22613635930148,31.9166914210719,0.6023850061917159,220,0.3280533011691015,0.0,253.0,,,
7A82,True,CRO,1.9,0.1989,230,True,655.3861664691638,93.19480736759245,30.796763868152063,29.386524372411547,0.2991433204596562,0.9482518623846607,53.430609612322726,184,,,,,,-164.78107973489088,71.6573033285401,trans,39.31911205489338,28.16954556378452,39.584577923729306,0.7116293021504732,207,0.3158443229206295,0.0,174.0,,,
7A83,True,CRO,1.73,0.1643,226,True,726.8801193153342,99.7656756886234,35.36230688436508,30.26679783685401,0.5171320322226768,0.9177203418874852,47.1488686186521,208,,,,,,12.236583912697562,12.236583912697562,cis,32.4741302460432,26.14545475352894,32.54748686397541,0.8033017990850643,122,0.1678406063917592,0.0,192.0,,,
7A84,True,CRO,2.1,0.221,224,True,670.6020080979582,94.25609082984622,32.42888037629051,28.90658487937008,0.4532489128134698,0.9485404716745282,46.40654825573249,189,,,,,,36.649332002410425,67.93309454917346,twisted,54.71273570200216,40.67113624919545,55.05559384624384,0.7387284998283645,196,0.2922746989021382,0.0,82.0,,,
7A85,True,CRO,1.52,0.2116,223,True,688.0988303164324,96.87631887614867,32.5880793132515,30.96313369458624,0.3118333592217878,0.9213516703451856,47.03955915396975,183,,,,,,9.03645305748269,9.03645305748269,cis,24.75633617221108,17.290909160267223,24.844447435227583,0.6959667428847701,112,0.1627673163584584,0.0,268.0,,,
7A86,True,CRO,1.9,0.181,224,True,753.2523678231381,100.7544974305454,32.61879434659445,30.802209911421787,0.3290610256989265,0.9324412704215864,47.11582486416058,210,,,,,,-162.74776415198875,-108.77538429970748,trans,46.41213312388966,36.18249992890792,46.65360515209738,0.7755563543470612,235,0.3119804331702777,0.0,257.0,,,
7A87,True,CRO,1.75,0.1916,234,True,682.1923125393271,96.03769932991464,33.606978716279286,30.876804783812467,0.3948125438921148,0.9294653197107836,56.48659701931558,191,,,,,,8.405784092156232,8.405784092156232,cis,31.183916365717337,18.94409097324718,31.32279009373917,0.6048021557643342,112,0.1641765788639599,0.0,222.0,,,
7A88,True,CRO,1.95,0.1765,232,True,682.8448677097279,95.03553196698356,32.95889946840881,30.37318904281461,0.3882658077910921,0.9500793821942446,56.95060951791939,175,,,,,,-112.74374830806522,-112.74374830806522,intermediate,39.08229088027756,28.22363636710427,39.207824458464536,0.7198470396388214,100,0.1464461471833295,0.0,226.0,,,
7A89,True,CRO,2.5,0.178,225,True,681.7229105008329,95.58265425361124,32.725046955983686,30.619730879276627,0.3528854756719979,0.9376906396972544,45.91492096009429,169,,,,,,7.611085454816066,7.611085454816066,cis,69.8147055543756,55.00909077037465,69.99446467426965,0.7859063002534298,109,0.1598890081601076,0.0,65.0,,,
7A8A,True,CRO,1.93,0.2037,231,True,664.1763647030217,94.01728819732944,31.71026223116277,29.71555795393034,0.3490719145878284,0.9442300985880784,53.38085674714942,192,,,,,,9.571853102714291,76.47322851424478,cis,37.1077595659534,24.10045454718849,37.40724748893909,0.6442723312992953,220,0.3312373214279769,0.0,179.0,,,
7A8B,True,CRO,1.55,0.1932,233,True,706.0296830434985,97.63808622320194,32.522265646262355,30.2883226342826,0.3642266191855094,0.9306669843257112,57.1410382072617,211,,,,,,-111.01412464552746,13.531972159445331,intermediate,35.18993524536194,22.92136370051991,35.464791227018274,0.6463132280631513,235,0.3328471955838741,0.0,255.0,,,
7A8C,True,CRO,2.13,0.2009,225,True,686.3351726199141,96.4231442507934,31.628851465594625,31.3751222591384,0.1264112656960709,0.9276487021525184,47.80047255777879,170,,,,,,-118.6394126643917,-118.6394126643917,intermediate,40.99991200177452,29.69000018726696,41.138452124223946,0.7217092198222089,93,0.1355023080705533,0.0,169.0,,,
7A8D,True,CRO,1.65,0.1919,232,True,691.0803235181146,97.28870951764586,31.819430108416,28.65169051040257,0.4349670388852625,0.9175157042808484,54.81645316166832,207,,,,,,-113.85495932757404,21.28251802488453,intermediate,33.34643867989661,21.97909095070579,33.60372432808817,0.6540671128031555,231,0.3342592635600412,0.0,272.0,,,
7A8E,True,CRO,2.2,0.205,228,True,670.1070026662081,94.13029937406402,30.934903147666404,29.873257256491183,0.2597299390183592,0.9503752998776592,49.34172980691581,197,,,,,,20.360971597788243,-116.72731875436972,cis,50.56411980318492,37.31840896606445,50.88052114782841,0.7334517832008726,217,0.3238288797708497,0.0,123.0,,,
7A8F,True,CRO,2.27,0.1964,230,True,693.3112445078401,96.1492595951127,32.95927229456526,30.602867383248856,0.3713185102866158,0.9424237438016808,54.00755359665747,171,,,,,,5.17774815811545,5.17774815811545,cis,51.35321217649214,36.66999972950328,51.53060408963534,0.7116159489556408,107,0.1543318399169422,0.0,105.0,,,
7A8G,True,CRO,2.0,0.1794,223,True,658.1023846378079,94.70135957312078,31.69792124967537,30.466109727264712,0.2760647352787687,0.9221273443010432,46.82832027688651,162,,,,,,16.176583857681763,16.176583857681763,cis,35.05947199838604,28.37727251919833,35.14046835570953,0.8075382556643605,99,0.1504325197886731,0.0,255.0,,,
7A8H,True,CRO,1.7,0.1792,229,True,675.2750604646874,94.81754747352016,32.043095270322056,31.22098936355356,0.225065038730678,0.9438720782897236,50.49138185851949,166,,,,,,3.618626673231741,3.618626673231741,cis,27.51978749126397,19.76409084146673,27.60926065659985,0.7158500579674966,108,0.159934827040229,0.0,893.0,,,
7A8I,True,CRO,2.0,0.1643,228,True,705.2888291316608,96.31446406037972,33.78735304349047,30.57084258934116,0.4258339114126447,0.9554189359438626,50.79550347943543,178,,,,,,8.083802944506706,152.26722019098167,cis,35.50739013031717,27.429545575922187,35.60257630074924,0.7704370982654124,104,0.1474573191922562,0.0,616.0,,,
7A8J,True,CRO,1.85,0.189,230,True,670.9702950163298,94.33167999172476,32.3764851232131,31.06500600949685,0.2817329751360686,0.9475410189210484,47.731226966611366,180,,,,,,3.945389050472719,3.945389050472719,cis,33.65668425615385,22.730909174138848,33.78508545904078,0.6728089885016446,109,0.1624513049379439,0.0,232.0,,,
7A8K,True,CRO,2.25,0.1888,224,True,681.7269817227296,94.88742383853332,30.33710175511631,29.759135166226173,0.1942678427911013,0.9514873864950788,46.75904530940292,190,,,,,,169.7215236065926,144.60630841654378,trans,50.36734022117772,39.53840918974443,50.63175363149018,0.780901437416414,198,0.2904388491411215,0.0,66.0,,,
7A8L,True,CRO,1.75,0.1881,233,True,684.2670535166562,96.27447300344508,32.579343126950555,31.924498260688548,0.1994893334876692,0.9277120418071604,57.497751694586434,183,,,,,,7.149691289770898,7.149691289770898,cis,31.62366054882057,22.79727268218994,31.72406413365298,0.718611354022782,112,0.163678785094793,1.0,239.0,,,
7A8M,True,CRO,1.6,0.202,233,True,687.8044857693186,96.63102605234224,32.381505994471844,31.535652691514063,0.227069713643629,0.9256390882877756,57.305164891030536,170,,,,,,8.7695881397332,8.7695881397332,cis,29.429706651527617,20.48227279836481,29.53217596166274,0.6935578612613551,122,0.1773759876886254,0.0,288.0,,,
7A8N,True,CRO,2.1,0.2084,230,True,695.1884895826502,95.9761550711866,33.2394119888337,30.60326663143052,0.3902895242064452,0.9483873263376764,52.92332165852832,176,,,,,,19.51341564268679,19.51341564268679,cis,44.75050692217327,31.989545301957563,44.90209501917367,0.7124287917589966,95,0.1366535859318274,0.0,190.0,,,
7A8O,True,CRO,1.6,0.1605,232,True,719.417880019648,97.95000865686664,35.0211560977378,29.05207870510036,0.5584206263527157,0.9422846879583252,54.73635523229004,191,,,,,,7.648508873225254,7.648508873225254,cis,20.25547377236428,14.649545409462668,20.31833331567918,0.721001333222443,123,0.1709715638380307,0.0,382.0,,,
7AMB,True,PIA,1.63,0.1507,230,True,737.1261482935311,100.39193113520273,33.29113121775997,32.16208621837373,0.2582216031617121,0.9190815851056876,48.771136868975375,222,,,,,,-5.439922711517909,-5.439922711517909,cis,24.89636362091569,16.73099994659424,24.97653410372689,0.6698687606979749,115,0.1560112882526667,0.0,1033.0,,,
7AMF,True,PIA,1.63,0.1544,234,True,673.756048406815,94.68431801667326,31.558161747035623,28.76579031436516,0.4112631413571257,0.9444009822530064,55.102223372119454,239,,,,,,170.7464111166614,2.2576980393203088,trans,26.19162489599725,14.866333309809368,26.5161318182376,0.5606524138481018,346,0.5135389891017121,0.0,981.0,,,
7AMU,True,PIA,1.64,0.1687,234,True,711.2194944206989,97.64406969871854,32.9193564564443,31.20549182855613,0.3184564844890823,0.9373931422656594,54.84342677022791,200,gfp,488.0,507.0,19.0,green,-2.1483124249388106,-2.1483124249388106,cis,35.09797375218398,31.663500213623045,35.131678104868584,0.901280608318994,99,0.1391975343429489,0.0,174.0,,25000.0,19.75
7BHG,True,TUK,2.09,0.1632,222,True,715.4377743004661,99.05831053569771,33.37406919129205,28.99380864153856,0.4952463614905232,0.9162202734121316,48.191691916043936,163,fusionred,580.0,608.0,28.0,red,,,,48.785442728816086,74.9000001525879,48.41195077481477,1.547138649730945,116,0.1621384894212796,0.0,142.0,,,
7CAO,True,QYG,2.05,0.1922,226,True,715.103547758154,99.09672928565632,31.67388219717707,31.10990965562417,0.1878674123456704,0.9150823003594344,52.6634237496388,182,,,,,,-43.27774127889909,-43.27774127889909,twisted,48.70209842785451,47.38083299001058,48.72028097975145,0.9725073837259364,106,0.1482302812401217,0.0,60.0,0.001,,
7CD7,True,CRO,1.704,0.1823,235,True,717.1115505142861,97.62372767368116,32.781703290794376,30.71624914207082,0.3493462813071227,0.9455528504862868,60.72953993568541,168,gfp,488.0,507.0,19.0,green,4.345799726070592,4.345799726070592,cis,24.53801482742334,18.11523823511033,24.610219489328355,0.7360860086179069,101,0.1408428018312722,0.0,862.0,,25000.0,19.75
7CD8,True,CRO,2.0,0.1718,228,True,688.4378099579365,96.3452999237658,31.950524903852088,31.258408005088697,0.2070145917479737,0.9319948495150668,47.64819650077607,158,gfp,488.0,507.0,19.0,green,12.923607678250454,12.923607678250454,cis,26.49661913675805,20.300952139354887,26.56874164615132,0.7640915934118254,104,0.1510666591748561,0.0,298.0,,25000.0,19.75
7DIG,True,CR8,2.6,0.2342,218,True,750.3325972442545,102.97590126966946,33.41677564014561,29.77089755470043,0.4542058358353797,0.8891857105686612,46.80327611172201,172,green fluorescent,488.0,507.0,19.0,green,,,unknown,39.13882783043605,35.31440017700195,39.1932138892164,0.901033538020681,126,0.1679255312414255,0.0,0.0,0.65,,
7E53,True,CRO,2.21,0.2037,226,True,710.9327288353547,98.54360199010152,32.30275948122906,31.29339703608442,0.2480272408576746,0.919986610706583,46.818403236633415,162,gfp,488.0,507.0,19.0,green,13.921935310204956,13.921935310204956,cis,37.68183428411326,29.3254546252164,37.78465327320483,0.7761207814499832,100,0.1406602846429919,0.0,92.0,0.7,25000.0,19.75
7KM4,True,CRO,2.65,0.2302,218,True,688.0649297533928,96.09651550683928,33.07877733743646,29.09570123187132,0.4757359044483998,0.9363193662161956,46.29852142895847,167,superfolder,485.0,510.0,25.0,green,16.092106211832476,16.092106211832476,cis,57.52625907876275,38.148157986727625,57.77155149764927,0.6603277391343709,99,0.1438817700467342,1.0,9.0,,,
7LG4,True,GYS,1.81,0.1817,227,True,750.8440962733177,100.33708972255972,33.1275840802304,30.221923175348703,0.4095475391433809,0.9372093961689772,51.19602880245452,181,gfp,488.0,507.0,19.0,green,-173.56611188617657,-173.56611188617657,trans,19.339713370470992,11.939047540937151,19.42313472442709,0.6146818065326121,119,0.1584882941620444,0.0,134.0,0.7,25000.0,19.75
7O7C,True,PIA,1.55,0.164,232,True,744.0210304004133,99.00114869287783,32.83146527268537,28.30177946437992,0.5068535555763183,0.9539258289567144,52.41183139706881,227,gfp,488.0,507.0,19.0,green,7.527997589312678,-126.55902726589748,cis,19.01264982946803,13.477250051498412,19.118287229810964,0.704940243312354,277,0.3723013042399159,0.0,264.0,,25000.0,19.75
7O7D,True,PIA,1.4,0.1521,231,True,725.3496440393916,98.33950447609566,33.81824263984352,30.74408141279998,0.4165833060042295,0.9425431360996456,54.40295145030871,195,gfp,488.0,507.0,19.0,green,7.45520698493964,7.45520698493964,cis,16.059549365039068,10.88899998664856,16.109603086030265,0.6759322329977921,100,0.137864546873024,0.0,348.0,,25000.0,19.75
7O7E,True,PIA,1.8,0.1592,234,True,694.5432855072419,96.93443132308222,34.80182547510532,29.48578861194014,0.5311970091964724,0.928865959751439,55.370207405148605,173,gfp,488.0,507.0,19.0,green,9.507014216642942,9.507014216642942,cis,29.04950926813652,21.93600025177001,29.121471928898952,0.7532586369716303,105,0.1511784825956757,0.0,316.0,,25000.0,19.75
7O7H,True,PIA,1.7,0.157,236,True,720.4393409836831,98.73035113881,33.04305263940174,29.31124658838698,0.4616497146136064,0.928765171533481,55.02371770656089,217,gfp,488.0,507.0,19.0,green,9.573493781192186,175.0853396096646,cis,29.524057190887607,22.11475012302399,29.663264463181896,0.7455265131210647,212,0.2942648852442408,0.0,296.0,,25000.0,19.75
7O7U,True,PIA,1.7,0.1797,237,True,754.8897827894574,101.1218447428326,34.0491785350867,28.899171874439,0.5287975490619446,0.9276912148607928,55.99364792307438,276,gfp,488.0,507.0,19.0,green,173.66009301502302,-132.95235310687508,trans,22.572045557507504,13.062000020345051,22.80561196447833,0.5727537608151106,555,0.7352066654673379,0.0,177.0,,25000.0,19.75
7O7V,True,PIA,1.9,0.1486,242,True,744.7950046721994,100.93067492166844,34.042683552770626,31.674731334780738,0.366440034386116,0.9187561610798426,55.20710256044252,177,gfp,488.0,507.0,19.0,green,10.045685492059642,10.045685492059642,cis,48.37448891533746,35.51649980545044,48.50274815832885,0.7322574731129246,98,0.1315798298662488,0.0,111.0,,25000.0,19.75
7O7W,True,PIA,2.1,0.1734,236,True,722.3849195585493,98.48193123104772,33.42075349067411,29.01237692984186,0.4963987289369983,0.935977528539757,56.01815438541722,228,gfp,488.0,507.0,19.0,green,172.65906352742846,7.148203704856012,trans,38.82313035947029,30.821250104904173,38.96908348768854,0.7909154474890715,288,0.3986794189668263,0.0,56.0,,25000.0,19.75
7O7X,True,PIA,1.95,0.1569,234,True,747.3689640923149,98.81850471732967,33.889054413822166,29.32183535920929,0.5013747074830459,0.961763667999282,55.69748352593757,238,gfp,488.0,507.0,19.0,green,7.486811112191631,-132.3873959096464,cis,43.28769574907854,37.062499809265134,43.401814831384925,0.853938941338101,320,0.4281687029761028,0.0,124.0,,25000.0,19.75
7OIN,True,NRQ,1.4,0.1635,226,True,868.1479483642853,120.63707130425176,45.29093729877329,27.763133427016765,0.7900865239584396,0.7496215043128386,50.6260109079581,186,mscarlet,569.0,594.0,25.0,red,-167.39106078227547,-167.39106078227547,trans,10.727373192670573,7.060000046439793,10.772967561515602,0.6553440364621828,120,0.1382252877819928,0.0,272.0,0.42,100000.0,70.0
7PCA,True,CRO,1.05,0.1492,228,True,655.2238686593507,93.31303054104232,30.566356107252275,30.263580857818443,0.1404026161092725,0.9456163769043708,48.901702321235135,165,superfolder,485.0,510.0,25.0,green,5.257034664264764,5.257034664264764,cis,11.94747177973558,7.097692324565007,12.016262977681262,0.5906738507427893,126,0.1923006868748658,3.0,281.0,,,
7PCZ,True,CRO,1.35,0.1719,235,True,751.4674425715667,100.5781660216184,35.488972394650126,30.12550784958233,0.5286023983595711,0.9334963172227247,53.06334717282208,175,superfolder,485.0,510.0,25.0,green,7.595438350288381,7.595438350288381,cis,22.63884716899556,14.771538514357347,22.74701746250195,0.6493835307731206,125,0.1663412051122833,1.0,348.0,,,
7PD0,True,CRO,2.0,0.2497,235,True,733.0548111139778,99.3060817009896,32.77634196208387,31.446749360029205,0.2819320284411473,0.9341026834580428,55.566598294030506,162,superfolder,485.0,510.0,25.0,green,16.243841149075028,16.243841149075028,cis,28.54925317077313,20.72636352885853,28.641484452724967,0.7236483696600653,100,0.1364154473633918,1.0,521.0,,,
7PNN,True,CR2,1.43,0.1616,228,True,669.2536008892952,96.4848352787178,32.1433141033059,29.32865686102615,0.409223602899584,0.9034049401218724,49.559765621407486,159,venus,515.0,528.0,13.0,yellow,-0.3171769253618057,-0.3171769253618057,cis,25.484583549253536,17.673157591568796,25.56515743263899,0.6912986019403701,120,0.1793042276359,0.0,276.0,0.64,,
7Q6B,True,VUB,1.8,0.2271,221,True,724.0975634850261,98.38970485471084,34.16799370777786,29.086682736724512,0.5247044263964553,0.9399562383226958,49.61546243728986,174,mruby,558.0,605.0,47.0,red,,,,39.70605444313447,42.28086969126826,39.67203907799543,1.065759932534445,131,0.1809148471229582,0.0,76.0,,112000.0,39.2
7QGK,True,NRP,1.5,0.1738,217,True,648.8487396002655,94.16212241078244,33.5469195604099,28.552175003526862,0.524984677235197,0.9196039997094024,49.52713336124143,184,mruby,558.0,605.0,47.0,red,,,,21.09323865451948,24.232608795166016,21.05330197684533,1.1510122650507424,109,0.1679898462423635,1.0,156.0,,112000.0,39.2
7QLI,True,PIA,1.155,0.1609,216,True,680.0283500496591,96.62552355235071,33.50076355474504,28.265254911758475,0.5367839703090177,0.9152782925786872,46.27505951377575,196,,,,,,12.600636476969866,12.600636476969866,cis,13.423588748600173,9.52689995765686,13.463864601736535,0.7075902973970865,115,0.1691105966267466,0.0,232.0,0.83,,
7QLJ,True,PIA,1.02,0.1186,219,True,684.0346953814437,97.10129108079376,32.4490892213902,28.73810452092832,0.4643787498768363,0.9116706753799312,49.35580628967792,225,,,,,,161.40384937197928,77.26421602542462,trans,10.675792720971142,8.65627498626709,10.717475233555332,0.807678562126756,233,0.340625996858347,2.0,260.0,0.83,,
7QLK,True,PIA,1.458,0.1717,216,True,677.7563443194703,96.49836535893104,34.69310487438502,28.54950684668037,0.5681632320771727,0.9146259988676544,46.167399722481335,186,,,,,,9.328930326918329,9.328930326918329,cis,18.64546252082853,18.087700033187865,18.65145674423144,0.9697741190527688,112,0.1652511273980892,0.0,197.0,0.83,,
7QLL,True,PIA,1.324,0.1695,218,True,708.2462272692444,98.9398616582611,33.40959088143753,29.34062254266452,0.4782760143066513,0.9091834806360918,49.663741199489806,180,,,,,,16.741951285549902,16.741951285549902,cis,16.704043085175442,12.920949983596802,16.744224636971285,0.7716660677776215,109,0.1539012786842039,0.0,177.0,0.83,,
7QLM,True,PIA,1.3,0.1901,216,True,722.5683882125165,100.16626003146968,33.15019544168181,29.79351595842511,0.4384751823108715,0.9049944263920092,46.17669273267703,195,,,,,,163.03338961548496,163.03338961548496,trans,15.867124920669053,12.7614999294281,15.899936595167109,0.8026132590558281,110,0.1522347251754495,1.0,160.0,0.83,,
7QLN,True,PIA,1.5,0.34243,216,True,733.6005137049284,100.43209353617198,33.315569334169055,30.38681937516401,0.4099885870013915,0.9139542553215756,46.3829921282024,195,,,,,,179.14678998578034,179.14678998578034,trans,16.285462625227357,20.256999921798705,16.24350237909348,1.2470832612965832,95,0.1294982735497528,0.0,161.0,0.83,,
7QLO,True,PIA,1.31,0.41696,216,True,734.4713568728719,100.52503198050466,33.81393527448168,30.540616911695924,0.4292279980018623,0.9133480120745308,46.35611333542066,191,,,,,,177.87110060666015,177.87110060666015,trans,13.468269731259385,25.37300024032593,13.342493392019378,1.9016685633513168,69,0.0939451203295094,0.0,161.0,0.83,,
7RRH,True,GYC,1.747,0.1764,215,True,687.0937550448082,96.95900562064712,32.877554170651806,28.219717821068656,0.5131017791463925,0.9184373981113966,46.00327188934179,164,dronpa,503.0,518.0,15.0,green,-157.86955303727046,-157.86955303727046,trans,39.804436909185874,35.860000156220934,39.85163529768289,0.8998376073743192,104,0.151362167442808,0.0,861.0,,,
7RRI,True,GYC,2.643,0.2263,220,True,638.4461258988629,92.06734600524378,31.443234467776985,28.621472357257147,0.4140403484847504,0.9465049114766112,49.71382080194475,148,dronpa,503.0,518.0,15.0,green,-133.70276759174573,-133.70276759174573,twisted,43.78546187553472,34.73619034176781,43.8958188454587,0.7913325518328151,89,0.1394009555225942,0.0,257.0,,,
7RRJ,True,GYC,2.2,0.242,223,True,711.0617196533193,97.3963135267121,31.4081970305432,27.80078798332886,0.4653165468697955,0.941959270661827,50.709667889726056,194,dronpa,503.0,518.0,15.0,green,118.23105331800753,-132.07985877765236,intermediate,39.25670125414267,33.254999932788664,39.397366128861904,0.8440919584323827,230,0.3234599664739895,0.0,844.0,,,
7RRK,True,GYC,1.929,0.2423,221,True,716.1039718446578,97.41988824234171,33.02888477542494,28.76688694450458,0.4913512693440187,0.948179786077481,48.60074041952546,175,dronpa,503.0,518.0,15.0,green,-154.3436707174312,-154.3436707174312,trans,28.94375068051664,19.970000221615745,29.04938339331759,0.687450055349869,119,0.1661769864136632,0.0,1253.0,,,
7RY2,True,CH6,2.05,0.1897,215,True,692.1991571060146,99.24265733596384,34.714634216389136,27.184852793500983,0.6219022329687398,0.8831697008143206,47.092207016670415,166,,,,,,20.15868739171273,20.15868739171273,cis,39.26108769651741,43.63654609348463,39.20374550669961,1.1130708438566792,120,0.1733605115927947,0.0,652.0,0.35,,
7SAH,True,CRO,1.6,0.1563,226,True,666.9365955939711,95.31419687502247,31.75745355609994,29.83068444474201,0.3430186261560982,0.9225272994945024,47.088659237405714,166,gfp,488.0,507.0,19.0,green,6.901085544391663,6.901085544391663,cis,28.946393010474868,20.2127272865989,29.04936227410041,0.6958062313340349,110,0.1649332196294228,0.0,480.0,,25000.0,19.75
7SAI,True,CRO,2.23,0.1711,226,True,739.7320340902463,99.33868577700432,32.749455511443095,31.0234846386757,0.3203545283184417,0.9419925542783713,47.369787737217045,159,gfp,488.0,507.0,19.0,green,12.495795266811328,12.495795266811328,cis,69.21010361341429,50.02181798761541,69.44294546877424,0.7203297275186614,104,0.1405914509676515,0.0,185.0,,25000.0,19.75
7SAJ,True,NRQ,2.37,0.2076,215,True,666.9829494282097,95.91529090056603,32.130436930648,28.71775898953501,0.4484921794164248,0.9110640275463466,46.96810754471133,157,mcherry,587.0,610.0,23.0,red,37.34101664156459,37.34101664156459,twisted,65.98354192880484,89.40826084302819,65.67012218766048,1.3614754756742045,132,0.1979061085641856,0.0,183.0,,72000.0,15.84
7SAK,True,NRQ,1.15,0.1173,225,True,731.808688708073,101.7581337138002,34.642588701896415,29.41397990469129,0.5282804903565371,0.8881149056148505,47.95175178153606,198,mcherry,587.0,610.0,23.0,red,8.180494205531136,8.180494205531136,cis,11.74423919282727,10.680434807487156,11.7562684459555,0.9084885103284228,132,0.1803750106233793,0.0,468.0,,72000.0,15.84
7SAL,True,NRQ,1.93,0.1613,217,True,683.3843595997796,97.56106600485602,32.987358957363014,28.300585530204653,0.5137797239964154,0.902239476033254,47.12573648664581,152,mcherry,587.0,610.0,23.0,red,20.17472854786145,20.17472854786145,cis,39.04507534361498,31.93739161284073,39.13753955504473,0.8160296220952419,120,0.1755966438422403,0.0,507.0,,72000.0,15.84
7SF9,False,,1.8,0.2091,227,True,753.4152300453231,103.11752607417814,33.99781709232356,33.22537875997595,0.2119534321193847,0.890387980515092,52.54718134151226,165,branchiostoma,507.0,516.0,9.0,green,,,,24.1360000088286,,24.1360000088286,,0,0.0,0.0,403.0,,,
7SFA,True,JBY,1.65,0.165,221,True,832.2083310312621,106.30219515313816,34.78099594625626,32.70232062243813,0.3405254109669784,0.9254595842286898,52.26599243777328,204,branchiostoma,507.0,516.0,9.0,green,,,,17.56061918284795,14.554000091552734,17.59393352180967,0.8272169537023318,98,0.1177589749414784,0.0,660.0,,,
7SWR,True,CRQ,1.388,0.1621,215,True,634.9296630928775,93.61656070669882,32.86394849237857,28.55957394704934,0.4947691870729235,0.9103955314341085,46.632104890728286,181,,,,,,-25.69249773742628,-25.69249773742628,cis,16.803066383399482,14.043750007947288,16.839877719147594,0.83395795635612,142,0.223646819882832,0.0,394.0,,,
7SWS,True,CRQ,1.642,0.1943,217,True,705.4024091074582,99.7617601232728,33.60224058804872,27.78253051323728,0.5624873477960377,0.890673634742828,46.61885270016556,168,,,,,,-34.26462042142853,-34.26462042142853,twisted,19.98398063666185,16.003750165303547,20.03913394573379,0.7986248412053081,141,0.1998859065117264,0.0,1136.0,,,
7SWT,True,NRQ,2.005,0.209,221,True,701.94302050787,99.6699736887918,33.00839898788838,28.615869009726023,0.4984353017130049,0.8879388067703943,46.2655015039102,161,,,,,,-179.82326975900352,-179.82326975900352,trans,22.957349790340725,24.07739116834557,22.94269623420073,1.049457784846288,119,0.169529429773233,0.0,307.0,0.16,,
7SWU,True,CIV,1.444,0.1754,216,True,639.8622308612644,94.11682228264458,31.986233511082496,26.8271280487275,0.5445805182442336,0.9077407435262138,46.83567467919346,166,,,,,,,,,17.06280068634998,13.28125003973643,17.11475101005847,0.7760118760670802,151,0.2359882998512846,0.0,905.0,,,
7TSR,True,PIA,1.75,0.2139,217,True,706.128324465324,99.2732784753255,32.092417346883444,27.23854267694688,0.5287891502229782,0.9003860698371478,46.33641483196722,179,eos,506.0,516.0,10.0,green,-7.123035478701162,-165.76049882167908,cis,21.862107222406,18.870700073242187,21.928693914652268,0.8605482910513518,222,0.3143904476117666,0.0,96.0,,,
7TSS,True,PIA,1.75,0.1919,217,True,680.8267095907919,96.88038782019892,32.251140796505425,27.230680399414624,0.5358198767422317,0.9115378611285216,46.7062806191082,178,eos,506.0,516.0,10.0,green,-125.72502422657398,-50.10659382062984,twisted,22.455403632740605,20.271850109100345,22.504444700087944,0.9007931712716788,208,0.3055109282140495,0.0,104.0,,,
7TSU,True,PIA,1.75,0.2044,217,True,724.3401200749953,100.21388052097896,31.54130447349757,27.68854028877252,0.4789353137905668,0.9063514753626702,46.25637615553463,180,eos,506.0,516.0,10.0,green,-3.465204755525205,-169.7638964736825,cis,22.506934246291284,17.822750067710878,22.61102722803752,0.7882326569228483,228,0.3147692550516099,0.0,107.0,,,
7TSV,True,PIA,1.75,0.2002,217,True,678.1005991586973,96.79078603842338,30.971100732090093,27.57177311898151,0.4554879470505816,0.909569645691702,46.28380174641665,177,eos,506.0,516.0,10.0,green,34.64562258806409,127.27951643214608,twisted,23.99660456108956,22.81209976673126,24.023059162861937,0.9495917906241208,255,0.3760503977084996,0.0,95.0,,,
7UGR,True,CR2,1.74,0.2015,226,True,696.4023688243843,98.79690249329204,34.16359485773592,28.47717457636534,0.5524391602002031,0.8965684381616603,47.381858825763935,159,yfp,514.0,527.0,13.0,yellow,178.0805638679375,178.0805638679375,trans,32.860409296719375,24.49473682202791,32.94925657286199,0.7434078753146292,115,0.1651344181871963,0.0,172.0,0.6,,
7UGS,True,CR2,1.63,0.1503,226,True,686.228494369719,98.13980854694914,32.87193964477965,30.46869458663033,0.3753314027561775,0.8953404354015141,47.15743582980468,165,yfp,514.0,527.0,13.0,yellow,175.5210439632668,175.5210439632668,trans,31.89815095042925,21.171052430805407,32.009161229227104,0.6614060355781651,113,0.1646681840336391,0.0,206.0,0.62,,
7UGT,True,CR2,1.21,0.1458,228,True,689.9622945604453,96.83302240688842,32.84205619070305,29.44363874001679,0.4429984226988197,0.924673149462365,51.8251744368906,171,,,,,,-175.09517108515624,-175.09517108515624,trans,21.44084285424477,14.8173683568051,21.50697318291075,0.6889564715028728,109,0.1579796473797755,0.0,278.0,0.73,,
7VCM,True,CRO,1.85,0.1947,371,False,1256.517423998365,131.774306756285,50.63845417417773,35.42154271360853,0.7146336800101278,0.9093203261458496,74.28927430186108,286,,,,,,13.80810993187423,13.80810993187423,cis,24.09096564197868,10.473636345429854,24.19469875988868,0.4328897189161798,109,0.0867477027522237,0.0,892.0,,,
7X2B,True,NRQ,1.63,0.1711,217,True,646.697241872457,93.8903075973962,33.13347075067177,27.182771014184382,0.5717869304082119,0.9218692927979952,46.6626821842691,152,red fluorescent,558.0,583.0,25.0,red,8.69599468381784,8.69599468381784,cis,24.80204421413519,20.235913152280062,24.86233182287381,0.8139185534344228,123,0.1901971928067358,0.0,164.0,,,
7Y40,True,CR2,1.7,0.1778,214,True,756.8712765599143,101.00231714384122,32.035289469624054,30.851372600642,0.2693464299210567,0.9323290437043306,45.98115580861341,168,green fluorescent,488.0,507.0,19.0,green,-167.88463200157113,-167.88463200157113,trans,21.106835045241443,15.736578840958444,21.1653077488984,0.7435081515305393,99,0.1308016343941189,1.0,497.0,,,
7Y96,True,CRO,3.415,0.2397,312,False,1394.2681378837283,142.43293117834853,53.60760748708282,36.218764838066825,0.7372433165749799,0.8636451592769457,70.7997052890665,301,gfp,488.0,507.0,19.0,green,4.813165108074679,4.813165108074679,cis,57.43041496649324,43.43545462868431,57.55680623391187,0.7546536625427382,96,0.0688533269832245,0.0,0.0,,25000.0,19.75
7YAO,True,CR2,1.5,0.1598,216,True,718.0869851726505,99.61655580163188,32.35368605784527,29.67112329524436,0.3986886735590873,0.9093349330902706,46.13462390225594,168,green fluorescent,488.0,507.0,19.0,green,-163.65161366178913,-163.65161366178913,trans,15.66654403339926,11.806842101247687,15.707859152672995,0.7516518951749402,103,0.1434366617509933,0.0,705.0,,,
7YEU,True,GYS,1.95,0.1597,235,True,717.0489909290911,97.93335522099022,32.41611204558807,30.403829613145,0.3468424996178909,0.9395013865947,57.815263044666594,184,superfolder,485.0,510.0,25.0,green,-0.2777442275898185,-0.2777442275898185,cis,38.51183823204428,29.956095014299667,38.60392977872425,0.7759856363330487,120,0.1673525819268139,0.0,368.0,,,
7YRE,True,CR2,2.3,0.1968,213,True,717.4833295057657,98.76128530408717,31.77413662540782,29.36519857523912,0.3819437547683348,0.9243750444513296,45.45456661617959,160,green fluorescent,488.0,507.0,19.0,green,-165.07238654851494,-165.07238654851494,trans,34.34303021735569,25.181052559300472,34.44524840614198,0.7310457530278808,105,0.1463448636114356,0.0,421.0,,,
7YV3,True,CRO,2.0,0.1723,225,True,742.9412469424336,99.7123356179558,34.19491495229395,29.684100548816552,0.4964151857294941,0.9390020841456996,47.56854957731719,168,Lime pH sensor,499.0,510.0,11.0,green,7.866656743732308,7.866656743732308,cis,47.68588041704754,39.916363369334825,47.78169284700813,0.8353903135483867,99,0.1332541441297456,0.0,101.0,0.77,,
7YV5,True,CRO,2.85,0.2047,224,True,735.183000324432,99.17705098784516,34.38591939563136,29.64332387805883,0.5067766391436915,0.939253753621412,47.454044466439896,166,,,,,,22.72208753654954,22.72208753654954,cis,74.39876817615675,72.50727254694158,74.42235825770025,0.9742673336938966,96,0.1305797331516585,0.0,0.0,0.77,,
7Z7O,True,IO8,1.51,0.1634,227,True,846.2808481432303,109.85554373646498,38.504185867991175,29.731525639051267,0.6354239378743184,0.8812120367286651,51.765562684306914,187,,,,,,,,,22.476101692287305,17.37476176307315,22.53535398128813,0.7710001705542323,107,0.1264355683278922,0.0,490.0,,,
7Z7P,True,IO8,1.95,0.2091,226,True,849.8036692947431,108.7552938706127,40.70936574200092,30.302447643513133,0.667777887391176,0.9028750532489648,50.08983276359679,197,,,,,,,,,37.61855599324467,30.44238099597749,37.70099564036864,0.8074688871977979,93,0.1094370421784377,0.0,496.0,,,
7Z7Q,True,IO8,1.6,0.2232,222,True,724.351915854953,102.11114551999852,33.283612705135724,29.26776845844063,0.4761857799559884,0.8729978629310233,48.88210187003333,180,,,,,,,,,16.989363725657935,14.11428569612049,17.02376636874642,0.8290930097603205,117,0.1615236978588023,0.0,345.0,,,
7ZCT,True,NRQ,1.33,0.2001,214,True,611.061006612323,92.85072327085966,32.02176575753828,27.10426259233028,0.53249606329528,0.890684414649997,46.58881442533861,166,mscarlet,569.0,594.0,25.0,red,179.7260411109765,179.7260411109765,trans,19.43696034322226,14.063043469968049,19.50589513858469,0.7209637583947572,121,0.1980162351887171,0.0,244.0,0.75,100000.0,70.0
8A6G,True,OHD,1.63,0.155,234,True,695.4930369381985,96.19024369566012,33.12500317034993,28.19985006459438,0.5246530454022558,0.944584033489575,55.73878012540583,240,gfp,488.0,507.0,19.0,green,45.04512708276534,166.26627221398664,twisted,27.966078051847152,19.271269934518,28.228295816993988,0.6826933534866924,329,0.4730457136542618,0.0,124.0,,25000.0,19.75
8A6N,True,OHD,1.63,0.1798,234,True,695.4930369381985,96.19024369566012,33.12500317034993,28.19985006459438,0.5246530454022558,0.944584033489575,55.73878012540583,240,gfp,488.0,507.0,19.0,green,45.04512708276534,166.26627221398664,twisted,27.966078051847152,19.271269934518,28.228295816993988,0.6826933534866924,329,0.4730457136542618,0.0,124.0,,25000.0,19.75
8A6O,True,OHD,1.63,0.1702,234,True,695.4930369381985,96.19024369566012,32.17930797330014,27.29485444840249,0.5296579044050763,0.944584033489575,55.73878012540583,262,gfp,488.0,507.0,19.0,green,148.53925494710245,166.26627221398664,twisted,27.84128852565745,18.21678576849046,28.228295816993988,0.6453377804523218,433,0.6225799210100164,0.0,124.0,,25000.0,19.75
8A6P,True,OHD,1.63,0.1691,234,True,695.4930369381985,96.19024369566012,32.437448232045305,27.323489611520536,0.5389402567194923,0.944584033489575,55.73878012540583,258,gfp,488.0,507.0,19.0,green,154.9075689701427,166.26627221398664,trans,27.78520477108839,16.7659524508885,28.228295816993988,0.5939413615183622,430,0.6182664342593696,0.0,124.0,,25000.0,19.75
8A6Q,True,OHD,1.63,0.1717,234,True,695.4930369381985,96.19024369566012,33.12500317034993,28.19985006459438,0.5246530454022558,0.944584033489575,55.73878012540583,240,gfp,488.0,507.0,19.0,green,45.04512708276534,166.26627221398664,twisted,27.966078051847152,19.271269934518,28.228295816993988,0.6826933534866924,329,0.4730457136542618,0.0,124.0,,25000.0,19.75
8A6R,True,OHD,1.63,0.1664,234,True,695.4930369381985,96.19024369566012,33.12500317034993,28.19985006459438,0.5246530454022558,0.944584033489575,55.73878012540583,240,gfp,488.0,507.0,19.0,green,45.04512708276534,166.26627221398664,twisted,27.966078051847152,19.271269934518,28.228295816993988,0.6826933534866924,329,0.4730457136542618,0.0,124.0,,25000.0,19.75
8A6S,True,OHD,1.63,0.1685,234,True,695.4930369381985,96.19024369566012,33.12500317034993,28.19985006459438,0.5246530454022558,0.944584033489575,55.73878012540583,240,gfp,488.0,507.0,19.0,green,45.04512708276534,166.26627221398664,twisted,27.966078051847152,19.271269934518,28.228295816993988,0.6826933534866924,329,0.4730457136542618,0.0,124.0,,25000.0,19.75
8A7V,True,PIA,1.46,0.1696,234,True,665.5393215585786,94.95893330985548,30.66346933024213,29.629934658554728,0.2574400651453129,0.9274957510532154,55.57059473862191,178,gfp,488.0,507.0,19.0,green,5.624069022850358,-129.62583236877623,cis,26.06889239215504,16.27625000476837,26.276914535275303,0.619412525885351,224,0.3365691443676544,0.0,173.0,,25000.0,19.75
8A83,True,OHD,1.81,0.1998,224,True,650.3636006607887,92.50236953647568,32.314584085591235,29.29389681804314,0.4221575513455524,0.9551253577000018,46.36950537865036,162,gfp,488.0,507.0,19.0,green,157.62993288302326,157.62993288302326,trans,34.20113113158596,29.17095238821847,34.261287027719625,0.8514260531023619,91,0.1399217297947506,0.0,109.0,,25000.0,19.75
8AAB,False,,1.6,0.1936,219,True,711.1654921750454,98.57825634353104,33.36048132991254,29.079118778361337,0.4901045692133298,0.9196408943630028,49.662543525321965,177,mruby,558.0,605.0,47.0,red,,,,17.510220975578676,,17.510220975578676,,0,0.0,1.0,123.0,,112000.0,39.2
8AHA,True,PIA,2.38,0.1862,237,True,710.6203712245295,97.9136306749836,32.39609502446509,31.677827871556392,0.2094069040396437,0.9314535620178208,54.69329573872662,163,gfp,488.0,507.0,19.0,green,2.7048467792554707,2.7048467792554707,cis,35.18738453582203,27.294779205322264,35.27112570643741,0.7738561970632152,91,0.1280571226000603,0.0,62.0,,25000.0,19.75
8AHB,True,PIA,1.79,0.192,235,True,682.733019871577,95.05252449317264,33.463592988840865,30.32176088170616,0.4230380212170723,0.9495841570729754,54.70236208037093,180,gfp,488.0,507.0,19.0,green,-127.9246560442504,-127.9246560442504,twisted,38.66239141847291,38.47382879257202,38.664374201079646,0.9950718093220218,88,0.1288937219069218,0.0,88.0,,25000.0,19.75
8AM4,True,OHD,2.02,0.1959,229,True,696.5925633229042,98.07971819021448,32.62839062634367,29.781494898053325,0.4085232895738352,0.9099767141252564,55.10180509364663,162,gfp,488.0,507.0,19.0,green,9.3124544530531,9.3124544530531,cis,36.87894620016037,32.1019047328404,36.93464740549836,0.8691542220614642,108,0.1550404148514241,0.0,0.0,,25000.0,19.75
8ARM,True,NRQ,1.41,0.1125,219,True,669.8890587766027,96.4736569070888,34.91793735711029,27.806016710143755,0.6048693572557488,0.9044722906665258,47.7249771576213,176,mscarlet,569.0,594.0,25.0,red,-168.59586951037178,-168.59586951037178,trans,10.80321134702634,9.690086924511451,10.81693888682143,0.895825244637108,123,0.1836124928277393,0.0,381.0,,100000.0,70.0
8B65,True,QYX,1.55,0.1512,219,True,645.7925761868429,93.32618953093736,31.608997253623983,28.992179712866225,0.398397433337371,0.931742367747195,46.476377154084574,165,,,,,,,,,20.71461861262756,19.620869677999742,20.728013833871664,0.9465870601618988,140,0.2167878745628298,0.0,269.0,,,
8B6S,True,CRO,1.8,0.1728,517,False,1475.752582289093,145.28225577410635,51.103012316552295,39.44488702065356,0.6357802725484297,0.8786142990852767,79.50036480448902,302,gfp,488.0,507.0,19.0,green,7.442050197447502,7.442050197447502,cis,26.670118503657697,21.62209276719527,26.696963213883016,0.809908325301632,120,0.0813144435186172,0.0,460.0,0.14,25000.0,19.75
8B6T,True,CRO,2.0,0.2206,516,False,1487.667818618762,145.89582755107804,52.32936475261413,38.97910346259358,0.6671983271806586,0.8782741266242359,80.40692555670543,305,gfp,488.0,507.0,19.0,green,2.474340842324071,2.474340842324071,cis,20.686621352954965,13.823170965368098,20.72312024309925,0.6670410055633964,108,0.0725968516952081,0.0,308.0,,25000.0,19.75
8B7G,False,,1.3,0.1249,218,True,663.5830933716794,95.81390837823776,33.61519619682395,29.66632579116662,0.4702613087550005,0.9083392163513724,46.52003243367308,146,,,,,,,,,15.988480285737523,,15.988480285737523,,0,0.0,0.0,358.0,,,
8BAN,True,CRO,2.35,0.19444,244,True,855.0845308749082,107.542248390243,39.00059012973068,30.08392546851824,0.6363856775060335,0.9290962126163654,55.22427181236674,199,,,,,,11.63705711594988,,cis,39.13460750883209,35.357727310874246,39.17772705442372,0.9024956261948806,113,0.1321506774124194,0.0,359.0,,,
8BAV,True,CRO,2.3,0.18772,243,True,841.3334095318017,106.22584369605389,38.20678294599973,30.282714753320075,0.6097413129246514,0.9369526004873732,54.94722436193726,189,,,,,,-1.4643779457376005,,cis,34.10523342878284,26.18590892444957,34.19564605934606,0.7657673400585647,109,0.1295562481711715,0.0,422.0,,,
8BBJ,True,CRO,2.65,0.2132,248,False,918.6660538779742,111.25221596474194,42.28754899187368,29.781363296506846,0.7099436944482714,0.9327176444054404,58.348260819358345,219,,,,,,17.134532971662434,17.134532971662434,cis,70.4377349948883,65.86318224126643,70.488614752512,0.934380431116633,102,0.1110305530169819,0.0,12.0,,,
8BGL,True,QYX,2.0,0.1882,215,True,684.4109719081787,96.569386669827,32.535202341344736,28.29160556064205,0.493811337314436,0.9222483373371686,49.157142568534965,163,,,,,,,,,34.68398145652412,40.63695642222529,34.603441206988165,1.1743617109970743,112,0.1636443666116826,0.0,261.0,,,
8BVG,True,CR2,2.38,0.2027,228,True,683.6206726257623,95.74155079237217,32.469427014445834,30.43708889724375,0.3482340010713976,0.9371824251756242,49.94577063253491,161,,,,,,10.768995850779527,10.768995850779527,cis,51.33208762495485,38.56421059056332,51.46641191269208,0.7493083189087257,92,0.1345775569463564,0.0,219.0,,,
8BXP,True,CRO,1.79,0.20009,231,True,733.1789412651121,99.27702298671517,33.99121527377307,31.90204269476428,0.345176290292204,0.934807860141845,52.61977497360087,184,gfp,488.0,507.0,19.0,green,-7.788084938566559,-7.788084938566559,cis,43.60856771194928,31.70681814713912,43.74703333353883,0.7247764186750227,102,0.1391201987116506,0.0,275.0,,25000.0,19.75
8BXT,True,CR2,1.6,0.1633,214,True,727.575498432347,100.1440399370468,32.01071378733257,29.891314619794382,0.3578190526067574,0.911670106739284,46.14972190357327,167,,,,,,6.02392880412522,6.02392880412522,cis,16.839690673828127,11.741473800257632,16.89188147156403,0.6950956777682433,98,0.1346939255254655,0.0,375.0,0.93,,
8C0N,True,NRP,2.9,0.2423,219,True,648.5328414372456,94.4977396941928,32.81945940660392,29.3007150045202,0.4504833776872282,0.912638942220799,48.09873564978187,157,fluorescent timer,480.0,500.0,20.0,green,,,,73.4139156488882,76.50687456130981,73.38422918062261,1.0425519953749374,81,0.1248972986788023,0.0,40.0,,,
8C0T,True,CR2,1.28,0.1892,281,False,1274.468816322429,136.1685502217012,49.045861089931066,36.22276968491395,0.6741998473342184,0.8637448093077501,58.80858898181495,267,,,,,,7.105727767524221,7.105727767524221,cis,19.586908456025427,21.099473702280147,19.57409010648089,1.077928710223634,87,0.0682637337891442,0.0,311.0,,,
8C1X,True,CRO,1.89,0.2065,230,True,712.4643207740661,97.19101660920327,32.78033851702862,30.78022330767015,0.343959996383023,0.9478087958540542,49.708308929487686,172,gfp,488.0,507.0,19.0,green,-8.409312315384065,-8.409312315384065,cis,55.593378087503694,42.46272711320357,55.75037500132685,0.7616581433253671,95,0.1333400104819088,0.0,249.0,,25000.0,19.75
8C7I,True,CRO,2.12,0.2273,404,False,1063.5571221399462,121.05767607721684,44.231286726640384,32.79911222067399,0.6709125604221877,0.9119814801014722,82.27285177064982,246,,,,,,14.784948490076872,14.784948490076872,cis,85.9340099921132,72.0827355818315,86.03047344163083,0.8378744495778875,105,0.0987253038075972,0.0,16.0,0.92,,
8DHR,True,CRO,1.75,0.1806,224,True,644.1991281049576,92.35670075664738,31.234901373240497,30.34896710829112,0.236479824113671,0.9490589216411758,46.33497510559434,159,gfp,488.0,507.0,19.0,green,3.054991312258291,3.054991312258291,cis,15.113241401494186,7.1990908926183526,15.212450125821976,0.473236778630317,112,0.1738592852950154,0.0,479.0,,25000.0,19.75
8DPD,True,CRO,1.51,0.208,226,True,646.5847286569184,92.60679220569254,32.092250250178424,29.54539722330873,0.3904134751677362,0.9474354379031102,46.50091328256719,165,gfp,488.0,507.0,19.0,green,2.7287809112000905,2.7287809112000905,cis,34.91191123478314,20.14076263254339,35.08430660308514,0.5740675698795857,111,0.1716712367002055,0.0,227.0,,25000.0,19.75
8DTA,True,CRO,1.81,0.1641,234,True,757.9901806486954,100.75683316952572,32.51806125589213,31.52047675560709,0.2457937897786851,0.9382626440420594,55.89919444294583,168,gfp,488.0,507.0,19.0,green,1.1192051363712268,1.1192051363712268,cis,26.78498202833549,19.99670999700373,26.864929557612417,0.7443425434680689,114,0.1503977266597803,0.0,250.0,,25000.0,19.75
8G0I,True,CR2,2.2,0.1811,222,True,677.8307229378667,96.39743260839896,32.45286791640222,29.40012040587661,0.4234213027484692,0.9166429000130728,46.797365071522975,159,gfp,488.0,507.0,19.0,green,8.28528958685631,8.28528958685631,cis,44.08911332645266,42.78789480108964,44.10313666847303,0.9701780424991044,84,0.1239247457476191,0.0,66.0,,25000.0,19.75
8GOS,True,NRQ,1.01,0.138,214,True,602.4622556566185,91.34953709530916,30.907578115305142,28.37772990847514,0.3962377024115939,0.907250060037208,46.7923211184051,153,,,,,,-2.463894698627216,-2.463894698627216,cis,9.73019756957724,6.6613042872885,9.771766795426853,0.681688831379599,125,0.2074818776219658,0.0,684.0,,,
8GYF,True,CR2,2.0,0.1916,214,True,730.2931621811052,99.85507662541508,32.16297817143886,29.94889764913409,0.3646093256200041,0.92037920947609,46.29556991958213,168,green fluorescent,488.0,507.0,19.0,green,-155.34200000496898,-155.34200000496898,trans,15.869458591236787,9.231263210898952,15.94227944125204,0.5790428680488595,104,0.1424085632807952,0.0,625.0,,,
8I4J,True,QYG,1.62,0.1452,222,True,750.9217065309571,102.20452156371265,32.984360828004135,29.43410428323489,0.4513135140402623,0.9033671697547886,49.15036117730209,170,wild-type,395.0,509.0,114.0,green,-174.01404516047995,-174.01404516047995,trans,12.34808302264211,8.196666677792868,12.403220815822175,0.6608498550099813,155,0.2064129970567178,0.0,1340.0,,,
8IYY,True,CRO,2.3,0.1775,236,True,734.1731907861607,100.64051484592488,32.33208422156417,31.428143608875992,0.234807074815236,0.9108831871422473,54.2896196455217,164,pH sensor FP,490.0,510.0,20.0,green,-167.62130568871785,-167.62130568871785,trans,30.853321217697523,25.528181769631125,30.9149158905984,0.8257561450262446,102,0.1389317960395384,0.0,131.0,,,
8IYZ,True,CRF,1.99,0.1612,224,True,638.4736884955842,92.7658097813504,31.3443258934487,28.53582866072075,0.4137323903343482,0.9323457353912444,47.286453629862095,158,s65t,489.0,509.0,20.0,green,-0.509557029419632,-0.509557029419632,cis,21.02421081059621,16.47166669368744,21.084676255425105,0.7812150632120455,117,0.1832495247778862,0.0,185.0,0.56,,
8IZ0,True,GYS,2.1,0.17341,227,True,707.0404721109055,97.40708482292624,32.21512728433768,30.998515683947588,0.2722209432941302,0.93642510009753,53.80866244868942,167,mturquoise,434.0,474.0,40.0,cyan,-172.24671384789056,-172.24671384789056,trans,31.227780823099184,22.03333346048991,31.33428021339968,0.7031702439128522,104,0.1470920040680312,0.0,135.0,0.56,30000.0,25.2
8IZ1,True,CRO,1.66,0.17281,227,True,717.9132316896396,97.54557301356547,32.919161986894935,29.72365782561455,0.4297902629582167,0.9481273909082606,53.16790039176591,170,,,,,,5.451655407300699,5.451655407300699,cis,30.067405252614503,23.393181800842285,30.14673151730332,0.7759773820725906,122,0.1699369709524196,0.0,201.0,,,
8IZ2,True,CRO,1.572,0.1595,230,True,661.908045057617,94.61614050092793,32.60339715836592,29.328921986851167,0.4367839465762424,0.9291312480461964,49.47914626164094,158,,,,,,0.6533383237309407,0.6533383237309407,cis,18.364008523153863,12.508181832053443,18.43360775989304,0.6785531077246935,120,0.1812940647813918,0.0,252.0,,,
8IZ3,True,CRO,2.18,0.1701,226,True,699.9799306766456,97.1352950351207,32.06328683171263,28.74218239676745,0.443204894904485,0.932269175970842,53.16007817285857,160,,,,,,3.3627652235809484,3.3627652235809484,cis,26.002497262985777,23.316363421353422,26.0349670127198,0.8955787579819805,109,0.155718750242787,0.0,131.0,,,
8J2H,True,CR2,1.7,0.145,214,True,756.5797959421313,100.83678045163629,33.39082411486715,30.51114027694743,0.406258416081616,0.9350324036624555,45.89928712151902,176,green fluorescent,488.0,507.0,19.0,green,-174.4735516158472,-174.4735516158472,trans,18.174993298125507,13.900105175219084,18.220752663948165,0.7628721728231362,95,0.1255650765583836,1.0,533.0,,,
8J2I,True,CR2,1.75,0.1523,214,True,725.3764664279356,100.29098654680244,33.54422694117105,29.06962891954476,0.4989929963795821,0.9062531283075104,46.28130186385493,170,green fluorescent,488.0,507.0,19.0,green,10.539144892358935,10.539144892358935,cis,23.62842120687053,17.502421278702585,23.695856895535183,0.738627911025257,92,0.1268306931062258,0.0,575.0,,,
8J2J,True,CR2,1.9,0.1599,214,True,735.2901275788253,101.3143145812696,32.15606889454297,29.812148456685915,0.3747943056648642,0.9001750627166194,46.22295004410651,160,green fluorescent,488.0,507.0,19.0,green,10.238954023032488,10.238954023032488,cis,20.228478141429097,14.88184216147975,20.28757417611149,0.7335446826857711,96,0.1305607084867442,0.0,562.0,,,
8J2K,True,CR2,1.7,0.1527,214,True,752.3953224498636,100.94702033091228,31.92935859151796,30.767083977350232,0.2673533507355033,0.9278311357531756,45.92335559769775,169,green fluorescent,488.0,507.0,19.0,green,-2.771667847687556,-2.771667847687556,cis,21.364677152906147,16.421842123332777,21.4189312635716,0.76669754999692,94,0.1249343226828257,1.0,609.0,,,
8J2L,True,CR2,1.7,0.1464,214,True,755.2917148211184,101.3266823007226,33.093664911248034,29.57911335069323,0.4484660464384379,0.9244361897062936,45.97011567053551,173,green fluorescent,488.0,507.0,19.0,green,-156.38176579088295,-156.38176579088295,trans,19.09269337786045,14.09857890480443,19.14685329509108,0.7363392139437899,91,0.1204832493383728,0.0,519.0,,,
8J3J,True,CR2,1.7,0.1677,214,True,725.3066436594545,100.15680603046488,33.28525097036132,29.29694663862741,0.4746436925718271,0.9085955101566868,46.00572523510566,176,green fluorescent,488.0,507.0,19.0,green,9.790389459305942,9.790389459305942,cis,25.16330917998171,18.149789408633584,25.240158589241,0.7190838102091088,94,0.1296003570651626,0.0,556.0,,,
8JKC,True,CRO,1.95,0.2011,224,True,709.2972545726263,97.89598118526423,33.255635652965275,29.58120921234858,0.4569163622738371,0.9300545371755607,46.90696371188859,165,green fluorescent,488.0,507.0,19.0,green,9.386443398410508,9.386443398410508,cis,31.55314334981271,22.253181977705523,31.66776472246613,0.7027076957508908,102,0.1438043067873682,0.0,568.0,,,
8JKG,True,CRO,2.2,0.1867,224,True,717.5458025942754,98.12368162769324,32.73721095109027,29.90596999351695,0.4068025255880497,0.936508714444624,46.96671513519861,163,green fluorescent,488.0,507.0,19.0,green,9.415252340622796,9.415252340622796,cis,29.96999999628452,22.253181977705523,30.06510923797009,0.7401663437031967,110,0.1533003183940269,0.0,522.0,,,
8JKI,True,CRO,2.1,0.2079,224,True,688.6909995935961,95.93093167531067,32.298770147981294,29.674520142746324,0.3948379557359556,0.9404093677756864,47.41602160916855,161,green fluorescent,488.0,507.0,19.0,green,9.38971660731456,9.38971660731456,cis,37.73305481075251,22.253181977705523,37.92384315939511,0.5867860460284761,105,0.1524631511983772,0.0,341.0,,,
8JL2,True,CRO,1.76,0.1906,224,True,698.9357274285715,96.5583386791726,32.14563840832188,29.96184639935201,0.3622893369746137,0.942036076378362,47.23048279687954,161,green fluorescent,488.0,507.0,19.0,green,9.356332178389978,9.356332178389978,cis,23.662933020282992,22.253181977705523,23.68030810316069,0.9397336335643076,106,0.1516591523944278,0.0,811.0,,,
8JL5,True,CRO,1.8,0.1853,225,True,695.6241747413036,96.60164257369767,32.653943771736,29.92918141148597,0.3999054274404577,0.936732327503208,48.233793944978274,159,green fluorescent,488.0,507.0,19.0,green,6.912645801641481,6.912645801641481,cis,21.5266336812438,22.253181977705523,21.51773386914905,1.034178697116935,100,0.1437557859992274,0.0,882.0,,,
8JL6,True,CRO,2.88,0.1935,222,True,682.8228001485312,95.31635869813384,32.77449540147724,29.175157713139946,0.4556115471279786,0.9444587452712148,47.88939060726703,165,green fluorescent,488.0,507.0,19.0,green,9.493607641023315,9.493607641023315,cis,29.91791435184415,22.253181977705523,30.012860360983257,0.74145488667367,105,0.1537734240525651,0.0,0.0,,,
8JL7,True,CRO,1.76,0.212,222,True,668.1655259366145,93.9735564199804,32.386995008346275,28.92082736412488,0.4501031712714056,0.9507856150748528,47.28633657331805,163,green fluorescent,488.0,507.0,19.0,green,9.444318187061596,9.444318187061596,cis,29.226334798322767,22.253181977705523,29.31271394362321,0.7591648463702406,106,0.1586433239748674,0.0,263.0,,,
8JLL,True,CRO,2.69,0.2005,222,True,715.4892914895995,97.8760406964038,33.286447992122646,29.159228624698965,0.482294723219327,0.9385560564039648,47.33358913238492,165,green fluorescent,488.0,507.0,19.0,green,9.381721557870458,9.381721557870458,cis,32.019010013414835,22.253181977705523,32.13998310845177,0.6923831261085405,94,0.1313786259530152,0.0,0.0,,,
8JLM,True,CRO,1.85,0.193,224,True,700.7476911314369,96.96515097761213,33.21135074730037,29.16847069371084,0.4781684886755254,0.9365698729003774,47.246946526168514,159,green fluorescent,488.0,507.0,19.0,green,9.396167746943984,9.396167746943984,cis,20.69893193733118,22.253181977705523,20.679775914424606,1.0760842897810818,101,0.1441317627988527,0.0,138.0,,,
8JLS,True,CRO,1.45,0.1805,224,True,670.6580893099316,94.86528410881616,32.85730244832901,28.441697552681365,0.5007141822338909,0.9364754741957644,46.941935232529545,152,green fluorescent,488.0,507.0,19.0,green,9.399943524008586,9.399943524008586,cis,17.001597350528357,22.253181977705523,16.93672656905845,1.3139010001117724,107,0.1595447840047628,0.0,246.0,,,
8JLT,True,CRO,1.94,0.2013,224,True,708.5259548460085,97.7093091175967,32.75897557621349,28.963054758510605,0.4672489798570592,0.932596418056728,47.46975986396451,158,green fluorescent,488.0,507.0,19.0,green,9.363726002936788,9.363726002936788,cis,28.35815308349237,22.253181977705523,28.43356541607368,0.7826377611133374,108,0.1524291372268399,0.0,259.0,,,
8JLU,True,CRO,2.09,0.193,224,True,686.5042837955205,97.10716562661582,32.89677230765546,29.1619130617942,0.4627912258539891,0.914851405129253,46.98024997680562,155,green fluorescent,488.0,507.0,19.0,green,9.441319664884096,9.441319664884096,cis,22.812448620200488,22.253181977705523,22.8193647900346,0.9751884937403544,97,0.1412955494810751,0.0,385.0,,,
8OSI,True,CR2,2.42,0.1958,400,False,1280.5140291089429,137.45404418919807,53.32953533870756,33.29921085421253,0.7811010238708161,0.8516853176874103,75.46953706083761,292,,,,,,-172.00394190133554,-172.00394190133554,trans,67.62005943026372,52.52157893933748,67.7102988543995,0.7756808022997653,100,0.0780936387472348,0.0,49.0,,,
8OVN,True,CRO,2.6,0.1996,503,False,1413.1759485182174,141.7108269654807,51.5892424949004,36.19408026576234,0.7125887992986665,0.8843008380251458,65.4184063782996,307,,,,,,5.360016870427422,5.360016870427422,cis,49.35615190468189,48.36107808893377,49.361673121314034,0.9797293128634206,101,0.0714702228734527,1.0,19.0,,,
8OVO,True,CRO,1.7,0.1903,504,False,1410.9258290852931,142.9155756812624,52.88005102128,38.66459099724886,0.6821895446405783,0.868070348544418,76.32465936525499,307,,,,,,-5.850472734343096,-5.850472734343096,cis,30.16235036369844,25.94493302431973,30.185373485650377,0.8595200266994716,118,0.0836330284466474,1.0,731.0,,,
8OVP,True,CRO,1.7,0.1714,500,False,1412.8112483334687,142.67810357398213,52.67154604239884,37.77422250315662,0.6969027615645468,0.872126236118869,77.5490109277975,296,,,,,,-5.487182753454504,-5.487182753454504,cis,29.10240121095077,20.996133284135297,29.146952271253028,0.7203543303168374,127,0.0898916965375292,1.0,684.0,,,
8OVY,True,CRO,1.537,0.1858,225,True,670.9841328362141,95.30311274480832,31.66828102154951,31.08205829853448,0.1915203264558451,0.9283418800523624,49.80105196818263,159,gfp,488.0,507.0,19.0,green,-0.198259146716857,-0.198259146716857,cis,20.38222487988173,12.365045460787686,20.48136931339497,0.6037216199554026,112,0.1669189993011935,0.0,159.0,0.92,25000.0,19.75
8Q6W,True,OFM,1.43,0.13355,215,True,711.5419679628939,99.98288911744068,32.137215043927704,29.93449961232041,0.3638461882876449,0.8944560801799778,47.23063561990668,161,morange,548.0,562.0,14.0,orange,,,,22.111798091159244,17.85969690843062,22.19290753568528,0.8047479529085121,113,0.1588100282032736,0.0,148.0,0.45,71000.0,48.99
8Q79,True,CR2,1.45,0.1228,215,True,701.9706548738025,98.05323507404682,31.990237942837343,29.90365578480386,0.355241893961939,0.9174976645551096,46.6106006288376,162,,,,,,-164.3974430142854,-164.3974430142854,trans,21.893684341434973,13.364894816749974,21.98617692189674,0.607877161374038,99,0.1410315364504771,0.0,677.0,0.93,,
8QBJ,True,CR2,1.8,0.1986,216,True,699.3374805620648,97.6174572766182,31.65968838166337,29.95808968159581,0.3234260177603167,0.9222351833227004,46.12280139506348,166,,,,,,-166.2299441727794,-166.2299441727794,trans,18.68292327820582,12.06821060180664,18.75461725473268,0.6434794396436567,102,0.1458523285753561,0.0,655.0,0.93,,
8QDD,True,CR2,1.6,0.1855,214,True,709.5383536313357,98.3881484616826,31.45571492822834,29.571344614758395,0.3409139628174107,0.9210859640905218,46.65659912252816,154,mBaoJin,498.0,516.0,18.0,green,-151.57082218150677,-151.57082218150677,trans,13.28433164824317,6.798947359386244,13.354824955730743,0.5091004473606912,96,0.1352992400039871,1.0,791.0,0.93,,
8QWJ,True,CRO,1.5,0.2379,225,True,653.3289612030483,94.44747373909352,31.21651778305772,31.06869495947248,0.0972027981853128,0.9203670928382344,49.67848702794485,157,gfp,488.0,507.0,19.0,green,11.927586300517785,11.927586300517785,cis,37.14266983659184,28.94001501256769,37.24410795133525,0.7770360630030919,108,0.1653072286909299,0.0,170.0,,25000.0,19.75
8RZZ,True,CRO,2.299,0.2267,230,True,707.1045701828622,99.21886450470944,33.194570284001806,29.24251731585714,0.4732227837165288,0.9026201058602292,49.17980703101287,172,gfp,488.0,507.0,19.0,green,-152.9303509458203,,trans,46.44807507098531,40.40571412586031,46.51787131952637,0.8686062577609733,119,0.1682919401429208,0.0,647.0,,25000.0,19.75
8S0G,True,CRO,2.378,0.2198,230,True,660.3953529845232,94.61054791651478,31.90462008228581,29.67270504664304,0.3674478082811433,0.9271174543592716,49.08063496315485,170,gfp,488.0,507.0,19.0,green,-169.42410046700556,,trans,52.554529560473085,48.99380947294689,52.59591036945928,0.9315136695760284,128,0.1938232899755122,0.0,371.0,,25000.0,19.75
8S1L,True,CRO,2.398,0.2676,230,True,682.8765730810449,96.58053235878822,32.70650701221543,30.568640171832936,0.3556089990940349,0.9199683536230632,49.16698970431536,165,gfp,488.0,507.0,19.0,green,-161.62125492889308,,trans,89.49423956714521,77.91476149786087,89.62881014791719,0.8693048738377284,112,0.1640120695525861,0.0,93.0,,25000.0,19.75
8S1V,True,CRO,1.943,0.2039,229,True,732.5510949134475,99.79210170331214,34.37651391162042,29.318536740271192,0.5221309566486425,0.924390443865976,50.01592255226717,173,gfp,488.0,507.0,19.0,green,-163.28125094496968,-163.28125094496968,trans,56.15355473364185,45.455714089529856,56.27726324329292,0.8077101029774619,119,0.1624460066011642,0.0,123.0,,25000.0,19.75
8SFS,True,CR2,2.37,0.1902,225,True,693.8255228520765,97.13917759778748,31.95432229666781,30.456835545654627,0.3025401395584569,0.9239985527943384,46.9869981910734,160,gfp,488.0,507.0,19.0,green,-175.5908550949338,-175.5908550949338,trans,55.97810394557027,46.68052633185136,56.07679331688907,0.8324392956647938,108,0.1556587303909625,0.0,193.0,,25000.0,19.75
8SFV,True,CR2,1.83,0.1827,227,True,651.5024360106564,93.7079038925811,31.86416587056563,29.50704784554493,0.3774595922760063,0.9323381622079012,48.16643486229432,158,gfp,488.0,507.0,19.0,green,-6.594190983162548,-6.594190983162548,cis,43.081582652255975,32.82052642420719,43.18947422299915,0.7599195640758618,101,0.1550262814341157,0.0,170.0,,25000.0,19.75
8SFX,True,CR2,1.95,0.2101,227,True,640.3475128676996,93.8472666689859,31.532227249458145,29.69114684541237,0.3366978631505408,0.9136552092432026,48.01605257710439,153,gfp,488.0,507.0,19.0,green,-2.63672727720211,-2.63672727720211,cis,47.10494224942602,36.4863156770405,47.21702775213453,0.7727363922306836,106,0.1655351162766214,0.0,146.0,,25000.0,19.75
8SFZ,True,CR2,1.9,0.2066,227,True,671.1850457107195,95.06429853974176,31.88382225779001,30.113576674400328,0.3285739396129065,0.9332913479502408,47.40962258499053,158,gfp,488.0,507.0,19.0,green,-172.41704749200647,-172.41704749200647,trans,41.36307185789498,35.9463159661544,41.42053604658458,0.8678380194241458,97,0.1445205023858755,0.0,406.0,,25000.0,19.75
8SG3,True,CR2,3.11,0.2732,226,True,682.8346369518142,96.69416688506296,32.73620128455207,30.216053772603427,0.3847603796788353,0.9177509758243984,48.144253294031685,155,gfp,488.0,507.0,19.0,green,-1.6015921611106705,-1.6015921611106705,cis,74.18814427001885,63.69105208547492,74.29913188910976,0.8572247140186344,88,0.1288745403906772,0.0,6.0,,25000.0,19.75
8SLC,True,CR2,2.97,0.2197,228,True,666.7108731871784,94.82188033365014,31.62466885287177,30.30312742072561,0.2860600550859265,0.9318162408111782,49.20112801845301,155,gfp,488.0,507.0,19.0,green,0.6027243553601975,0.6027243553601975,cis,68.12026207099386,56.5099983215332,68.24200324717474,0.8280823485918514,101,0.151489954734313,0.0,9.0,,25000.0,19.75
8SMU,True,CRO,2.45,0.2087,394,False,1356.2178584977312,139.81956478007604,48.93002972579847,38.53683718104652,0.6161987203255742,0.8717730335727111,68.166685414085,280,gfp,488.0,507.0,19.0,green,-1.1402077140639235,-1.1402077140639235,cis,68.96681725579892,56.790909160267226,69.05713080202335,0.822375741660603,113,0.0833199469332817,0.0,76.0,,25000.0,19.75
8SXC,True,NRQ,1.5,0.16089,229,True,738.3207755516496,102.33051283974854,32.86009682925506,29.522267842145585,0.4391310221821492,0.8860222985130533,48.649093366006994,167,,,,,,-172.71374338102228,-172.71374338102228,trans,31.36669556007096,31.005217344864555,31.37125617386676,0.9883320314948968,115,0.1557588568655347,0.0,121.0,0.44,,
8U20,True,C12,1.9,0.1733,210,True,681.8382112448619,95.81580950503168,32.96876515529533,27.251460917101465,0.5628130532608506,0.9332905187903124,47.87890131363597,163,gfp,488.0,507.0,19.0,green,,,,29.983358545825144,24.50954541293057,30.054363197313165,0.8155070613880685,122,0.1789280770540261,0.0,556.0,,25000.0,19.75
8U21,True,C12,1.96,0.1774,210,True,693.3640803313351,97.69378293336582,32.249157115061244,29.24483373848666,0.421474505568515,0.9129297286311496,47.76632029051615,161,gfp,488.0,507.0,19.0,green,,,,39.58683996206194,39.66545469110663,39.5858049386993,1.002012078636033,118,0.170184760571404,0.0,214.0,,25000.0,19.75
8U22,True,C12,1.8,0.18,211,True,649.9172697570607,93.60660983446198,32.09497899759277,28.38793166496505,0.4665447548696785,0.932083688967994,47.08206747807665,171,gfp,488.0,507.0,19.0,green,,,,26.111848228914297,19.14454564181241,26.20180166607172,0.7306576046105397,124,0.1907935144520028,0.0,267.0,,25000.0,19.75
8U23,True,C12,1.78,0.1648,211,True,619.541766361732,91.8062911303371,31.206155350638223,28.288808285433262,0.4221763344227838,0.9237098359792932,47.42521015526832,162,gfp,488.0,507.0,19.0,green,,,,30.136753096886785,22.83909086747603,30.232602988855163,0.7554457310836037,111,0.1791646762604063,0.0,1764.0,,25000.0,19.75
8U24,True,C12,1.85,0.1679,211,True,690.5626840983304,96.57470975585406,32.89708538582304,28.23933474392494,0.5129566891321214,0.9304352329311678,47.88775201850356,170,gfp,488.0,507.0,19.0,green,,,,31.70928818158523,23.033636353232644,31.820255821250207,0.723867101591632,115,0.1665308633786892,0.0,246.0,,25000.0,19.75
8UL0,True,A1BE5,1.75,0.1721,219,True,713.0512903581366,98.7930423707111,35.65937615842479,28.028740031134745,0.6182097250226853,0.9180744778769836,50.11147900570851,190,,,,,,,,,27.1078259551312,22.84939994812012,27.153080216629725,0.841503054748321,109,0.1528641788801107,0.0,142.0,0.83,,
8UL1,True,PIA,1.75,0.1872,217,True,722.221929745676,100.71578906620417,33.28857989602578,28.97927434090157,0.4920852259827192,0.8947164374807226,46.553196513579785,158,,,,,,12.064479422284052,12.064479422284052,cis,26.966721767438585,18.598999881744383,27.06323528399792,0.6872422933388784,100,0.1384615945339878,0.0,346.0,0.83,,
8UL2,True,PIA,1.7,0.1904,217,True,687.9650050011186,97.41836303703118,32.75310545327435,28.915717272670147,0.4696758306892691,0.9109500333252716,46.49594790612045,157,,,,,,11.201616263295792,11.201616263295792,cis,25.82913342033308,14.190499973297118,25.96337371383984,0.5465583991395093,100,0.1453562307283891,0.0,346.0,0.83,,
8UL3,True,PIA,1.75,0.1649,217,True,724.7932396236945,100.36652708221293,33.81813952333775,28.75963335534715,0.5261038521354786,0.9041619036007732,46.53831168672018,161,,,,,,11.381734412283182,11.381734412283182,cis,24.024737715313343,14.050500059127808,24.13978082553464,0.5820475405586715,103,0.1421094932583485,0.0,346.0,0.83,,
8UL4,True,PIA,1.75,0.1689,217,True,715.2102676339182,99.6350388168818,33.73185977508516,28.35648355323412,0.5415881864756051,0.9053560664102044,46.61256351036752,158,,,,,,10.859774426937138,10.859774426937138,cis,25.04206385715793,14.74350004196167,25.16084775352698,0.5859699238430854,103,0.1440135924512772,0.0,346.0,0.83,,
8UL5,True,PIA,1.75,0.1734,217,True,715.3271419540542,99.7236694736803,33.620326828147995,28.483338730956177,0.5312647071850762,0.9038951721905272,46.56755323173278,160,,,,,,8.266531913255198,8.266531913255198,cis,25.10694982850565,16.159499883651733,25.21014994320985,0.6409918195668711,104,0.1453880244441779,0.0,346.0,0.83,,
8UQQ,True,CR2,1.57,0.1788,223,True,669.3787480076054,95.93541333991256,31.857436616714743,30.77913185264932,0.2579727972068548,0.913953040127506,46.32813589530015,161,yellow fluorescent,514.0,527.0,13.0,yellow,2.8656979863572163,2.8656979863572163,cis,27.269337395517223,18.8310526797646,27.359561036259656,0.6882805120596702,118,0.1762828598177414,0.0,146.0,,,
8XC6,True,CRQ,3.0,0.19562,222,True,666.3428322682515,94.32096826793736,34.691823462221386,27.88308060882996,0.5949855723400512,0.9412198844298318,51.797979056452405,170,red fluorescent,558.0,583.0,25.0,red,22.77387646254576,22.77387646254576,cis,52.58721791220977,71.1066665649414,52.33807734737482,1.3586029554161294,112,0.1680816459280406,0.0,0.0,0.22,,
8XLD,True,CR2,2.1,0.1623,213,True,721.1602082018343,99.78431472198578,32.044775096188474,30.007932537639245,0.3508341580570777,0.9101585668595518,45.57579314131053,164,gfp,488.0,507.0,19.0,green,-157.98337149929938,-157.98337149929938,trans,35.89831125548997,28.77463190179122,35.9779288482666,0.7997856692403117,98,0.1358921344875039,0.0,247.0,,25000.0,19.75
8YDO,True,GYC,2.0,0.16152,217,True,714.448289584683,98.90157371481412,35.466088073079185,27.726651848411283,0.6235552896372321,0.9178553858564698,46.863219395910335,167,keima,440.0,620.0,180.0,red,23.866827878685285,23.866827878685285,cis,30.741730878104967,44.86047563098726,30.56915017972864,1.4675081043219724,104,0.1455668681920372,0.0,527.0,0.15,,
8YQ4,True,CR2,1.9,0.17018,213,True,663.6697056384753,95.61128147394336,32.70456663955108,28.54897206335215,0.4878359240014961,0.912312404408226,46.545854163129874,161,,,,,,-167.42493822477434,-167.42493822477434,trans,19.987905083431137,10.761052633586685,20.09048565484544,0.5356292933113502,99,0.149170587656639,0.0,297.0,,,
8ZUP,True,GYS,1.2,0.139,227,True,680.6352958389296,96.01312947195495,33.06941045188991,29.217532876709893,0.4683907335308477,0.9278186112463278,48.3224452957968,172,gfp,488.0,507.0,19.0,green,0.6243297597241372,0.6243297597241372,cis,10.328035864774876,6.623084340776716,10.367570408476077,0.6388270423861283,116,0.170429010527616,0.0,493.0,,25000.0,19.75
8ZUQ,True,GYS,1.48,0.156,227,True,691.513543851061,96.06279564860316,34.27284190347274,30.11303562918,0.4775092015392828,0.9416729854748878,48.17618501860076,185,gfp,488.0,507.0,19.0,green,4.684461865926705,4.684461865926705,cis,14.429701474978945,8.663333733876547,14.488973977457237,0.5979259640714002,121,0.1749784961927819,0.0,449.0,,25000.0,19.75
8ZUR,True,GYS,1.2,0.1287,227,True,688.8489210040991,95.37299950121866,35.20830825285959,30.19723306591361,0.5141946738760104,0.9516625155511786,47.466717329164624,198,gfp,488.0,507.0,19.0,green,1.553031541697379,1.553031541697379,cis,13.853206975186534,9.963662510826474,13.893844006903729,0.7171278521534874,117,0.169848563933954,0.0,406.0,,25000.0,19.75
8ZUS,True,GYS,1.2,0.1327,227,True,676.7747063339687,95.7964549965978,34.59241286047953,28.733305283202043,0.5568329704173021,0.9267340219610268,48.45572241197737,188,gfp,488.0,507.0,19.0,green,7.50601969771493,7.50601969771493,cis,11.810292727745656,6.579634280431838,11.86421704163549,0.5545780439907421,118,0.1743563979203596,0.0,519.0,0.79,25000.0,19.75
8ZUT,True,GYS,1.48,0.161,227,True,685.9384399168441,96.0364413234845,32.618243369716495,29.386180857422893,0.4340009166262943,0.9345937835627504,48.35384124925209,166,gfp,488.0,507.0,19.0,green,8.978751205789557,8.978751205789557,cis,16.4610634832488,9.959739094688778,16.533995006838417,0.6023794667029629,117,0.1705692423567686,0.0,402.0,0.79,25000.0,19.75
8ZXH,True,NRQ,1.46,0.1852,214,True,655.9234077776518,95.6244124756094,33.79378688887302,26.877423101996843,0.6061685238849311,0.9014163562515748,46.59930850663463,158,mscarlet,569.0,594.0,25.0,red,-120.450619263477,-120.450619263477,twisted,21.87398633055372,27.644347895746645,21.797403343825827,1.2682404165162626,135,0.2058167133528538,0.0,178.0,0.18,100000.0,70.0
8ZXO,True,NRQ,1.816,0.1838,216,True,706.0297894519427,98.3266233183467,34.46218099852959,27.51283088555182,0.6021956949400413,0.917678674381774,46.431454340390985,162,mscarlet,569.0,594.0,25.0,red,-156.60474681116088,-156.60474681116088,trans,14.092451654603456,15.13652171259341,14.078610956428374,1.0751431202580386,114,0.1614662747991027,0.0,173.0,0.2,100000.0,70.0
9BCF,True,CRO,3.2,0.19881,340,False,695.6375506502435,97.77395134416103,34.22556111495452,28.67023369036896,0.5461539239484964,0.914421750928877,74.83555936767284,165,gfp,488.0,507.0,19.0,green,-1.5491440910661365,-1.5491440910661365,cis,94.84606270638608,75.05909035422586,95.01208612047743,0.7899951829186159,111,0.1595658542242915,0.0,27.0,0.45,25000.0,19.75
9C74,True,QCA,1.51,0.1699,224,True,661.8358915367189,93.60172006841808,31.75992820029862,30.051264473758977,0.3235805059666951,0.9492760419259286,45.99562286012387,169,superfolder,485.0,510.0,25.0,green,,,,24.928407597397943,18.59670909881592,25.016445674408263,0.7433793489632416,131,0.1979342638789665,0.0,347.0,0.92,,
9CJM,True,NRQ,3.0,0.27821,219,True,685.7355729050712,96.76940998302275,32.83260704928306,28.70330922562308,0.4855087603138121,0.9202172225073716,49.20528202037873,173,mruby,558.0,605.0,47.0,red,3.845760995249981,3.845760995249981,cis,5.521731525575516,9.880869554436725,5.464439997196197,1.8082126548203648,135,0.1968688884376843,0.0,22.0,0.45,112000.0,39.2
9F22,True,CRO,2.2,0.1741,228,True,667.9097900135554,95.98202137871534,33.91593294506291,29.067917068961776,0.5152201632002756,0.9110619090815608,51.44439044915225,170,gfp,488.0,507.0,19.0,green,-159.27179514494745,-159.27179514494745,trans,59.46740800271303,47.413181651722304,59.612639645496046,0.7953545075956814,94,0.1407375687637281,0.0,156.0,0.14,25000.0,19.75
9F23,True,CRO,1.59,0.17363,227,True,737.6380735307954,99.24656967084142,33.133344669341675,29.459048065246776,0.4577017830652273,0.9410705423419145,48.86467999266556,191,gfp,488.0,507.0,19.0,green,179.2435807971049,179.2435807971049,trans,15.695121947659256,9.978181795640426,15.75841972488342,0.6331968541162997,122,0.1653927642536562,0.0,744.0,,25000.0,19.75
9F24,True,CRO,2.06,0.18222,231,True,671.638872364809,95.60874229471273,31.651709387570893,30.067160274945795,0.3124385866408046,0.9233162465178748,48.26627043263287,154,gfp,488.0,507.0,19.0,green,4.285926055030401,4.285926055030401,cis,55.115998920641445,41.76681813326749,55.27560869092527,0.7556102795141983,116,0.1727118616460798,0.0,261.0,0.14,25000.0,19.75
9FEL,True,NRQ,1.5,0.18913,214,True,675.0171922824211,96.2146451256347,32.13799174387943,28.91149477146543,0.4367047380485727,0.9163098044076992,47.473538191808046,155,mcherry,587.0,610.0,23.0,red,11.31027938201048,11.31027938201048,cis,22.61275410530311,29.202608937802523,22.52554659025853,1.296421768092925,113,0.1674031436412982,0.0,366.0,,72000.0,15.84
9FEM,True,CR2,2.32,0.23001,214,True,664.3501353342767,93.96944937665415,31.7818428584112,31.05832582259404,0.2121602291344164,0.9454390313740876,48.99642543074927,167,mneongreen,506.0,517.0,11.0,green,8.467404246091803,8.467404246091803,cis,54.15785791377111,47.34631528352436,54.23403172776445,0.8730001029830499,94,0.1414916547773451,0.0,21.0,0.8,116000.0,92.8
9FEN,True,CRF,1.6,0.17044,228,True,673.9237139924517,95.97909672507568,32.77034799688124,28.92998059853667,0.4697308375476126,0.9193212222652466,49.39389106105417,173,morange,548.0,562.0,14.0,orange,-7.687299942616921,-7.687299942616921,cis,37.61262575213148,33.037856919424875,37.68145623430009,0.8767669888870082,104,0.1543201371916182,0.0,218.0,0.76,71000.0,48.99
9FEO,True,OFM,1.9,0.20353,212,True,671.7944781435642,98.28331039524264,31.935248045973445,29.787399186517025,0.3605403177776088,0.8739503120336144,46.50428374297989,159,morange,548.0,562.0,14.0,orange,,,,23.33062140165182,18.24939398332076,23.42896773878081,0.7789243720334055,115,0.1711833064150673,0.0,231.0,0.45,71000.0,48.99
9FEQ,True,CRF,1.6,0.17745,225,True,643.7778748487542,94.60276646905484,32.48742530510857,28.067724590554807,0.5035663235213638,0.9039371546196144,46.626892882253,163,morange,548.0,562.0,14.0,orange,3.618304648256506,3.618304648256506,cis,20.255070278580124,15.143928630011422,20.333616912037822,0.7447729882747017,145,0.2252329656934319,0.0,188.0,,71000.0,48.99
9FER,True,CH6,1.65,0.2092,217,True,669.1171069971665,96.30708603496356,32.24188993188101,28.270004310277056,0.4808374107252856,0.9065578278101596,46.556989401397786,159,cfp,439.0,476.0,37.0,cyan,2.937664818985767,2.937664818985767,cis,18.81617376143145,16.443043501480766,18.84799999815382,0.8724025627701283,112,0.1673847504850511,0.0,329.0,,,
9FES,True,CH6,1.66,0.19711,219,True,691.2732118256035,99.073610424965,32.61357545095424,28.34136110212333,0.4948032522357287,0.88500069536842,46.83521777313652,151,mcherry,587.0,610.0,23.0,red,3.436437778883173,3.436437778883173,cis,32.2340402285258,30.37652148371157,32.25892254135674,0.9416471193285554,122,0.1764859362592782,0.0,92.0,,72000.0,15.84
9FGI,True,CRF,1.77,0.19874,229,True,723.9633165904612,99.984672561783,32.331106908388286,29.605333098351903,0.401880980522189,0.9100380844183608,51.35443078573349,158,morange,548.0,562.0,14.0,orange,-10.88729941002749,-10.88729941002749,cis,45.01542759359928,36.89541649818421,45.12369440820482,0.817650615315654,98,0.1353659747037122,0.0,171.0,0.76,71000.0,48.99
9G7Q,True,A1IJF,1.65,0.1544,214,True,717.3334706295634,99.66848632185058,31.98772436964209,29.402700550296338,0.3938213432539893,0.907434390024268,46.441698937272726,166,,,,,,,,,19.506896583764537,14.592749977111817,19.559850749784506,0.7460563050192287,105,0.1463754366680358,0.0,339.0,0.93,,
9GA0,False,,1.59,0.1989,224,True,681.2302140459484,98.11004484401774,36.1584448933918,29.460913732846464,0.5797805181022322,0.8893584120234717,50.23467644627023,154,,,,,,,,,16.850174598985205,,16.850174598985205,,0,0.0,0.0,475.0,,,
9GVR,True,5SQ,1.86,0.1678,217,True,678.934670409955,96.07490986746264,33.84058824228655,28.36070586031759,0.5455661608263254,0.9243104849365288,53.31014118153514,173,eos,506.0,516.0,10.0,green,,,,12.793427942621657,8.32679998397827,12.85522412356581,0.6477366636271888,140,0.2062054069435945,0.0,240.0,0.68,,
9H25,True,QYX,1.9,0.1557,218,True,647.1730347751525,92.6081232904056,31.552811089838304,28.18403267763623,0.4495927525049145,0.9482702180186514,46.753012270009606,169,,,,,,,,,21.564651914459567,23.569130441416863,21.538852806390167,1.094261177848077,196,0.3028556343792913,0.0,214.0,,,
9H26,False,,1.65,0.1503,219,True,647.6352353766723,95.80692595630018,34.48449778803395,28.457239525668925,0.5648138764269189,0.8866383696991494,47.00150645719213,142,,,,,,,,,19.62662485771637,,19.62662485771637,,0,0.0,0.0,244.0,,,
9H27,False,,1.7,0.1558,218,True,626.8300123730882,93.92173697883442,33.298038572609165,28.627122622403046,0.5107589048377701,0.8929505613290752,46.84948142362444,144,,,,,,,,,23.12720400018782,,23.12720400018782,,0,0.0,0.0,220.0,,,
9IRJ,True,CRO,2.8,0.1783,215,True,729.24975869709,101.97192407631226,33.12511292598063,30.20979615009533,0.4102107941686999,0.8813023541489035,46.92720975327358,164,morange,548.0,562.0,14.0,orange,3.347076678702761,3.347076678702761,cis,59.066130680398274,79.25172684409402,58.80719008821092,1.3476536920947293,84,0.1151868739045977,0.0,18.0,,71000.0,48.99
9J0Q,True,5SQ,1.34,0.1447,218,True,685.9722222267277,96.80276614876792,33.00182160437866,28.89738891289772,0.4829822959381614,0.9199005081629792,50.061022663186606,171,green fluorescent,488.0,507.0,19.0,green,,,,15.23821911517154,9.951999969482422,15.313521382204147,0.6498831797791229,150,0.2186677465059539,1.0,245.0,0.84,,
9J0R,True,5SQ,1.66,0.1608,214,True,673.0171722006006,96.11649118704356,31.872596734081025,28.51267470991412,0.4469023751727864,0.915461728927286,46.28108263878481,158,green fluorescent,488.0,507.0,19.0,green,,,,28.20592527882806,18.553600044250487,28.3466297283117,0.6545257839142602,147,0.2184193896856244,0.0,466.0,,,
9J11,True,5SQ,1.85,0.1533,215,True,628.8559201812718,93.36204137965149,31.23115789559409,28.55940570204329,0.4046935893564842,0.906609654759359,46.60731356951754,162,green fluorescent,488.0,507.0,19.0,green,,,,24.68462107514384,16.366399993896483,24.804826582098283,0.6598070718102969,156,0.2480695418356433,0.0,431.0,0.84,,
9JX2,True,QYX,2.0,0.1752,214,True,610.8982063493212,90.90550295355804,30.62348832888597,28.037579524747816,0.4021859778194308,0.9289628917635836,46.73831914523397,165,,,,,,,,,30.84135118481302,33.73826076673425,30.80366514387174,1.0952677419766828,199,0.325749851500151,0.0,153.0,,,
9K8W,True,CR2,2.65,0.18064,402,False,1534.091200799205,145.87986400007807,50.94747365998413,39.08115069079449,0.6415429485674586,0.905879315852389,70.59859918703928,299,gcamp,488.0,507.0,19.0,green,-2.940016907343907,-2.940016907343907,cis,54.70196106239241,39.51684228997482,54.794523544482864,0.7211823323528777,84,0.0547555451437562,0.0,90.0,,,
9K8X,True,CR2,2.05,0.21057,397,False,1483.1763205160137,142.5916359553208,50.33003004958055,37.95814558842739,0.6566621880870817,0.9166732197296812,71.76728159608274,289,gcamp,488.0,507.0,19.0,green,-177.8628146295491,-177.8628146295491,trans,35.20031834438097,22.890526119031403,35.27523379994844,0.6489121021521015,102,0.0687713244804994,0.0,286.0,,,
9LPU,True,CRQ,2.2,0.2312,221,True,703.2909100792082,97.73068746177825,32.35499543831602,26.84369387413174,0.558266785978435,0.9253008494366392,47.78454620187875,181,keima,440.0,620.0,180.0,red,152.9858626255091,-7.574302296602066,trans,27.262649665650667,31.81999985376994,27.138075173036928,1.1725223565370897,253,0.3597373382395997,0.0,314.0,0.22,,
9LSA,True,CRQ,1.62,0.1739,219,True,648.1241424147822,94.71989339169036,31.62683704435433,28.73007348668524,0.4180846897786158,0.9077905593677116,45.70589096444984,154,mrfp,584.0,607.0,23.0,red,14.832665147040478,14.832665147040478,cis,24.1902263789239,24.81166656812032,24.18166954327232,1.0260526686844615,112,0.1728064003027416,0.0,299.0,,50000.0,12.5
9LSC,True,CRQ,1.38,0.1927,219,True,719.3341032980514,100.04690111095115,34.1488406003563,27.456616530295936,0.5945917317310291,0.9030945723293834,45.78349633477589,158,mrfp,584.0,607.0,23.0,red,15.761444547154534,15.761444547154534,cis,19.17409735368211,22.82916673024496,19.123769376035813,1.1937587345543086,114,0.158479904507968,0.0,476.0,,50000.0,12.5
9LSF,True,CRQ,1.62,0.1753,219,True,643.4193628748202,94.43627774466388,32.04318744121282,28.62482232716096,0.4494210267369103,0.9066220319805096,45.7085153527925,157,mrfp,584.0,607.0,23.0,red,16.98383609042679,16.98383609042679,cis,23.815823433557068,24.605833292007446,23.80494550091059,1.0336437565490844,114,0.1771783794174984,0.0,296.0,,50000.0,12.5
9LSW,True,CRQ,3.16,0.1855,212,True,701.5946979792537,100.29463466,32.68018144263373,28.59349025509715,0.4842151843379438,0.8764774780483934,46.20497035224045,154,mrfp,584.0,607.0,23.0,red,16.485038895461347,16.485038895461347,cis,57.97958312617193,54.55875015258789,58.0277921639676,0.9402175770951732,105,0.1496590557232302,0.0,0.0,,50000.0,12.5
9LYL,True,BF6,2.33,0.2324,224,True,723.3787407233305,98.52172682741931,32.112806309850264,30.064276652279048,0.3514455427591498,0.936508179044302,46.3712095370209,187,,,,,,,,,19.66734716491408,15.26653843659621,19.730703215266384,0.7737452776028741,143,0.1976834429181725,0.0,115.0,,,
9MUS,True,SWG,2.0,0.1859,225,True,672.2113771558876,95.72996156303566,32.45118670585287,28.76981079789623,0.4626203155955693,0.9217644479466484,47.622077654662135,164,,,,,,,,unknown,32.43689727992687,25.569565233976945,32.524744130347806,0.7861573063112524,121,0.1800029040150264,0.0,282.0,,,
9MUT,True,SWG,2.2,0.1985,225,True,673.514312108439,95.70351585686576,32.11014147726719,29.03002987704773,0.4273702952904744,0.9240615663972211,47.79843976415427,164,,,,,,,,unknown,35.503922869679684,28.24913041487984,35.597036835338386,0.7935809529751636,112,0.1662919376566529,1.0,208.0,,,
9MUU,True,SWG,2.15,0.2092,233,True,686.3533297821934,95.84397189934651,31.763844575731213,30.910679348722024,0.2302125697730414,0.9389187300627893,48.13909522243029,174,,,,,,,,unknown,43.15323281860351,31.366304065870203,43.299614763156896,0.7244014580138806,105,0.1529824296668314,1.0,273.0,,,
9MUV,True,SWG,2.2,0.1887,227,True,679.1361437758633,95.08793798473366,32.772733527231026,28.633468316623787,0.4864688964160794,0.943877968220871,47.15246835177567,162,,,,,,,,unknown,34.88797674173869,28.57336052604344,34.96830648342065,0.817121656709077,113,0.1663878458474353,1.0,253.0,,,
9R6H,True,C12,2.42,0.229,459,False,1441.1688797127656,143.25735836990242,55.25511800831048,33.70930381291657,0.7923501139019397,0.8824515337770831,66.19173354217148,306,gfp,488.0,507.0,19.0,green,,,,63.85902032528674,43.546363310380414,63.98101826531621,0.6806137896993534,117,0.0811841010772581,0.0,94.0,,25000.0,19.75
9TAD,True,GYC,2.04,0.16555,217,True,669.363864034156,94.53543971422351,30.829168542991606,28.95227302789985,0.3435907219232024,0.94120197515212,46.854216044510224,147,mcherry,587.0,610.0,23.0,red,-4.709844866054446,-4.709844866054446,cis,24.52698469513997,23.43857147580101,24.54012071675268,0.955112313681502,111,0.1658290893252282,0.0,87.0,,72000.0,15.84
9U9D,True,CRO,1.8,0.1835,200,False,627.3297378176608,94.15308984390968,33.46243805196145,26.599592305440243,0.606728706069192,0.8892760282002973,47.440235500606725,140,geco,488.0,507.0,19.0,green,9.95843021380248,9.95843021380248,cis,43.19653086250211,33.09590903195468,43.335588234387,0.7637120062372411,102,0.162593918080203,0.0,174.0,,,
2ZO6,True,GYS,1.4,,215,False,666.4803792686894,94.50387215814214,31.48247788410754,28.212207573444942,0.4438035306792738,0.9377736503166116,46.059686075898185,165,Kusabira-Cyan (KCY),,,,,,,,16.671869491003037,12.645238104320708,16.722202383336565,0.7561945379229177,139,0.2085582776683101,,,0.85,,
2ZO7,True,GYS,1.58,,219,False,737.1151874614391,98.91211565075112,33.79072910294167,28.26026233471925,0.548223557311481,0.946773821609273,45.65829932946119,172,Kusabira-Cyan mutant KCY-R1,,,,,,,,21.011966537576782,20.51999973115467,21.01799765429299,0.9763061195776372,129,0.1750065691147469,,,0.75,,
3BX9,True,NRQ,1.8,,224,False,715.1560446102485,101.88626873825577,34.203278440991994,28.04302741898714,0.572516832741711,0.8657238098226455,48.01817407952464,175,mKate (pH 2.0),,,,,,,,25.06325273199396,22.06478268167247,25.101630478881766,0.8790179068342104,130,0.1817785097109099,,,0.33,,
3BXA,True,NRQ,1.75,,223,False,726.3608405488001,101.4514304009788,31.83175494158435,27.633629738921787,0.4963628013253388,0.8868413556674313,47.28363048574988,197,mKate (pH 4.2),,,,,,,,24.335857840415184,19.154565168463662,24.46645480639314,0.7828909141122699,297,0.4088876814664215,,,0.33,,
3BXB,True,NRQ,2.6,,222,False,716.293105836291,100.26562952076624,34.66438853959204,28.53717804512902,0.5676906978428043,0.8953574785295771,47.88521884736665,169,mKate (pH 7.0),,,,,,,,41.20718469437178,42.01347798886506,41.19660583197969,1.019828627635417,118,0.1647370315846219,,,0.33,,
3BXC,True,NRQ,2.6,,221,False,723.2996074385858,100.71767292355096,34.76486212687685,29.10025116206365,0.5471121713292031,0.8960179864684173,48.23375032083851,171,mKate (pH 9.0),,,,,,,,57.85885744073272,55.4082613405974,57.89115756125027,0.957110959164603,117,0.1617586941797618,,,0.33,,
3LS3,True,GYC,1.65,,224,False,665.1648007832213,95.35559486514542,33.13156371566813,29.24460788135111,0.4699722627810547,0.919277781555094,52.139076605673466,195,Padron0.9 ON state,,,,,,,,17.675658492356895,19.057618640718005,17.660384195980274,1.079116877030102,159,0.2390385056647314,,,,,
3LSA,True,GYC,1.79,,224,False,692.3463279204182,95.82178907665993,34.58027418257928,29.47312341987556,0.5230364942713142,0.9475556087788072,52.22527175795968,201,Padron0.9 OFF state,,,,,,,,16.384310254409257,15.653809638250442,16.39191963582758,0.954971106863905,148,0.2137658481479111,,,,,
3ST2,True,CR2,1.9,,236,False,717.7917550234843,98.28001096190988,33.172181474078165,30.59864102129687,0.3861912913797262,0.9338517500407852,48.46907934065102,176,Dreiklang equilibrium,,,,,,,,23.584043292417583,14.855263258281507,23.666390273871706,0.6276945105009147,118,0.1643930836125853,,,0.41,,
3ST3,False,,1.702,,236,False,712.5195615932079,97.97198925789066,34.54374795835841,31.782354975482,0.3917751562439237,0.9328306421966198,48.10595010483033,150,Dreiklang OFF state,,,,,,,,21.90291752446208,,21.90291752446208,,0,0.0,,,0.41,,
3ST4,True,CR2,2.0,,236,False,714.7090755095281,98.17580782231236,32.990125543643416,30.50512132458364,0.3807590240573341,0.931816065693066,48.07277262862797,168,Dreiklang ON state,,,,,,,,31.551753767291505,21.875263214111328,31.645032976074063,0.6912700400928832,119,0.1665013137200796,,,0.41,,
4ZIO,True,CH6,2.0,,215,False,645.5848545469776,94.0230503203317,31.765433807090748,29.20075712641616,0.3936461894302257,0.9176868829863728,46.52727576995764,161,mCherry143azF irradiated,,,,,,,,44.1587810769789,98.92913088591204,43.42124123763145,2.2783579664271345,114,0.1765840682244575,,,0.22,,
5YT1,True,NRQ,2.0,,226,False,695.5703719509982,98.377243821887,32.75444790526883,28.94821570302475,0.4678744312565719,0.9031536403794016,49.12385102604917,171,mNeptune684,,,,,,,,21.073621257199004,21.148695862811543,21.07265282426065,1.003608612507645,121,0.1739579557717623,,,0.03,,
6S68,True,PIA,2.06,,223,False,686.3102596480917,96.10225895646902,33.02023595959597,28.19766891658816,0.5203531592725545,0.9338199820523544,45.18675898095917,169,AausFP2,,,,,,,,36.96849556523948,28.92599992752076,37.05947402267974,0.7805291545643243,125,0.1821333693366237,,,,,
6U1A,True,NRQ,1.09,,219,False,660.9681539238826,96.51034228880268,30.685081796633177,30.342811644615704,0.1489434530630246,0.8917491159302189,48.55523017983801,210,FusionRed,,,,,,,,16.24965817271447,13.01260865252951,16.288095002329467,0.7989030424164699,256,0.3873106419427903,,,0.19,,
6WEM,True,NRQ,2.04,,224,False,721.7120937603244,99.9877442066002,33.988924457408416,29.641883310832903,0.4893202305735206,0.90715250855444,48.04728168316928,178,mCrimson 0.9,,,,,,,,36.42492391233859,47.41913057410199,36.28575673940488,1.3068249041808384,124,0.1718136651333149,,,,,
7DMX,True,CR8,2.1,,215,False,658.1606427879187,97.47110025019896,30.82560416744342,29.05732544325261,0.333822252221235,0.8705426150605111,45.73931486719354,158,PhoCl green form,,,,,,,,31.225827100022727,18.243200035095217,31.415631589276053,0.5807045445911919,137,0.2081558681778332,,,,,
7DNA,True,CR8,2.3,,213,False,685.6210998404513,97.8837252970366,33.09571581136223,28.84365139898247,0.4903560306185937,0.8992347043707682,46.11026068503483,169,PhoCl green+red form,,,,,,,,24.26207964424427,18.783728065490724,24.34189245862005,0.7716626017234315,138,0.2012773528004222,,,,,
7LQO,True,NRQ,2.1,,228,False,755.7933816431097,101.74720554235628,36.18536030821826,29.118927145595062,0.5936603912746803,0.9174195022338456,46.92695853605196,174,pnRFP,,,,,,,,38.41791730687238,38.26260881838592,38.41985866297846,0.9959070686341676,106,0.1402499711886255,,,,,
7LUG,True,NRQ,1.95,,223,False,713.7843014976272,99.19043967270233,34.20556994188158,29.74859727681762,0.4935800278882594,0.9116690798154006,47.44343754583629,170,pnRFP B30Y mutant,,,,,,,,34.358483392035964,35.88434783272121,34.3390939543919,1.044999844212013,103,0.1443012963214383,,,,,
7RHA,True,NRQ,1.8,,220,False,685.8164827341332,96.0337369100858,33.65929199212743,28.38059723875073,0.5376427637179078,0.9344802461444868,48.92642125665802,214,darkmRuby (pH 5.0),,,,,,,,22.12956408044875,34.49081080668682,21.881534726397337,1.5762519054514932,201,0.2930813199453542,,,,,
7RHB,True,NRQ,2.51,,219,False,675.5247225712307,96.84798410650755,33.426796643256075,29.54114547276972,0.4679472460084944,0.9050445160716688,49.956241797773366,186,darkmRuby (pH 8.0),,,,,,,,53.00209903878044,62.25347834048064,52.88078676743545,1.1772419085643595,126,0.1865216709174014,,,,,
7RHC,True,NRQ,2.8,,219,False,684.9983839459037,96.12649844461704,32.108822237179986,29.355949610734427,0.4051182610667611,0.9315650047193716,49.20134833176691,178,darkmRuby (pH 9.0),,,,,,,,49.79894593382972,73.25608676412831,49.49413562925522,1.4800962948997896,127,0.185401897254738,,,,,
8I4K,True,NRQ,1.84,,223,False,701.1720412027775,98.32647393886064,32.351754818887905,29.57621715692382,0.4052463843896696,0.9113674720026236,49.84471699314711,165,Azami Red1.0,,,,,,,,17.68724023306219,22.64391318611477,17.623763909053164,1.2848511420697597,145,0.2067966083634334,,,0.65,,
8PEI,True,5SQ,3.0,,215,False,656.8356562091494,95.47945254533354,31.61147268842078,27.95408307496915,0.4669157070704456,0.9054130377627744,48.76720020019254,159,SAASoti C21N/V127T,,,,,,,,62.75813835869605,50.33320007324219,62.93978950322023,0.7997039785248561,140,0.2131431183379929,,,,,
8WGP,True,CRQ,2.9,,217,False,675.3706227239694,95.80939965753542,33.3872011986628,28.192755488487183,0.5356847476591737,0.9245614726643386,46.827794591925255,160,DsRed-Monomer,,,,,,,,13.263777785966878,29.109583020210263,13.044078579946174,2.2316319885532603,94,0.1391828380406453,,,0.14,,
8ZBO,True,5SQ,2.0,,212,False,600.5491815285717,90.90266479573204,31.79722702059526,27.146780666858103,0.5206883997077797,0.91328266436688,46.537432197687686,157,moxSAASoti F97M,,,,,,,,25.484939261900337,17.8403999710083,25.597095061355912,0.6969697119241495,152,0.253101668731137,,,,,
9LD5,True,OFM,1.9,,230,False,921.3486892808502,115.7098494653926,47.53093115913033,27.64865394038514,0.8134047463860803,0.8647552935496794,49.13036035895348,237,LSSmOrange cryo pH 8.0,,,,,,,,27.10214545550863,25.883939454049777,27.123551631253115,0.9542975715696834,107,0.1161340991145467,,,0.45,,
9LD8,True,OFM,1.7,,231,False,924.9587737084177,116.56373076686567,46.63980553352109,29.07059242523372,0.7819827787538012,0.855471138392731,47.64698753592815,239,LSSmOrange RT pH 8.0,,,,,,,,35.5129899796529,27.15757572289669,35.65388352613883,0.7617003545486634,99,0.1070317973233351,,,0.45,,
9LD9,True,OFM,2.0,,226,False,753.9935509774209,102.34728845556296,36.733143054536114,29.653442958462986,0.5901868217405315,0.9045338273212802,45.17376055238082,180,LSSmOrange RT 250ps post-pump,,,,,,,,20.82357834145235,15.435151519197406,20.92069362552357,0.7377934878968966,107,0.1419110281000324,,,0.45,,
9S0T,True,CRO,2.05,,223,False,737.4821041796931,99.62222963611846,33.81600174743253,29.50145819410264,0.4887726693909758,0.9337891756442388,49.8495784891692,166,sfGFP p-(phenylazo)-L-Phe,,,,,,,,30.38325358922277,12.476818214763297,30.60506754093342,0.4076716445103707,97,0.131528615338936,,,0.7,,
